image_id,batch_index,y_true_Airspace_Opacity,prob_Airspace_Opacity,pred_Airspace_Opacity,y_true_Cardiomediastinal_Abnormality,prob_Cardiomediastinal_Abnormality,pred_Cardiomediastinal_Abnormality,y_true_Pleural_Abnormality,prob_Pleural_Abnormality,pred_Pleural_Abnormality,y_true_Focal_Lesion,prob_Focal_Lesion,pred_Focal_Lesion,y_true_Chronic_Parenchymal_Change,prob_Chronic_Parenchymal_Change,pred_Chronic_Parenchymal_Change
002a34c58c5b758217ed1f584ccbcfe9,0,0,0.3966004848480224,0,0,0.7955333590507507,1,0,0.32533660531044,0,0,0.3757945001125335,0,0,0.2619596421718597,0
004f33259ee4aef671c2b95d54e4be68,0,0,0.4552923142910003,0,0,0.0723984465003013,0,0,0.1019400581717491,0,0,0.4982689023017883,0,0,0.1705125868320465,0
008bdde2af2462e86fd373a445d0f4cd,0,0,0.699265718460083,1,0,0.3861427903175354,1,0,0.5763254165649414,1,0,0.3634263873100281,0,0,0.4224915206432342,0
009bc039326338823ca3aa84381f17f1,0,0,0.7303731441497803,1,0,0.1239042207598686,0,0,0.6717149019241333,1,0,0.7263007164001465,1,0,0.388681411743164,0
00a2145de1886cb9eb88869c85d74080,0,0,0.5940733551979065,1,1,0.6528642773628235,1,0,0.2779430747032165,0,0,0.1960275173187255,0,0,0.2940160930156708,0
00b7e6bfa4dc1fe9ddd0ce74743e38c2,0,0,0.5843812227249146,1,0,0.1954016983509063,0,0,0.5449644923210144,1,0,0.7849969863891602,1,0,0.758293092250824,0
011295e0bcdc7636569ab73bfdcc4450,0,0,0.2585836052894592,0,0,0.0569636523723602,0,0,0.1433498859405517,0,0,0.2282270938158035,0,0,0.5898785591125488,0
013c169f9dad6f1f6485da961b9f7bf2,0,0,0.3042752146720886,0,0,0.0007214665529318,0,0,0.421160489320755,0,0,0.5917858481407166,0,0,0.3807377517223358,0
01431a2618c0ace741e4e270a37e20b9,0,0,0.5392357707023621,1,1,0.7970569133758545,1,0,0.5606414079666138,1,0,0.329355388879776,0,0,0.3940742313861847,0
0168eb925aa6f28a78b16134792f5d0e,0,0,0.2908070385456085,0,0,0.0013655448565259,0,0,0.0791035294532775,0,0,0.2842825651168823,0,0,0.0572192296385765,0
016bc723c3ceedb78e27ebfe7032498e,0,0,0.5544570684432983,1,0,0.2699830830097198,0,0,0.4452774226665497,1,0,0.5900949239730835,0,0,0.2774389982223511,0
0171021638f9272a34a41feb84ed47a0,0,0,0.4892982840538025,0,0,0.0838521942496299,0,0,0.0729890093207359,0,0,0.0648520365357399,0,0,0.0111576672643423,0
019df578e38053e614d483f7fb347b26,0,0,0.3739762008190155,0,0,0.0383006185293197,0,0,0.1349847167730331,0,0,0.2691978812217712,0,0,0.218090072274208,0
01ded16689539deb30d0981fafd18465,0,0,0.3675717711448669,0,0,0.0031056290026754,0,0,0.433798223733902,1,1,0.6836552023887634,1,1,0.4959258735179901,0
01eb30a37b6f5fed8a8d3ab2d1c0a7d6,0,0,0.5416578650474548,1,1,0.8186783194541931,1,0,0.7812219262123108,1,0,0.3741051256656647,0,1,0.6078007817268372,0
01f8f17dba6c5e67ba5bcf30ce70ea3f,0,0,0.445194810628891,0,0,0.3015016615390777,0,0,0.274030476808548,0,0,0.4199513494968414,0,0,0.3283330202102661,0
02199417ff2a400cff64249f0399f0d7,1,0,0.6592103242874146,1,0,0.134948194026947,0,0,0.6661670207977295,1,0,0.6191409230232239,0,0,0.7747846245765686,0
022a62478444fedf2dea1ba91aafdc48,1,0,0.2699688374996185,0,0,0.1314990520477295,0,0,0.0865577831864357,0,0,0.1534412950277328,0,0,0.0211976747959852,0
02425334e92510da663eb913ad0632ea,1,0,0.3596190512180328,0,0,0.0297721978276968,0,0,0.2565062046051025,0,0,0.3522167503833771,0,0,0.5623965263366699,0
024e693014e70d448f650267bed661ae,1,0,0.5738202333450317,1,0,0.4641736149787903,1,0,0.5832619667053223,1,0,0.3004213869571686,0,0,0.241725668311119,0
0271d381c3e88527721efcfaf518be71,1,0,0.4861003756523132,0,1,0.2950703799724579,0,0,0.5190514326095581,1,0,0.5297892093658447,0,0,0.7986773252487183,0
0291515f5d14c34180a15712a55bf7bd,1,0,0.6335660219192505,1,0,0.2825210094451904,0,0,0.4110971391201019,0,0,0.2084851413965225,0,0,0.2209634780883789,0
02b0ad6e22487b7e3f08093c42444b0f,1,0,0.3589697778224945,0,0,0.0809240490198135,0,0,0.4957466125488281,1,1,0.9756562113761902,1,0,0.4713552594184875,0
02d04b6b6883fd92c12a3dde5d2ff6c0,1,0,0.3396267294883728,0,1,0.5213098526000977,1,0,0.204296201467514,0,0,0.2098500430583953,0,0,0.1738515496253967,0
034814210bf2105ecb3e7ed6876f43e9,1,0,0.3023104071617126,0,0,0.0032853540033102,0,0,0.0438022278249263,0,0,0.2442778199911117,0,0,0.0628969743847847,0
034b98d64dc012298afb3d33fe880193,1,0,0.568021833896637,1,0,0.032631080597639,0,0,0.7225316762924194,1,0,0.5598753690719604,0,0,0.3360326886177063,0
037503b94eb68a16587a78bce365e681,1,0,0.658183753490448,1,1,0.7042276263237,1,0,0.3984469175338745,0,0,0.661844789981842,0,0,0.5589337944984436,0
037dc0be7504c7d1c5ff967f4a0a491a,1,0,0.6896045804023743,1,0,0.2237286269664764,0,0,0.2068297415971756,0,0,0.1544311940670013,0,0,0.0466578975319862,0
0386d9b8234215dc50eb1f66eb206d85,1,0,0.2436175048351287,0,0,0.0070318472571671,0,0,0.2783341109752655,0,0,0.2673444449901581,0,0,0.3285725712776184,0
038f69f3cf0aaa00c9d7337be434f316,1,0,0.557101309299469,1,0,0.0209543425589799,0,0,0.3826229870319366,0,0,0.3571059107780456,0,0,0.2408944070339203,0
03a2e400656f58841beb7f62584ee3e9,1,0,0.3527657985687256,0,0,0.0811461955308914,0,0,0.122729867696762,0,0,0.1743000298738479,0,0,0.2236808538436889,0
03a395d9fc03a6f8c5a50e693c20ab15,1,0,0.5702598690986633,1,0,0.4178711473941803,1,0,0.3007484078407287,0,0,0.4091007709503174,0,0,0.540733814239502,0
03aca410943c7f131b16572f03ee2cf6,2,0,0.5099656581878662,1,0,0.4092050492763519,1,0,0.51803058385849,1,0,0.4254462122917175,0,0,0.5062332153320312,0
03b796fd180662c4e579a4b8894486a9,2,0,0.487916499376297,0,0,0.1331560611724853,0,0,0.4186705648899078,0,0,0.789718508720398,1,0,0.7421503663063049,0
03caacd475acb947a2f11d1a0d76a971,2,0,0.2790827453136444,0,0,0.0301919970661401,0,1,0.613850474357605,1,0,0.7005406022071838,1,0,0.786911129951477,0
03da4593b25a2e0095170197050cb551,2,0,0.5475745797157288,1,0,0.1904712319374084,0,0,0.2088113874197006,0,0,0.1134401783347129,0,0,0.0109112011268734,0
03ea976a276b66285825246525357949,2,0,0.3386807143688202,0,0,0.1901016384363174,0,0,0.2316881865262985,0,0,0.4348562359809875,0,0,0.5545890927314758,0
03f00327702f48c4b6726a0e1649a157,2,0,0.7250863313674927,1,1,0.4812693893909454,1,0,0.5570293068885803,1,1,0.638063907623291,0,0,0.5152280926704407,0
03f4ef7ff19190f220b13c0059ac506b,2,0,0.2021373361349105,0,0,0.0008041304536163,0,0,0.0221537351608276,0,0,0.1826863884925842,0,0,0.0243206098675727,0
03f9ce3f34a38cf5c6411acd8fd4c5ff,2,0,0.131827637553215,0,0,0.3400728106498718,0,0,0.1248719096183776,0,0,0.2166304737329483,0,0,0.2699035108089447,0
0403dda5a9bf46457517b604869d530d,2,0,0.5666167736053467,1,0,0.0093066580593585,0,0,0.1533369272947311,0,0,0.23109170794487,0,0,0.0930656343698501,0
041c40e3f03d9af32b594c5186575a61,2,0,0.4805242419242859,0,0,0.4349436163902282,1,0,0.2206130474805832,0,0,0.222526803612709,0,0,0.3915171027183532,0
043111cdad4d26204503d3396876046f,2,0,0.7490856647491455,1,0,0.097269520163536,0,0,0.4999557733535766,1,0,0.1794094294309616,0,0,0.1559986025094986,0
045a16fa7dd72c16b7b7d44ff10be428,2,0,0.5588957071304321,1,0,0.0334533341228961,0,0,0.3541924357414245,0,0,0.5306069850921631,0,0,0.5245829224586487,0
0461006c3061e71f2cf28da9565d7288,2,1,0.8262513875961304,1,0,0.3705948293209076,1,0,0.680091917514801,1,0,0.3972849547863006,0,0,0.1187449395656585,0
04669ec4821d2dde14eb2f9a3f47eb7e,2,0,0.412264347076416,0,0,0.1393834948539734,0,0,0.4642771482467651,1,0,0.4897162318229675,0,0,0.8458641171455383,0
047815a469503dfe21da4a12e2514a15,2,0,0.4095436036586761,0,0,0.4344882369041443,1,0,0.5537739992141724,1,0,0.322803795337677,0,0,0.5418528914451599,0
048ce999447fbb6a58ea17fac775288b,2,0,0.4425766766071319,0,0,0.2205592393875122,0,0,0.2576552033424377,0,0,0.7541435956954956,1,0,0.1234052032232284,0
0493431e2beef20230dfc2837e95fe7b,3,0,0.3666801452636719,0,0,0.2269122898578643,0,0,0.1110843792557716,0,0,0.1141423285007476,0,0,0.1625735461711883,0
0493df0059bd251e6dbb0dc71f5c5b45,3,0,0.6436441540718079,1,1,0.9761122465133668,1,0,0.733867883682251,1,0,0.6596624851226807,0,0,0.6710150837898254,0
04b68e83e611caf345b0a1dc9c65ec88,3,0,0.7607539892196655,1,0,0.7493675947189331,1,0,0.5323158502578735,1,0,0.2672458589076996,0,0,0.1032838821411132,0
04b700c4815f088728db9f093c739707,3,0,0.3955778479576111,0,0,0.2791608572006225,0,0,0.1457391381263733,0,0,0.1520496159791946,0,0,0.0764420479536056,0
04c6efbd31a676bb888a4f5bf53d03c1,3,0,0.2814778685569763,0,0,0.0601236820220947,0,0,0.1663943976163864,0,0,0.4673753380775451,0,0,0.3858909010887146,0
04cc236166c1ff638ff6200f2f2a397d,3,0,0.5919491648674011,1,0,0.1626804769039154,0,0,0.2818315625190735,0,0,0.3259991407394409,0,0,0.0660617351531982,0
04da0054eed9aa1c8b95ade5e6c16a00,3,0,0.3638701736927032,0,0,0.0468227453529834,0,0,0.2105863392353058,0,0,0.4083524942398071,0,0,0.2277620583772659,0
051b1b1edcbaa44059c7b3edbe70c3b8,3,1,0.6907088756561279,1,0,0.1292825788259506,0,1,0.9606011509895324,1,0,0.5869472026824951,0,0,0.5155642032623291,0
0538230ced64be2db111ff5d07624db1,3,0,0.3961498737335205,0,0,0.0335692018270492,0,0,0.1808024048805236,0,0,0.1547549962997436,0,0,0.0290673002600669,0
056815f22ac3de9b9eb6fb963d4cfa5a,3,0,0.3189765214920044,0,0,0.0214162655174732,0,0,0.2676551640033722,0,0,0.3696723282337188,0,0,0.2169660925865173,0
05711a72a0819422965daa93f30b6f75,3,0,0.2758907973766327,0,0,0.0041951141320168,0,0,0.112409695982933,0,1,0.7210353016853333,1,0,0.4598382115364074,0
057afd48abd153972bb91397b71b66b8,3,0,0.5425395369529724,1,0,0.0033600991591811,0,0,0.3309086263179779,0,1,0.9290785789489746,1,0,0.3804112374782562,0
05857909cbf214a6cbdef5306e18d48e,3,0,0.5901831984519958,1,0,0.2111742049455642,0,0,0.3339302241802215,0,0,0.4577881991863251,0,0,0.6889982223510742,0
059ad332961631d8d2f4ab468a7e42d3,3,0,0.4247538447380066,0,0,0.5321220755577087,1,0,0.2141871303319931,0,0,0.279662936925888,0,0,0.4033390581607818,0
05a548fd37b6e44ab97a48dabee57c21,3,0,0.408312976360321,0,0,0.0136387906968593,0,0,0.292581707239151,0,0,0.5606879591941833,0,0,0.7073202729225159,0
05a7460866e0d128b5db471431675483,3,0,0.3492130637168884,0,0,0.0348566696047782,0,0,0.125959426164627,0,0,0.1920588612556457,0,0,0.3965853452682495,0
05dbd765ff84cbb24759b0c135ba4447,4,0,0.2944523692131042,0,0,0.0014541002456098,0,0,0.0835789814591407,0,0,0.306171715259552,0,0,0.2631774544715881,0
05e951c63e80999f13e6e09e7ec8439a,4,0,0.4214887917041778,0,0,0.1137027442455291,0,0,0.4352214634418487,1,0,0.6534029841423035,0,0,0.7560535669326782,0
05fd4bbf127858eb83ae01cd454d3e2a,4,0,0.55038982629776,1,0,0.4981959760189056,1,0,0.4310367107391357,1,0,0.5421716570854187,0,0,0.5305972099304199,0
065473884bfa339d2e464e5394d56fd6,4,0,0.5002327561378479,1,0,0.7201696634292603,1,0,0.2140021324157714,0,0,0.2243718355894088,0,0,0.1332030594348907,0
069198879ff8140bab6c47c58242a0a4,4,0,0.3005347549915313,0,0,0.0253948271274566,0,0,0.0390782579779624,0,0,0.1538765281438827,0,0,0.0670372992753982,0
0713502741102f3e494fb39bbd9f9571,4,0,0.3478761613368988,0,0,0.1403211504220962,0,0,0.0568460635840892,0,0,0.1217638850212097,0,0,0.0241118185222148,0
071e3d1deecabb75178035e8dbad8b4d,4,0,0.2779540717601776,0,0,0.2143396586179733,0,0,0.1093177497386932,0,0,0.2739253044128418,0,0,0.149971604347229,0
07229c769cb2c284c1114c6fe7ed3dd6,4,0,0.4021654725074768,0,0,0.0327694825828075,0,0,0.2460477948188781,0,0,0.4093333780765533,0,0,0.5798258185386658,0
07304e029b89fc007bd64b7c9bb52979,4,0,0.4293065071105957,0,0,0.0119678396731615,0,0,0.293771743774414,0,0,0.4520529806613922,0,0,0.445330947637558,0
074e3cceb0c1677a1ad0dbff31167d7d,4,1,0.767072856426239,1,0,0.0164616499096155,0,1,0.9643848538398744,1,0,0.8535541296005249,1,0,0.1028258651494979,0
0764ce517782604a7b81bb6e17c798e9,4,0,0.5487290024757385,1,0,0.3622370064258575,1,0,0.287782222032547,0,0,0.2747541964054107,0,0,0.1862309277057647,0
0792bb20718b8006f78094ae449c3c96,4,0,0.6899006366729736,1,1,0.8808212876319885,1,0,0.6999448537826538,1,0,0.57630455493927,0,0,0.3522419929504394,0
0799063103aea263344a77adbde5b7ca,4,0,0.5423880815505981,1,0,0.2007835209369659,0,1,0.7676270008087158,1,0,0.3321738541126251,0,0,0.5578750967979431,0
079de341c7b3804c37114b8da3011b45,4,0,0.4211099445819855,0,0,0.126438558101654,0,0,0.1845064014196396,0,0,0.34005007147789,0,0,0.3007184267044067,0
07c1810b7cb0d7ef900ab2b0007784cf,4,0,0.3485859036445617,0,0,0.0179608669131994,0,0,0.2858764231204986,0,0,0.6858074069023132,1,0,0.6254215836524963,0
07cdcea9a6c3049d7a02ade9c680d4d7,4,1,0.4956190288066864,0,0,0.4741481840610504,1,0,0.3456761240959167,0,0,0.3566494286060333,0,0,0.5303164124488831,0
07dcda506753ae678e2cc937f1f8ddf2,5,0,0.2927731573581695,0,0,0.0038575802464038,0,0,0.2173459082841873,0,0,0.3873880505561828,0,0,0.5557061433792114,0
07ea0f8d7b7f1fb150c5afb04dc26c9a,5,0,0.4284083843231201,0,0,0.1124107465147972,0,0,0.307523101568222,0,0,0.3546642959117889,0,0,0.4942284822463989,0
07ee04ca7bb66d99ae283ded05f1af76,5,0,0.5223463773727417,1,0,0.6529269218444824,1,0,0.3144837021827698,0,0,0.1852837204933166,0,0,0.3322792947292328,0
07ee5d541dcbf1131f0b84aee73d7705,5,0,0.4569309949874878,0,0,0.6457610726356506,1,0,0.2160742729902267,0,0,0.3916460871696472,0,0,0.0493262633681297,0
07fecb6f57a3d452c4764b1013740141,5,0,0.8520124554634094,1,1,0.3737032413482666,1,0,0.862878680229187,1,0,0.7802417874336243,1,0,0.5055772066116333,0
080fd678b461536e6e1b5d9b17093cdb,5,0,0.4263702630996704,0,0,0.3469527959823608,0,0,0.2725540995597839,0,0,0.2947143018245697,0,0,0.4418948292732239,0
08504fa0ea409654d6328e51de2fb3b9,5,0,0.2669931352138519,0,0,0.0124198896810412,0,0,0.2026908993721008,0,0,0.6617425084114075,0,0,0.5605019927024841,0
08534e46be27043b31a2b648d7c62350,5,0,0.3880136013031006,0,0,0.0037063232157379,0,0,0.2772628366947174,0,0,0.4349894523620605,0,0,0.4313549399375915,0
08807797eff7d24d76e4817a3a38477e,5,0,0.6850889921188354,1,0,0.2270344495773315,0,0,0.562232494354248,1,1,0.4155553579330444,0,0,0.5222799777984619,0
08cad5510452011e9c519bbbc9741fda,5,0,0.4286392331123352,0,0,0.0927946269512176,0,0,0.2092243134975433,0,0,0.1673732995986938,0,0,0.093532495200634,0
08d6125cda5ffceb8f235c96179a7061,5,0,0.4033800661563873,0,0,0.3590626418590545,0,0,0.3186753988265991,0,0,0.3055842816829681,0,0,0.319038063287735,0
08e4edc0d35455c8e25a74b9ed3137b0,5,0,0.255380243062973,0,0,0.5955327749252319,1,0,0.1665756106376648,0,0,0.1712896078824997,0,0,0.089581161737442,0
08ee53ea1825d6e2feffc2a6488f2d7d,5,0,0.6045357584953308,1,0,0.0053808889351785,0,0,0.3581915497779846,0,1,0.9173907041549684,1,0,0.5736016631126404,0
090a90ca6e01ed9f613578c95c151a01,5,0,0.3450015485286712,0,0,0.8367068767547607,1,0,0.2910065650939941,0,0,0.1265324801206588,0,0,0.0218356400728225,0
0919cca5a55ea3b156f45b5cd14fe8d3,5,0,0.2383465617895126,0,0,0.0018383983988314,0,0,0.0584179274737834,0,0,0.2245033681392669,0,0,0.2361418604850769,0
09291f525b50263a1b90764715395311,5,0,0.6390113234519958,1,0,0.1140515208244323,0,0,0.3951582312583923,0,0,0.7806500792503357,1,0,0.3978011608123779,0
094d5c1af40f7f565d8d68cf28c06ba5,6,0,0.2966224551200866,0,0,0.051091581583023,0,0,0.1502161622047424,0,0,0.2728017270565033,0,0,0.5585339665412903,0
094eac6e63db15465c6283c090398aa8,6,0,0.2976440489292145,0,0,0.0040782210417091,0,0,0.1036303266882896,0,0,0.2653511166572571,0,0,0.3316599428653717,0
0956d88d67ce080413b1b3ac20ab8622,6,0,0.6285355687141418,1,0,0.0091178882867097,0,0,0.6185352802276611,1,0,0.5303656458854675,0,0,0.4355384409427643,0
095f8f367727ccd7fc0bf95380399b39,6,0,0.3903292119503021,0,0,0.0063547454774379,0,0,0.2768791019916534,0,1,0.9557855725288392,1,1,0.4362206161022186,0
099e4272e7aa6f18b8fa322e1277c6a9,6,0,0.335024893283844,0,0,0.3903490900993347,1,0,0.1776214092969894,0,0,0.2098878175020218,0,0,0.1202403455972671,0
09b017424bf8f0c76ba99e4f0dfc0019,6,0,0.5490325689315796,1,0,0.6722387671470642,1,0,0.3812799453735351,0,0,0.1692490875720977,0,0,0.2961097359657287,0
09defc0d2204d156a38f8391e491e7b2,6,0,0.4225783050060272,0,0,0.5999806523323059,1,0,0.4027559161186218,0,0,0.4595510363578796,0,0,0.3129569590091705,0
09f6d7dd9a59caf6c35604c0d0d2b74b,6,0,0.5114153027534485,1,0,0.2958845198154449,0,0,0.317690372467041,0,0,0.6316287517547607,0,0,0.8707559704780579,1
0a08191a658edb1327e7282045ec71cf,6,0,0.3433309495449066,0,0,0.0027593316044658,0,0,0.0300872903317213,0,0,0.1032071933150291,0,0,0.0253569837659597,0
0a1addecfc432a1b425d61fe57bc29d2,6,0,0.442642867565155,0,0,0.4686541855335235,1,0,0.3243531882762909,0,0,0.2806093692779541,0,0,0.4543318450450897,0
0a2e45455fe2c76ddbbb5f38ab35f6f2,6,0,0.4660214483737945,0,0,0.0575313903391361,0,0,0.1148254126310348,0,0,0.1734125018119812,0,0,0.0684587359428405,0
0a6fd1c1d71ff6f9e0f0afa746e223e4,6,1,0.6066201329231262,1,1,0.2609676122665405,0,1,0.8098440170288086,1,0,0.6064574718475342,0,0,0.1737351417541504,0
0a8dc3de200bc767169b73a6ab91e948,6,0,0.3430024981498718,0,0,0.442112922668457,1,0,0.1952464282512664,0,0,0.2681757807731628,0,0,0.1066638007760047,0
0aa034371e578904c6789c08e4118733,6,0,0.6346478462219238,1,1,0.8132480382919312,1,0,0.4332890212535858,1,0,0.3015388548374176,0,0,0.237141728401184,0
0aa43b52e98700f8696bf36c10a76cea,6,0,0.4047483205795288,0,0,0.0258517004549503,0,0,0.145260751247406,0,0,0.3751043081283569,0,0,0.662738561630249,0
0aed23e64ebdea798486056b4f174424,6,1,0.7533798813819885,1,0,0.0754192695021629,0,1,0.9764031171798706,1,0,0.8565237522125244,1,0,0.3027815520763397,0
0aee8c95a5c040407100c1b7dda552ef,7,0,0.3656541109085083,0,0,0.0247256867587566,0,0,0.1474305987358093,0,0,0.3040653467178345,0,0,0.3087722957134247,0
0af6decdf00b39d4cd1d35466bd3dff9,7,0,0.3957206308841705,0,0,0.0084418822079896,0,0,0.121774174273014,0,0,0.2398532181978225,0,0,0.1613343954086303,0
0af8628f5cbe0786db483a10934d1be5,7,0,0.3399119079113006,0,0,0.193067193031311,0,0,0.3433267474174499,0,0,0.5890960097312927,0,0,0.5107489228248596,0
0b11df4854ce5671a6abcac2c43b0590,7,0,0.3030619323253631,0,0,0.013197461143136,0,0,0.09299848228693,0,0,0.1611178368330001,0,0,0.0655449852347374,0
0b16787b884e51fec691c45ca92c884b,7,0,0.408042848110199,0,0,0.1116819828748703,0,0,0.3052980005741119,0,0,0.3940014541149139,0,0,0.3860705196857452,0
0b1f7b86b0ddb459fb779c6d473d96ad,7,0,0.5786203145980835,1,0,0.4211312532424927,1,1,0.8906256556510925,1,0,0.4407474100589752,0,0,0.4119221270084381,0
0b2105548746dc55aa03324d07e2a2ed,7,1,0.4837214350700378,0,0,0.0526775531470775,0,0,0.4244049787521362,0,0,0.7413588166236877,1,0,0.5330914258956909,0
0b2cc81ad04ca2e91f2a8626b645cad8,7,0,0.4519898593425751,0,0,0.074387289583683,0,0,0.32100310921669,0,0,0.6105194687843323,0,0,0.3681309223175049,0
0b3f7238925b27dfb99c7e53a6db52c7,7,0,0.550748348236084,1,0,0.0303008444607257,0,0,0.3320992887020111,0,0,0.8139477968215942,1,0,0.3845940828323364,0
0b4888cfca12e55c3020026d4a0c33a4,7,0,0.3033236265182495,0,0,0.092044711112976,0,0,0.0810601636767387,0,0,0.1297696232795715,0,0,0.0373556055128574,0
0b4e8de571c66cf889f2beb35182974b,7,0,0.3738212287425995,0,0,0.210171103477478,0,0,0.3590532541275024,0,0,0.4763016700744629,0,0,0.333120733499527,0
0b7b8344c7c39373cfddf21a7339f206,7,0,0.5104993581771851,1,0,0.1110544875264167,0,0,0.3091265857219696,0,0,0.4439422190189361,0,0,0.5853127837181091,0
0b877b934aada3284ac13cfa74b5419c,7,0,0.5885871052742004,1,0,0.8732299208641052,1,0,0.5286732316017151,1,0,0.3039449751377105,0,0,0.2098513543605804,0
0b8ec8f17db23936e86de9ca3f36d206,7,0,0.464039534330368,0,0,0.0117517542093992,0,0,0.1001479998230934,0,0,0.2397730052471161,0,0,0.1298538744449615,0
0b9f58b6f12a231738723f4d2dda0312,7,0,0.7932586073875427,1,0,0.6682275533676147,1,0,0.4388119280338287,1,0,0.3887276351451874,0,0,0.1691464334726333,0
0bfd35d7f2b63b1ef799fefb18605191,7,0,0.4643411040306091,0,1,0.4013334214687347,1,0,0.5254167318344116,1,0,0.4478353559970855,0,0,0.7878695130348206,0
0c0097d1ce174bc3bd6a0268b01ea90f,8,0,0.494532823562622,0,0,0.6117343902587891,1,0,0.1282140910625457,0,0,0.0714907199144363,0,0,0.026108855381608,0
0c03e73d43ad216fb293bdb7666439be,8,0,0.320518434047699,0,0,0.0013441042974591,0,0,0.152642548084259,0,0,0.4065055251121521,0,0,0.345562607049942,0
0c0b8e98262a662c362929aa60e6bed9,8,0,0.6429904699325562,1,0,0.1080558598041534,0,0,0.1322631686925888,0,0,0.0875023826956749,0,0,0.0174113102257251,0
0c15e19c74ef8ddd9bed0a4fc7f4b5a8,8,0,0.3239146769046783,0,0,0.0321115553379058,0,0,0.1694268435239792,0,0,0.2272195070981979,0,0,0.2410204261541366,0
0c187ebe652499a7e28fd93da2e42ebb,8,0,0.4119905531406402,0,0,0.5967212915420532,1,0,0.4297695755958557,0,0,0.3008399307727813,0,0,0.3136927485466003,0
0c26e997c79d2a3149cf1a62c9444554,8,0,0.6418411731719971,1,0,0.0276150107383728,0,0,0.2479295432567596,0,0,0.4322134554386139,0,0,0.1984031498432159,0
0c5bc5fdf756d1251e431c9281349376,8,0,0.3644025325775146,0,0,0.1239297166466713,0,0,0.1702706664800644,0,0,0.4364082515239715,0,0,0.2721761763095855,0
0c6036df3708fe77c1c76498240d6774,8,0,0.5888128280639648,1,0,0.4790075421333313,1,0,0.5427367687225342,1,0,0.5974120497703552,0,0,0.6323782205581665,0
0c6f7b76bcc012fc5a9af4470f735aba,8,0,0.330595314502716,0,0,0.0053327186033129,0,0,0.3329714238643646,0,0,0.43488410115242,0,0,0.3913537561893463,0
0c785dff51447d6e689e15dcfe10c8e2,8,1,0.5380514860153198,1,0,0.0919085964560508,0,0,0.4649647772312164,1,1,0.9468092918395996,1,0,0.4691369235515594,0
0c803c4810a8c5ec362f5d4504489431,8,0,0.412249743938446,0,0,0.0769793838262558,0,0,0.3764293789863586,0,0,0.4159112870693207,0,0,0.2710504829883575,0
0c84dad44979c3a7777a8f4f4d9f5f7a,8,0,0.6543352603912354,1,0,0.4038175344467163,1,0,0.5093624591827393,1,0,0.5575103759765625,0,0,0.7051985263824463,0
0c8cb29888d314a0a8cfd0f8278af74c,8,0,0.3372842967510223,0,0,0.0202481858432292,0,0,0.491862803697586,1,0,0.525829553604126,0,0,0.629010021686554,0
0c9ba9fe4ff5e339f3a71d1a58824392,8,0,0.1903557926416397,0,0,0.0513028800487518,0,0,0.0470328703522682,0,0,0.1365899592638015,0,0,0.0300032049417495,0
0cadc7fd92caf5c27d7ce718d089897d,8,0,0.4089203178882599,0,0,0.5064135789871216,1,0,0.4450568556785583,1,0,0.5788967609405518,0,0,0.5781446099281311,0
0cbb68610a123b21defa9410699b0bb5,8,0,0.6794362664222717,1,0,0.5155444741249084,1,0,0.535163164138794,1,1,0.525785505771637,0,0,0.7904486656188965,0
0cc3831c89471998bee7a1fa78d0aa19,9,0,0.2566850483417511,0,0,0.0011289437534287,0,0,0.1229821965098381,0,0,0.4203671514987945,0,0,0.4712626338005066,0
0cc5600e54fe599fefce87de375268e3,9,0,0.6322129964828491,1,0,0.0551868677139282,0,0,0.451549768447876,1,0,0.4124811589717865,0,0,0.7530220150947571,0
0ccde8751e5952ea6bb047378dcbabba,9,0,0.5137861967086792,1,0,0.1144413277506828,0,0,0.4832811653614044,1,1,0.9232805967330932,1,0,0.2270092666149139,0
0cd194f171015c0eb824a1bd057f440b,9,0,0.5540212392807007,1,0,0.6902210712432861,1,0,0.2391132414340973,0,1,0.344699501991272,0,0,0.0823274254798889,0
0ce1b656d171e2e760340f29f4a064e9,9,0,0.31198450922966,0,0,0.0049356217496097,0,1,0.4593080878257751,1,0,0.4677854180335998,0,0,0.8562123775482178,0
0ce3ae82d1f5c69f253432c5ec47c1be,9,0,0.6309299468994141,1,0,0.6332657933235168,1,0,0.3606380224227905,0,0,0.1365541070699691,0,0,0.0363264381885528,0
0d0561a5e6379aba13d71e50b6b70747,9,0,0.5665943622589111,1,0,0.0311506576836109,0,0,0.3712836802005768,0,1,0.8223549127578735,1,0,0.576287567615509,0
0d60b79ab9aee1e4687e17fdc56ead06,9,0,0.4609315693378448,0,0,0.2672903537750244,0,0,0.2521417140960693,0,0,0.2450590878725052,0,0,0.6156734228134155,0
0d61bab6add9d96f656dbc7ee9d56e23,9,0,0.4820053875446319,0,1,0.9410641193389891,1,0,0.5069726705551147,1,0,0.4167307019233703,0,0,0.3112082183361053,0
0d6d426159c634f71eb7fa9bf6f9e84a,9,0,0.6447884440422058,1,0,0.736222505569458,1,0,0.4890609383583069,1,0,0.527262806892395,0,0,0.1420355886220932,0
0d825340b08e816f7d8f28c7c7809a31,9,1,0.681883692741394,1,0,0.0632226318120956,0,1,0.7397631406784058,1,1,0.8346169590950012,1,0,0.635688841342926,0
0d8b5533f40cf4b0c3f2d86b1d61d6bc,9,0,0.7007476687431335,1,0,0.3617380857467651,1,0,0.630012035369873,1,0,0.1437311321496963,0,0,0.0204777102917432,0
0dc4847520090c7a38b61beb38d28963,9,0,0.2118772566318512,0,0,0.0694522261619567,0,0,0.0575060695409774,0,0,0.1430370211601257,0,0,0.0517555177211761,0
0dc797718326e05d1decd2996f748fc7,9,0,0.2773812711238861,0,0,0.0608370825648307,0,0,0.1179727464914321,0,0,0.1438037604093551,0,0,0.2189953178167343,0
0e033fc78ddfc67dbd8382a8b3198e5a,9,0,0.3832181990146637,0,0,0.0692174881696701,0,0,0.2143902778625488,0,0,0.3316454291343689,0,0,0.4065589606761932,0
0e109d0f36cc8d66a4cac6bf50de3069,9,0,0.189282014966011,0,0,0.000793706101831,0,1,0.0765461176633834,0,0,0.339359700679779,0,1,0.4058558940887451,0
0e2a6f637bc997be18ec30687bdc3762,10,0,0.7549160718917847,1,0,0.3213354349136352,0,0,0.5202273726463318,1,0,0.3331060707569122,0,0,0.2673738598823547,0
0e2bcdee2343352fe40df470e046ea01,10,0,0.2381373941898346,0,0,0.0290193073451519,0,0,0.1358364075422287,0,0,0.3753718435764313,0,0,0.2449512928724289,0
0e302ce9dc207afa54c8661ebdfc9051,10,0,0.4008852839469909,0,0,0.0393413752317428,0,0,0.2778224647045135,0,0,0.5132023096084595,0,0,0.6933062076568604,0
0e36597f559be16b6304f3771082c82a,10,0,0.2336951494216919,0,0,0.0042541911825537,0,0,0.1099275723099708,0,0,0.0796763896942138,0,0,0.0261613298207521,0
0e4736c7f5fab2998a3ef0e51fe48953,10,0,0.5689497590065002,1,0,0.0035781343467533,0,0,0.6759775876998901,1,0,0.7079252004623413,1,0,0.377880334854126,0
0e48bfb79ac12bbcce9b66cc9f14544c,10,0,0.3419752717018127,0,0,0.0550861321389675,0,1,0.3866004049777984,0,0,0.6274623274803162,0,0,0.8427734375,0
0e580dda54b8d1df7e3a888c41e69704,10,0,0.314128577709198,0,0,0.0068959770724177,0,0,0.0918338969349861,0,0,0.2300924211740493,0,0,0.0914788544178009,0
0e5f2fdf49cbfdbe2a7c0861d15a73ff,10,0,0.6496735215187073,1,1,0.2122333943843841,0,0,0.366039514541626,0,0,0.2174381762742996,0,0,0.6978609561920166,0
0e68445ef76f193664ea018630544d95,10,1,0.6632458567619324,1,0,0.5226258635520935,1,0,0.4745270311832428,1,0,0.2402546405792236,0,1,0.1469549536705017,0
0e6d7de1c4b73e5a5a12d6a5f20f9711,10,0,0.2286930829286575,0,0,0.1817613244056701,0,0,0.1560898274183273,0,0,0.3238063454627991,0,0,0.2092643976211547,0
0e7c94db444735ae4b8dfc72ae62ff3e,10,0,0.3649924695491791,0,0,0.0967792347073555,0,0,0.2397188991308212,0,0,0.5575577020645142,0,0,0.5133777856826782,0
0e8b4d8bb1a8719e9e8f4755f13e34c4,10,0,0.5683777332305908,1,1,0.6998156309127808,1,0,0.3497424721717834,0,0,0.6092798113822937,0,0,0.5028778910636902,0
0e8d4e702da9eefdbb2696a98006ec55,10,0,0.644981324672699,1,0,0.3678626716136932,1,0,0.353352427482605,0,0,0.3980793058872223,0,0,0.239496573805809,0
0ea56c754d072508fc28428b2f6a0a30,10,0,0.3895860314369201,0,0,0.0078827384859323,0,0,0.323213517665863,0,1,0.5848528146743774,0,0,0.2960693538188934,0
0eca5bbff12b841c18d231fc8cda0eeb,10,0,0.5717545747756958,1,0,0.8699567317962646,1,0,0.2485699653625488,0,0,0.3049773871898651,0,0,0.1127277538180351,0
0ecaae458f6ca4c8f4dd9975d62a6fa4,10,0,0.5563223361968994,1,1,0.7320502996444702,1,0,0.5188131332397461,1,0,0.6329753398895264,0,0,0.2196978330612182,0
0ecb6d6e449d5f71b183a6f7fe214c10,11,0,0.5779091715812683,1,0,0.0337885171175003,0,0,0.2984447479248047,0,0,0.6179470419883728,0,0,0.3267578780651092,0
0ed15ab15f2304a9a811d7fa6ce843de,11,0,0.6247071623802185,1,0,0.904137372970581,1,0,0.5730042457580566,1,0,0.3834204077720642,0,0,0.2148797512054443,0
0eddd00dffcdacb1c8ac0d0547c545a7,11,0,0.4298547506332397,0,0,0.0932264178991317,0,0,0.2889719903469085,0,0,0.4510999619960785,0,0,0.1833357661962509,0
0ef99f92d68d16b8912cc073731ffad1,11,0,0.5206512212753296,1,0,0.0567543990910053,0,0,0.2614795863628387,0,0,0.3920620679855346,0,0,0.2698251605033874,0
0f0e0e7e8ab91026bb659e58297b88d5,11,0,0.231049582362175,0,0,0.0198453497141599,0,0,0.099712997674942,0,0,0.1816181689500808,0,0,0.0666007697582244,0
0f4fd9b975fc4cc80c28b9539769f8e6,11,0,0.6097171306610107,1,0,0.0720749646425247,0,0,0.3842392265796661,0,0,0.3852432370185852,0,0,0.2098236382007599,0
0f62d0a08f8d384a1ab5b78e83554e29,11,0,0.6424788236618042,1,0,0.0837423950433731,0,0,0.3272368907928467,0,0,0.4255358278751373,0,1,0.4817301630973816,0
0f723c32aa819f9a24aed2fd407e3ff4,11,0,0.4536938071250915,0,0,0.4003850519657135,1,0,0.2254645973443985,0,0,0.4459425806999206,0,0,0.1526718586683273,0
0f8e45ea561be377320632bcb7348f72,11,0,0.5215556621551514,1,0,0.6129345893859863,1,0,0.3248208165168762,0,0,0.2959199845790863,0,0,0.3291220664978027,0
0fa816512a0a0342b0cf87fcaa672dab,11,0,0.4914445877075195,0,0,0.7144798636436462,1,0,0.3966363668441772,0,0,0.4424355328083038,0,0,0.6515191197395325,0
0fbf80807ef3fdece30d9356a171ae3d,11,0,0.238985002040863,0,0,0.2752874195575714,0,0,0.1021832972764968,0,0,0.1922725439071655,0,0,0.2497758418321609,0
0fe282f8066ff835e063ddaaa27e4af7,11,0,0.4350961744785309,0,0,0.1815367937088012,0,0,0.2307339310646057,0,0,0.4084024727344513,0,0,0.2705848217010498,0
100a27b68566d2e53cf8c3822e2c7e30,11,0,0.366447389125824,0,0,0.0019235636573284,0,0,0.3179625570774078,0,0,0.557070791721344,0,0,0.7510777115821838,0
100c6c7390eec8d9548306514d80fd53,11,0,0.3350437879562378,0,0,0.0008382149972021,0,0,0.3873427808284759,0,0,0.539548933506012,0,0,0.4614640474319458,0
1033a2e669d3f19f68e6c8a2b5085661,11,0,0.1903938800096511,0,0,0.0065683051943778,0,0,0.0553515553474426,0,0,0.1935449093580246,0,0,0.0863455384969711,0
10344d2fdc514205d230de6319408ecd,11,0,0.691218912601471,1,0,0.4112399518489837,1,0,0.7649067044258118,1,0,0.5977826714515686,0,0,0.3592945635318756,0
104a4ddb44890a3289f04dc395741ef6,12,0,0.3259911835193634,0,0,0.0011272587580606,0,0,0.1230441555380821,0,0,0.3391782939434051,0,0,0.4026267826557159,0
10cba931b86360874e0905f97737d1f4,12,0,0.3657637238502502,0,0,0.1084930300712585,0,0,0.1348668187856674,0,0,0.1377915292978286,0,0,0.1149257346987724,0
10d3204872c83731aeaee57e020b768a,12,0,0.3731931746006012,0,0,0.1393123567104339,0,0,0.2212823182344436,0,0,0.5046256184577942,0,0,0.2294112294912338,0
10fc9d37a7f2808a1c41da80d81a291f,12,0,0.2360637634992599,0,0,0.1603228002786636,0,0,0.0935533866286277,0,0,0.1958327293395996,0,0,0.0801600888371467,0
114f3a0eabc40429a50aba292a9147bd,12,0,0.6735147833824158,1,0,0.3330090939998626,0,0,0.6128771901130676,1,0,0.4181768596172333,0,0,0.2709393799304962,0
11548ab15b1e24e1daa31af618ef9468,12,0,0.2870702445507049,0,0,0.0754659175872802,0,0,0.0799654349684715,0,0,0.4550531506538391,0,0,0.3279663324356079,0
116bad01608f53b0e0a859461b3d5a76,12,0,0.8051264882087708,1,0,0.2805026471614837,0,0,0.4033236801624298,0,0,0.1473194509744644,0,0,0.0520739331841468,0
1179e8bc6d3b41207a2140674c5ef1d0,12,0,0.5940552949905396,1,1,0.8292427659034729,1,1,0.5779107213020325,1,0,0.3991604745388031,0,0,0.7308366894721985,0
119a7830be7eaba5f4feb67d1ee9011e,12,0,0.3914611041545868,0,0,0.0578989535570144,0,0,0.1030741706490516,0,0,0.1373697370290756,0,0,0.0384894199669361,0
11b8e52dde21c314c67ead9547b1002a,12,0,0.41196009516716,0,0,0.0262568313628435,0,0,0.1425531655550003,0,0,0.3903842568397522,0,0,0.4398282170295715,0
11c92d8711765e3f16b0be225d7d5c03,12,0,0.5032134056091309,1,0,0.0018453424563631,0,1,0.6584076881408691,1,0,0.549875795841217,0,1,0.7551645636558533,0
11ccd9217ba74bcc1021e91024591ba3,12,0,0.3895655274391174,0,0,0.0016648820601403,0,0,0.2850259244441986,0,0,0.7271436452865601,1,0,0.5958071351051331,0
1205221385629d1199a6ed82fff7c18f,12,0,0.5128515958786011,1,0,0.8426361680030823,1,0,0.2392368614673614,0,0,0.3426626026630401,0,0,0.7178499102592468,0
121e650bba0d2537b821fb20bcc0db86,12,0,0.3920971751213074,0,0,0.4457080960273742,1,0,0.2337012141942978,0,0,0.692446768283844,1,0,0.1767351478338241,0
12202997d3fc0d506d2514a4c1995d15,12,0,0.70578932762146,1,0,0.4920800030231476,1,1,0.951511025428772,1,0,0.6777154207229614,0,0,0.1441123932600021,0
12237409e14e5a96605c4fb7613c35a1,12,0,0.389701247215271,0,0,0.424307256937027,1,0,0.3003944158554077,0,0,0.4538237154483795,0,0,0.2245586663484573,0
122b52a4ec108c2ed3e934b4abfcaac0,13,0,0.4602612853050232,0,0,0.0842034518718719,0,0,0.1932514309883117,0,0,0.3919947147369385,0,0,0.2863676846027374,0
122d5a9f1b5bd22f6ddad0fd5e47c001,13,0,0.4579558372497558,0,0,0.0590410009026527,0,0,0.2286100536584854,0,0,0.385948121547699,0,0,0.0599642507731914,0
1264a14de4ec7c401eaf55b1440e2d20,13,0,0.4438557922840118,0,0,0.1184815019369125,0,0,0.312326580286026,0,0,0.3858356177806854,0,0,0.7334412336349487,0
127c6048347e41fd040ae79d76fdfb3e,13,0,0.4529785215854645,0,0,0.7555763125419617,1,0,0.3856085240840912,0,0,0.2514047026634216,0,0,0.1701249182224273,0
127e2784b91becce4ac297255904033e,13,0,0.1673216968774795,0,0,0.1247264519333839,0,0,0.1142120212316513,0,0,0.2683341205120086,0,0,0.2242220938205719,0
12cea68e4b795e545877708c16b8dbdd,13,0,0.3878110349178314,0,0,0.026022920385003,0,0,0.5499928593635559,1,0,0.3743083775043487,0,0,0.5917962789535522,0
12d5529941b5a673cb50f4e1e8c502de,13,0,0.425105482339859,0,0,0.0355710610747337,0,0,0.4010403454303741,0,0,0.3199470043182373,0,0,0.5938696265220642,0
12d598be7970fc60aa76bd7c21eef405,13,0,0.2179097235202789,0,0,0.2625232934951782,0,0,0.1563710868358612,0,0,0.2752720415592193,0,0,0.0607201755046844,0
12df63c7ee868a1677ba273c3c775476,13,0,0.5272560715675354,1,0,0.3285208940505981,0,0,0.1930941343307495,0,0,0.3598382472991943,0,0,0.2065197229385376,0
12e58d45f46e91b639072bd5a86bea3e,13,1,0.678485631942749,1,0,0.1853347867727279,0,1,0.3698843717575073,0,1,0.3295030891895294,0,1,0.5255540609359741,0
12ed43ece0b7bff835c1461a7f501cdb,13,0,0.4779623448848724,0,0,0.7606397867202759,1,0,0.4234713017940521,0,0,0.345673531293869,0,0,0.2003768384456634,0
1310d74e9fdeb707f12ef28daeb3c090,13,0,0.6778960824012756,1,1,0.4052371382713318,1,1,0.8282366991043091,1,0,0.6039354205131531,0,1,0.6317151784896851,0
134214ffc7f507842719617ecd5bfc52,13,0,0.312966912984848,0,1,0.3150831758975982,0,0,0.1615633815526962,0,0,0.6809577345848083,1,0,0.258242130279541,0
13775f4e51c24f0cd01ba11398e2caeb,13,0,0.3677261173725128,0,0,0.0007081884541548,0,0,0.0550073459744453,0,0,0.2121526151895523,0,0,0.0803081840276718,0
13789084b882efd4810ca26dbfff3858,13,0,0.5286524891853333,1,0,0.0086144814267754,0,1,0.3688454627990722,0,0,0.6241456866264343,0,1,0.5286126732826233,0
137ac53870d1ad70a105130b93774949,13,0,0.8193787336349487,1,0,0.0455320850014686,0,0,0.653512179851532,1,0,0.6211065649986267,0,0,0.2155116647481918,0
137f41dd06d51d9d230b6b65740097c2,14,0,0.4389656782150268,0,0,0.4501544237136841,1,0,0.1401902288198471,0,0,0.2555868029594421,0,0,0.130859375,0
13a6d3d468c044807b06e160c0723c33,14,0,0.465910941362381,0,0,0.1338748782873153,0,0,0.2281594276428222,0,0,0.2695208489894867,0,0,0.4688842296600342,0
13b9d029ff4c874e22f539c174ae96ff,14,0,0.7149543166160583,1,1,0.8599593043327332,1,0,0.5632043480873108,1,0,0.6810430288314819,1,0,0.4683347642421722,0
13db1898f2d711db4aaf0b2a9a4059cd,14,0,0.7782249450683594,1,0,0.3276355266571045,0,0,0.5107125639915466,1,0,0.3353798985481262,0,0,0.0704358220100402,0
1417df96cf0ef3878d5be9cbf5b03b0b,14,0,0.8285764455795288,1,1,0.9905781745910645,1,0,0.91560298204422,1,0,0.63033527135849,0,0,0.366241306066513,0
1426d221af945559896985caa24d02a9,14,0,0.326460987329483,0,0,0.3031970262527466,0,0,0.1861137002706527,0,0,0.2283186018466949,0,0,0.177906721830368,0
14ca70006ecaf4d16690279c2ef6b6d5,14,0,0.4036378562450409,0,0,0.0096769360825419,0,0,0.4175565838813782,0,0,0.4117398262023926,0,0,0.6856223344802856,0
14d7ac411bb2c8faf13ae0de31e4cf7a,14,0,0.3612568974494934,0,0,0.3580144345760345,0,0,0.2600140869617462,0,0,0.2464297264814376,0,0,0.4203850030899048,0
14d90cb65cec1138f6bcb97bd7892393,14,1,0.7069931626319885,1,0,0.0565240643918514,0,0,0.3102035224437713,0,1,0.7640224099159241,1,0,0.2612809538841247,0
14da9051525bd2504dd56938f92644ef,14,0,0.4012231230735779,0,0,0.0035156754311174,0,0,0.3334540724754333,0,0,0.4415522217750549,0,0,0.6406281590461731,0
150ae0840d191a04af860941593c5fc5,14,0,0.2493758648633957,0,0,0.0523059330880641,0,0,0.0554910525679588,0,0,0.1219030320644378,0,0,0.1414527744054794,0
154dca2bde84a7434044daf0e61c5b69,14,1,0.6185144782066345,1,0,0.1177516132593154,0,1,0.9367856383323668,1,1,0.8506563305854797,1,1,0.7138382792472839,0
158c6d4adf43b8fb9c3c51bd47180e9e,14,0,0.3190401792526245,0,0,0.0607165284454822,0,0,0.0912102833390235,0,0,0.1275080293416977,0,0,0.0480900146067142,0
15bb0fd575ecbe78c812dfb4eedd4b77,14,0,0.238056406378746,0,0,0.0014103517169132,0,0,0.0354504436254501,0,0,0.2084654867649078,0,0,0.0634107813239097,0
15ebe1d755c0b7598be716ef950308d4,14,0,0.3541539013385772,0,0,0.0629170462489128,0,0,0.30426886677742,0,0,0.8011791110038757,1,0,0.5013893842697144,0
15fb0d3878a7df2897e387cdd592577f,14,0,0.3328401744365692,0,0,0.0110327899456024,0,0,0.3652748167514801,0,0,0.3924649059772491,0,0,0.2667560875415802,0
15fd19174078e6e85ca8a6521a367ae6,15,1,0.5599201917648315,1,1,0.7870728373527527,1,0,0.3143135607242584,0,0,0.3359465897083282,0,0,0.1854429543018341,0
16351a9a4a8dcf423a92f1b87d181389,15,0,0.3271471858024597,0,0,0.0771790146827697,0,0,0.1467053890228271,0,0,0.2771666646003723,0,0,0.1026889234781265,0
163c884cba35d5d5ca50b7b8ea36a1fa,15,1,0.6964397430419922,1,1,0.6022009253501892,1,1,0.913589596748352,1,0,0.3475216925144195,0,0,0.1069687455892562,0
165f2b132c2942833ab8138d48c96800,15,0,0.3754236996173858,0,0,0.027250487357378,0,0,0.135054737329483,0,0,0.2699296772480011,0,0,0.5025489330291748,0
16606aa288e909f4defdba599487c365,15,0,0.4717164933681488,0,0,0.0042899046093225,0,0,0.1291852444410324,0,0,0.4195749759674072,0,0,0.3736377358436584,0
1663ffcf2520d42473b572deb56b2497,15,0,0.3560439050197601,0,0,0.0063529391773045,0,0,0.0451442934572696,0,0,0.1482258588075637,0,0,0.038133930414915,0
16d21d110cfc96417f66e1fef6c7b59c,15,0,0.3958121240139007,0,0,0.04992351308465,0,0,0.4292832612991333,0,1,0.9072272777557372,1,0,0.6911439895629883,0
16df71f433fedfbc6c67cc338137d7e4,15,0,0.4783094823360443,0,0,0.0954969450831413,0,0,0.7941715717315674,1,1,0.9060211777687072,1,0,0.7697823643684387,0
16e2409846b221679644329b0b682617,15,0,0.5891700387001038,1,1,0.3560414910316467,0,0,0.4646074473857879,1,0,0.4101659953594208,0,0,0.730761706829071,0
16eadc24e658018c787bf7dfc30ee144,15,1,0.2999846935272217,0,0,0.2140851318836212,0,0,0.1788194179534912,0,1,0.2688161432743072,0,0,0.3288549184799194,0
16f1811f5ce5fef3f8ef60b2fc675af5,15,0,0.6131117343902588,1,1,0.905775785446167,1,0,0.5799015164375305,1,0,0.304352343082428,0,0,0.3960561156272888,0
16f3b4f52a2cbf5357547ca83cab6caf,15,0,0.3160830438137054,0,0,0.0144224809482693,0,0,0.0523070618510246,0,0,0.208534225821495,0,0,0.0217384286224842,0
171388f8091a33de18fa9def04b01042,15,0,0.5309118032455444,1,0,0.019144419580698,0,0,0.3800348937511444,0,0,0.5223498940467834,0,0,0.858839750289917,0
171dff98d336340bca7e12645e0a5a41,15,0,0.496736615896225,0,0,0.0124189304187893,0,1,0.3758114874362945,0,0,0.3525819778442383,0,1,0.8270294070243835,0
17201bfb22f098b084c8b355cfc45c97,15,0,0.4282759130001068,0,0,0.4718026518821716,1,0,0.0823773071169853,0,0,0.1815522015094757,0,0,0.0274314973503351,0
173a25467a671ab8f44a8c1e9e02d5e1,15,1,0.6133357882499695,1,1,0.3091946840286255,0,0,0.8813444375991821,1,0,0.726689338684082,1,0,0.1290101706981659,0
173f8f59c15a521dc3ea16ee8783159c,16,0,0.2988797724246979,0,0,0.0540184155106544,0,0,0.2794626951217651,0,0,0.3916415870189667,0,0,0.3764270842075348,0
17520d7b23b5a393d697ecf139b736fc,16,0,0.2807539999485016,0,0,0.1104495525360107,0,0,0.126397356390953,0,0,0.2074351012706756,0,0,0.1009547859430313,0
17566869460d2082f1436ffc837f0c2a,16,0,0.580321192741394,1,0,0.1655404567718505,0,0,0.2554102540016174,0,0,0.5185220241546631,0,0,0.3773546814918518,0
1782aa7185480390105391366e207a8d,16,0,0.3228369951248169,0,0,0.0083992248401045,0,0,0.1844968199729919,0,0,0.2910657525062561,0,0,0.0529062300920486,0
1797ac887e393a0e25ebb44b3125f0c1,16,1,0.7300882935523987,1,0,0.054261740297079,0,0,0.4031804203987121,0,0,0.6373680233955383,0,0,0.2177781909704208,0
17cb989569ca6ef46e1066b0cec22304,16,1,0.5560812950134277,1,0,0.2997941970825195,0,1,0.7882044911384583,1,0,0.5184441208839417,0,0,0.840940535068512,0
17d06e7d3f142ebb8f50088b417df79a,16,0,0.3628930449485779,0,0,0.0179317146539688,0,0,0.1751170009374618,0,0,0.1255814582109451,0,0,0.0573276355862617,0
17d82f2fa525a8d3b7e868aad6e85d7d,16,0,0.4734492599964142,0,0,0.024073677137494,0,0,0.3695825040340423,0,0,0.7115012407302856,1,0,0.5526831150054932,0
17df698e956c640c7aad338afb841679,16,0,0.5574416518211365,1,0,0.7107356786727905,1,0,0.3878570795059204,0,0,0.2464444488286972,0,0,0.158070683479309,0
17e37e29b02ef0f01a1e9e5e0c0e9d6e,16,0,0.4530134797096252,0,0,0.0403561256825923,0,0,0.208817258477211,0,0,0.2718458771705627,0,0,0.4153235852718353,0
17ead023e20603e9df9f2a3f326b2344,16,0,0.6151757836341858,1,0,0.2885434031486511,0,0,0.3352612555027008,0,0,0.8478846549987793,1,1,0.3995142579078674,0
17eefd92847c5a56c84990047ab2d5ae,16,0,0.5296991467475891,1,0,0.2253449261188507,0,0,0.3713100850582123,0,0,0.4322793781757355,0,0,0.7927297949790955,0
186398ac83152a0870a3c329646e66ae,16,0,0.2651769816875458,0,1,0.6392219662666321,1,0,0.1559973955154419,0,0,0.1774724125862121,0,0,0.1753907352685928,0
1863dc75544ef9c4fed99adc7148d45b,16,0,0.4669093489646911,0,0,0.2885482013225555,0,0,0.2633522450923919,0,0,0.5206198692321777,0,0,0.1272185295820236,0
1870fb4ff8d9cd26be7ba8bc7959e4d7,16,0,0.3671466410160064,0,0,0.0007256437675096,0,0,0.2840230464935303,0,0,0.5127695202827454,0,0,0.4778803288936615,0
187b41878d6dfc41488d4f1f379bbdc1,16,0,0.3982815444469452,0,0,0.6764773726463318,1,0,0.2832874655723572,0,0,0.2795820236206054,0,0,0.2234218120574951,0
1887e016e569b354a55e3fb4313def83,17,0,0.4400727152824402,0,0,0.3101816475391388,0,0,0.2454846799373626,0,0,0.3378781974315643,0,0,0.1457184106111526,0
18beac8a923ed6b1e08cb5a631a73e76,17,0,0.7063722014427185,1,0,0.1055672019720077,0,0,0.4265603125095367,0,0,0.2650744915008545,0,0,0.2214694917201995,0
18c93180fe5e1c5658a5d7ad18d7c26f,17,0,0.2556164562702179,0,0,0.1259238719940185,0,0,0.1209937334060669,0,0,0.1519611328840255,0,0,0.0972351282835006,0
18d6003908775a049bc2c25e5c68c925,17,0,0.6471338272094727,1,0,0.3076311349868774,0,1,0.5738241076469421,1,0,0.7059485912322998,1,0,0.253894567489624,0
18e12fb03036d68da9f672073967c753,17,0,0.398919016122818,0,0,0.0043304306454956,0,0,0.3202746212482452,0,0,0.6269927024841309,0,0,0.6828234791755676,0
18f0e2093719a4b98c7e79d4f202b33f,17,0,0.3774732053279876,0,0,0.0983618050813674,0,0,0.2401565313339233,0,0,0.5618768334388733,0,1,0.5709670186042786,0
191b17a545a133660df08ad6b228c7ea,17,0,0.259263128042221,0,0,0.7145434021949768,1,0,0.2412459999322891,0,0,0.2681445181369781,0,0,0.183504968881607,0
19956c66c5528604e1043c766eeba90f,17,0,0.4304491281509399,0,0,0.1074495539069175,0,0,0.3185243606567383,0,0,0.3701519966125488,0,0,0.4445301592350006,0
19c44a83a0b26af42aefbcbf7b9f9380,17,1,0.6259886622428894,1,0,0.012337889522314,0,1,0.5684730410575867,1,0,0.7775328755378723,1,0,0.6488372683525085,0
19c904c92f411c3bccc89f0024587543,17,0,0.3853075206279754,0,0,0.2867957949638366,0,0,0.2810507714748382,0,0,0.4675079882144928,0,0,0.8063015937805176,0
19d24dee80c92094175c10817959c5fa,17,0,0.6022371053695679,1,0,0.2156284600496292,0,0,0.1572632044553756,0,0,0.1113847494125366,0,0,0.0168021973222494,0
19e0d6ab0dc61189088d0e149c5871ac,17,1,0.7444257140159607,1,0,0.0642324909567833,0,1,0.8751171827316284,1,0,0.8452916145324707,1,1,0.276176393032074,0
1a215224bd3e29b6e8e691893181bd21,17,0,0.323182076215744,0,1,0.1746501475572586,0,0,0.5865812301635742,1,0,0.4355113208293915,0,0,0.8553687334060669,0
1a43b8deb6025a95ea74603d897c95a5,17,0,0.3750735223293304,0,0,0.0113575104624032,0,0,0.0951073095202446,0,0,0.3110267221927643,0,0,0.0790344029664993,0
1a43f9283adf717d36e65e0951afc629,17,0,0.2048351615667343,0,0,0.0056468732655048,0,0,0.0392303429543972,0,0,0.1908983290195465,0,0,0.0811347514390945,0
1aa1da1bf045b4eea350b501b1548351,17,0,0.651085615158081,1,0,0.6280004978179932,1,0,0.3145143687725067,0,0,0.2567448616027832,0,0,0.2998775243759155,0
1aa44e88c12853c45ac703f24309ac3e,18,0,0.2768171727657318,0,0,0.0068694814108312,0,0,0.065398596227169,0,0,0.370313823223114,0,0,0.0354589000344276,0
1aa707b195e1f6efffd8c17ca926eeef,18,0,0.5665807127952576,1,1,0.9517160654067992,1,0,0.5746488571166992,1,0,0.380350261926651,0,0,0.4439446628093719,0
1aac6d9d0a45609aa2771e91e59451da,18,0,0.6348996758460999,1,0,0.0759495943784713,0,0,0.5955754518508911,1,0,0.4267599582672119,0,0,0.1179320141673088,0
1abf74c3876f61b3e19194846043e889,18,0,0.3163713812828064,0,0,0.0011779604246839,0,0,0.226570263504982,0,0,0.4207336604595184,0,0,0.4996507167816162,0
1ac0078bcb5550b9dc4f0dbfade6eb4d,18,0,0.5161383748054504,1,0,0.6351208686828613,1,0,0.3765631914138794,0,0,0.7556907534599304,1,0,0.4880456030368805,0
1b13d20e122a770f28228027f03a010c,18,0,0.3907762467861175,0,0,0.0806047841906547,0,0,0.2430676221847534,0,0,0.3655802607536316,0,0,0.4945323467254638,0
1b26be04540ce7c6b0618a57cb295d13,18,0,0.3085435032844543,0,0,0.0080097923055291,0,0,0.3321278393268585,0,0,0.2874571979045868,0,0,0.5803269743919373,0
1b2df8b1ebcd4cf26b828e96dd54304a,18,0,0.7574989199638367,1,0,0.81376713514328,1,0,0.7045574188232422,1,0,0.5932123064994812,0,0,0.1577897071838379,0
1b3810d022fb64d409d7d579f7739b14,18,0,0.3408654332160949,0,0,0.0227524805814027,0,0,0.0563589818775653,0,0,0.3653710782527923,0,0,0.0420749522745609,0
1b3e916aa92b328e17f24d1c892cb749,18,0,0.5017097592353821,1,0,0.0335742086172103,0,0,0.2443639636039734,0,0,0.3348692655563354,0,0,0.7033754587173462,0
1b4407d5e1e9ec1e602c75fc80b7b001,18,0,0.307114839553833,0,0,0.357901781797409,0,0,0.139893963932991,0,0,0.1835765987634658,0,0,0.3278593420982361,0
1b6a707131f787fe37d3ea40d2011d43,18,0,0.4820000231266022,0,0,0.7382205128669739,1,0,0.2888502180576324,0,0,0.2385285943746566,0,0,0.2309426665306091,0
1b78d27f9d6dbeb9296c6b610262c95e,18,0,0.32719686627388,0,0,0.0129533661529421,0,0,0.1454416364431381,0,0,0.219514325261116,0,0,0.1930060237646103,0
1bd17c03a70dbb1e8f4723d5aacb1e52,18,0,0.5265598893165588,1,0,0.2207748740911483,0,0,0.4283922910690307,0,0,0.2957518100738525,0,0,0.1886791884899139,0
1bffe6caf3de56fc4ffcf7ce4176e757,18,0,0.4670381546020508,0,0,0.0246739201247692,0,0,0.3917419910430908,0,0,0.6130893230438232,0,0,0.5283013582229614,0
1c04f08e163f0fdb38461013b2f6f9b9,18,0,0.7026382088661194,1,1,0.6113313436508179,1,0,0.5769457221031189,1,0,0.4493401944637298,0,0,0.2445271015167236,0
1c0edcab874f51772ec86ac6405a0a69,19,0,0.4568186402320862,0,0,0.215765967965126,0,0,0.3046002686023712,0,0,0.2789230644702911,0,1,0.3165082335472107,0
1c146ccd983da39b62f2e2d9857e8d2a,19,0,0.4765676856040954,0,0,0.0116561856120824,0,0,0.4702433347702026,1,0,0.4659299254417419,0,0,0.5104750394821167,0
1c23c0b48f19721b171febe638673eec,19,1,0.5290940999984741,1,0,0.0035234719980508,0,1,0.1763193607330322,0,0,0.3877977430820465,0,1,0.5563934445381165,0
1c2898a294e3a212280feeac16396e7c,19,0,0.3693458437919616,0,0,0.2554930448532104,0,0,0.0941919162869453,0,0,0.1899651139974594,0,0,0.0393639616668224,0
1c41827efd6e236f8b05c6524f1a43c3,19,0,0.4870704114437103,0,0,0.4326303899288177,1,0,0.3289765417575836,0,0,0.431500494480133,0,0,0.7860853672027588,0
1ca15cd9835324d8a30bd20544a9cab8,19,1,0.5971359610557556,1,0,0.1776427030563354,0,0,0.8066644072532654,1,0,0.8768952488899231,1,0,0.910746693611145,1
1ca5675a7a3042ccb0334a42d14d145f,19,0,0.3372083008289337,0,0,0.6672469973564148,1,0,0.1322553902864456,0,0,0.3238688707351684,0,0,0.0815043747425079,0
1cc1ed63475e99d32f1884762955effc,19,0,0.3989033997058868,0,0,0.0580876395106315,0,0,0.1492155343294143,0,0,0.4821214079856872,0,0,0.2418049722909927,0
1ccc9029a1f9a8cb57a4913a7c239acc,19,0,0.2224712520837783,0,0,0.0064826440066099,0,0,0.3074602484703064,0,0,0.426950454711914,0,0,0.4917457997798919,0
1cd859e3b7a6ea36735fa06b03fcbdd7,19,0,0.388706624507904,0,0,0.4825771749019623,1,0,0.4717916250228882,1,0,0.3989690244197845,0,0,0.445385992527008,0
1d12b94b7acbeadef7d7700b50aa90d4,19,0,0.4759093821048736,0,0,0.2169795036315918,0,0,0.3322324752807617,0,0,0.5013360381126404,0,0,0.2088539749383926,0
1d1fcf6654f7d727aafae5c5eba5fd7f,19,0,0.5882572531700134,1,0,0.0846238210797309,0,0,0.5924858450889587,1,0,0.7292767763137817,1,0,0.5441747307777405,0
1d6476853a2aaaf281c1be2e2584e383,19,1,0.6079966425895691,1,0,0.0220791678875684,0,0,0.29514941573143,0,1,0.4411969482898712,0,0,0.2849213182926178,0
1da78a23d8738003d24bdeb4a47c07ba,19,0,0.37124764919281,0,0,0.1765745878219604,0,0,0.1000325307250022,0,0,0.2799864709377289,0,0,0.0551879368722438,0
1db20acd44b0e120b91f137a46da1ff6,19,0,0.7273077368736267,1,0,0.2587482631206512,0,0,0.2883452177047729,0,0,0.1090388596057891,0,0,0.0205262601375579,0
1ddd49f2867bac4430aaad6d35445a61,19,0,0.2736484110355377,0,0,0.0465786270797252,0,0,0.1886200457811355,0,0,0.1893353462219238,0,0,0.1617158204317093,0
1deb5e6595022e9cad8cb8fb00863e8f,20,0,0.4299051761627197,0,0,0.6176419258117676,1,0,0.35425665974617,0,0,0.3092489540576935,0,0,0.3435468971729278,0
1deeb557e49b03764d434bad3c7bdd35,20,1,0.6365538835525513,1,0,0.2263843864202499,0,1,0.6140084266662598,1,0,0.4225924909114837,0,1,0.5373516082763672,0
1e2a07154cad985c88bf3668850c3587,20,0,0.4670266807079315,0,0,0.0135409235954284,0,0,0.2044784277677536,0,0,0.3533706068992615,0,0,0.1554007530212402,0
1e335e2b51bd598406b39b4f3974ea79,20,0,0.7293770909309387,1,0,0.018921073526144,0,0,0.4749701917171478,1,0,0.3187175989151001,0,0,0.082218661904335,0
1e3741152ae10349083bdf40ef01789e,20,0,0.2648355662822723,0,0,0.0007329247891902,0,0,0.1269280165433883,0,0,0.4369111657142639,0,0,0.4378766417503357,0
1e3fadece3c8d4259c2b5a7de61e12ef,20,0,0.3242391347885132,0,0,0.0617563426494598,0,0,0.1741002649068832,0,0,0.8336153030395508,1,0,0.1841922253370285,0
1e4029a54dd47b7223885e14cc0e020f,20,0,0.6386328935623169,1,1,0.8405857086181641,1,0,0.5375507473945618,1,1,0.3457536995410919,0,0,0.4750463962554931,0
1e41c551c741b13ef41f540a6428058b,20,0,0.4666957557201385,0,1,0.9232131242752076,1,0,0.3595334887504577,0,0,0.3365243971347809,0,0,0.1863392144441604,0
1e56d718a35fc14e4461717c9664c4c2,20,0,0.3683445453643799,0,0,0.1789935231208801,0,0,0.3259266018867492,0,0,0.54598468542099,0,0,0.6146606206893921,0
1e5df6a5f0edfdce728581219123811f,20,0,0.3543899953365326,0,0,0.1813807338476181,0,0,0.1760188490152359,0,0,0.3008572459220886,0,0,0.2104502171278,0
1e87b2befde0db02bf14e75e798e4269,20,0,0.5151069164276123,1,1,0.1422924548387527,0,1,0.7578043341636658,1,1,0.6622551083564758,0,0,0.5585973262786865,0
1eb469f4d7f3c627bd265a57dbbf91b4,20,0,0.562460720539093,1,1,0.9032307863235474,1,0,0.528536856174469,1,0,0.4727729856967926,0,0,0.4857068359851837,0
1ee597e9da780a7c2e68a78fdaae42fc,20,1,0.4331236779689789,0,0,0.0165752526372671,0,0,0.4866274297237396,1,0,0.305833101272583,0,0,0.394833505153656,0
1f2238036d246a568553191ed099c1e3,20,0,0.3242415189743042,0,0,0.0031564165838062,0,0,0.0194760803133249,0,0,0.0715729445219039,0,0,0.0109586408361792,0
1fad8a04142b39fb650138dc933334b3,20,0,0.3911959826946258,0,0,0.3853528797626495,1,0,0.2009678333997726,0,0,0.316167414188385,0,0,0.5468581914901733,0
1fae839a73abec3f3d7436fa2bce4630,20,0,0.5455143451690674,1,0,0.020769203081727,0,1,0.4937565624713897,1,0,0.58470219373703,0,1,0.4994671046733856,0
1fcc1cd57e0ce38aa0b72b3a6996015a,21,1,0.3900513052940368,0,0,0.00604048371315,0,0,0.4292769432067871,0,0,0.8871310949325562,1,1,0.6166319251060486,0
1fd9d5d1bb0ce0f60396950f07270c09,21,0,0.3230878114700317,0,0,0.0730090141296386,0,0,0.2684125602245331,0,0,0.2641245424747467,0,0,0.3977991938591003,0
1fffff933eea7cb619d35e5ae18920d5,21,0,0.3425275683403015,0,0,0.0536017827689647,0,0,0.3322288393974304,0,0,0.5013772249221802,0,0,0.2360908985137939,0
20085587273eae1d4ea461ee23b18fe3,21,0,0.3992243707180023,0,0,0.0008448170265182,0,0,0.1257689595222473,0,0,0.4698548316955566,0,0,0.1776327043771743,0
2021c6c746096cd28002e71ceb992c69,21,1,0.6131988167762756,1,0,0.0243210867047309,0,1,0.6529765129089355,1,1,0.6721305847167969,0,1,0.7534038424491882,0
202dc97c4b3ec7e50f4813456938500a,21,0,0.4045032858848572,0,1,0.7736223936080933,1,0,0.3469946384429931,0,0,0.3131456673145294,0,0,0.4778077602386474,0
203e51fe440b4468f4142d795d381cb4,21,0,0.4193187057971954,0,0,0.072394274175167,0,0,0.1253630220890045,0,0,0.2323523312807083,0,0,0.0947232171893119,0
204c690fdc9b400342f9b5a271523bfe,21,0,0.3538500368595123,0,0,0.1675259470939636,0,0,0.1392695307731628,0,0,0.277732104063034,0,0,0.4172983467578888,0
2051a04c05ac229fd9a1f16a4a493f64,21,0,0.5828403830528259,1,1,0.7413449883460999,1,0,0.4287423491477966,0,0,0.2217858433723449,0,0,0.2649559378623962,0
20614fb1b38f8b6d81830b92068b19e7,21,1,0.7524495124816895,1,0,0.0083901360630989,0,0,0.6568765640258789,1,0,0.8714664578437805,1,0,0.4755572974681854,0
206a3bdb39970f971f505da837a5bfd4,21,0,0.4497675895690918,0,0,0.1186265051364898,0,0,0.2387841045856475,0,0,0.4687862694263458,0,0,0.1711611300706863,0
20a92721508c6b74dac74143d3221152,21,0,0.4794914424419403,0,0,0.0439989604055881,0,0,0.4024864435195923,0,0,0.536854088306427,0,0,0.7107901573181152,0
20adb39b3684a4a5315c6c07c11f6a85,21,0,0.4892594814300537,0,0,0.5978657603263855,1,0,0.3808572590351105,0,0,0.2075926512479782,0,0,0.1111196130514144,0
20b35d7ea287071b586c37690162b556,21,0,0.5894253253936768,1,0,0.0908123552799224,0,0,0.3374410271644592,0,0,0.2585660219192505,0,0,0.2018952965736389,0
20b7a770145a276ab4f3ccd12e28aa45,21,0,0.3471005260944366,0,0,0.0950080305337905,0,0,0.0616863779723644,0,0,0.1706972122192382,0,0,0.0530875250697135,0
20c2fc9d1babf3f47d4bf2e2d4fa0d2c,21,0,0.2468933910131454,0,0,0.9274048805236816,1,0,0.2004172801971435,0,0,0.1454802304506302,0,0,0.1025041565299034,0
20d0c4e2d3473e9f1f2891f01d5edf63,22,0,0.4212982654571533,0,0,0.1515854299068451,0,0,0.2722992599010467,0,0,0.4462617933750152,0,0,0.3266279101371765,0
20d208807c641afba1698d8f35aa8713,22,1,0.7166697382926941,1,0,0.6174132227897644,1,0,0.284678190946579,0,0,0.1803810894489288,0,0,0.2325322926044464,0
2127bbf73b1d0f150ca12bfa5ca2b91d,22,1,0.4594227373600006,0,0,0.0855829715728759,0,1,0.6946190595626831,1,1,0.8139395713806152,1,0,0.1475894302129745,0
212dc39b6ba6941b034c2cd92cf97a8d,22,0,0.2205367386341095,0,0,0.0129424827173352,0,0,0.0465964004397392,0,0,0.1362225860357284,0,0,0.0472397841513156,0
2149d92bf6e0a54eefb4ad12a24decd9,22,0,0.2604246139526367,0,0,0.0226944517344236,0,0,0.1549665629863739,0,0,0.2214841842651367,0,0,0.4371125102043152,0
21764c704337db3cee5beb063a7f84f8,22,1,0.8029276728630066,1,1,0.459685206413269,1,1,0.7612324357032776,1,0,0.7762879729270935,1,0,0.4647115170955658,0
218e819ed8c0fe25c92ee7f1d5b993c7,22,0,0.4881123006343841,0,0,0.0898260399699211,0,1,0.8335811495780945,1,0,0.2713103592395782,0,0,0.7833542227745056,0
21a3312b6e4ab747c09c526b77cb0716,22,0,0.4083129465579986,0,0,0.0346165783703327,0,0,0.1807639747858047,0,0,0.1938305050134658,0,0,0.1870287507772445,0
21adda7cffdfc008f99e15f8608f389e,22,0,0.3980613052845001,0,0,0.1504847556352615,0,0,0.348936915397644,0,0,0.4559057950973511,0,0,0.2581372261047363,0
21e82a2a2a98836a5932f08ae4538bdd,22,0,0.2398033440113067,0,0,0.0021297116763889,0,0,0.0320584662258625,0,0,0.1242730244994163,0,0,0.0829685851931572,0
21ef0a13b87ffc2026f003dbb27f8b68,22,1,0.8261920809745789,1,0,0.7024016380310059,1,0,0.7711275219917297,1,0,0.7012431025505066,1,0,0.5032653212547302,0
21f45752082fdc5ce1cb3fb413b1b3de,22,0,0.5904776453971863,1,1,0.9841858744621276,1,0,0.595281720161438,1,0,0.2603199481964111,0,0,0.4024891853332519,0
2204fe4a8d1b984f7b6b9951e5f11c79,22,0,0.2915582954883575,0,0,0.004463542252779,0,0,0.167161226272583,0,0,0.1690486967563629,0,0,0.4364035725593567,0
2214888f670a14cfa4f4e7223e814b40,22,0,0.3386193215847015,0,0,0.0654705241322517,0,0,0.1328197121620178,0,0,0.3932163119316101,0,0,0.3042433261871338,0
2218a9269d253e672bbf6dbe8da48f8f,22,1,0.4770322442054748,0,0,0.0314701907336711,0,0,0.3583264350891113,0,1,0.8659934997558594,1,0,0.3345724940299988,0
2220f4ec338e6fa4f139d9b91aca9da3,22,1,0.6258099675178528,1,0,0.1551276594400406,0,0,0.4276044368743896,0,0,0.8966801762580872,1,0,0.2940009832382202,0
222d99d554686c4ab478f830fa25028e,23,0,0.3857357501983642,0,0,0.4361169636249542,1,0,0.356476753950119,0,0,0.3382222950458526,0,0,0.4059419333934784,0
22470824d6539f5aae6f5df896e49630,23,0,0.4525822699069977,0,0,0.033804852515459,0,0,0.1220895498991012,0,0,0.2882955074310303,0,0,0.1217281222343444,0
22477897ac65a32a47a81707bd7a3a25,23,0,0.7707551121711731,1,0,0.2575970590114593,0,0,0.5336870551109314,1,0,0.6236923933029175,0,0,0.4579945504665375,0
2249e2c552b44d15f36f05266a7d2b7c,23,0,0.3733782470226288,0,0,0.0229802224785089,0,0,0.0732262507081031,0,0,0.1532577723264694,0,0,0.0693273842334747,0
225590024026b2900f745a21e5f86e45,23,0,0.5018202662467957,1,0,0.7149162292480469,1,0,0.4169163107872009,0,0,0.8503034114837646,1,0,0.5324018597602844,0
225792d8531c9bee52c674cc975f689d,23,0,0.4034722149372101,0,0,0.3367171585559845,0,0,0.2982476055622101,0,1,0.4766989052295685,0,1,0.3681835532188415,0
225ee6b33560f3903d0427ea721e0690,23,0,0.3943321704864502,0,0,0.044519655406475,0,0,0.3595317602157593,0,0,0.3440751135349273,0,0,0.446009486913681,0
225fa92b59afa8d1e96a9b3a5291aaaf,23,0,0.4034888446331024,0,0,0.7331850528717041,1,0,0.4963711500167846,1,0,0.2431286126375198,0,0,0.4373072981834411,0
22e777d8cb8506360407e800070e6ed4,23,0,0.6857341527938843,1,0,0.2696560323238373,0,1,0.7647072076797485,1,0,0.7159714698791504,1,1,0.6535550355911255,0
230ced5935d8f83f1b9f52bb95059263,23,0,0.5973105430603027,1,0,0.1518159508705139,0,0,0.4373007714748382,1,0,0.5287051200866699,0,0,0.5321437120437622,0
230d775afe6d5f2f23515152d2a030d3,23,0,0.2495850026607513,0,0,0.0051076486706733,0,0,0.0416842624545097,0,0,0.2225584536790847,0,0,0.0308033972978591,0
232e100235a5357cf19c135892af7d83,23,0,0.546675443649292,1,0,0.1269404292106628,0,0,0.1892101615667343,0,0,0.182922750711441,0,0,0.0476370006799697,0
234c0ca0777f8614476112bc7412caa5,23,0,0.5039326548576355,1,0,0.0081447847187519,0,0,0.3976288139820099,0,0,0.4187671244144439,0,0,0.3686249256134033,0
235d5a43e07233fa0117ed8a185c06bf,23,0,0.4087307751178741,0,0,0.0521521270275116,0,0,0.1110537573695182,0,0,0.1978567540645599,0,0,0.0722423642873764,0
235fa5309a20f02f306297fee158a109,23,0,0.3262329399585724,0,0,0.164474606513977,0,0,0.4709875285625458,1,0,0.423056811094284,0,0,0.6990971565246582,0
2362bae8a9b107f454ce8bcb5dd80180,23,0,0.2277680039405822,0,0,0.0127907115966081,0,0,0.2317579835653305,0,0,0.5379713773727417,0,0,0.4347683191299438,0
24151df5b3919093e2c97bc6647260fb,24,0,0.5978186726570129,1,0,0.6936541199684143,1,0,0.5102947354316711,1,0,0.4545382559299469,0,0,0.4930060803890228,0
24263689acdde18b84fc1f464c908ccf,24,0,0.2625719308853149,0,0,0.1878210604190826,0,0,0.1462671905755996,0,0,0.1546193659305572,0,0,0.2857758700847626,0
242e05a5782d6682a43999a2e21096e6,24,0,0.5195400714874268,1,0,0.170871615409851,0,0,0.5279875993728638,1,0,0.3782529532909393,0,0,0.6619212031364441,0
24671577f584d6b49ad97e5d49321fa5,24,0,0.3817220628261566,0,0,0.5217186808586121,1,0,0.3236065804958343,0,0,0.4151857793331146,0,0,0.1298996061086654,0
247d4f43ebb5cef2dec03ec8afaff90a,24,0,0.7242509126663208,1,0,0.1500590443611145,0,0,0.507107138633728,1,0,0.3805946707725525,0,0,0.1385013312101364,0
24bc34d29332c13d3cf82c783d92d8ad,24,0,0.5965166091918945,1,0,0.4656601250171661,1,0,0.5850245356559753,1,0,0.5898348689079285,0,0,0.3116480112075805,0
24d7e092a75fbc3f8756a6785a4d97c6,24,0,0.3914571702480316,0,0,0.3026233911514282,0,0,0.2459985017776489,0,0,0.2655977010726928,0,0,0.2056901305913925,0
24dc9a75eac9086166bd3ea01ae2cd2c,24,0,0.3303048014640808,0,0,0.1472001522779464,0,0,0.2073495537042617,0,0,0.2127262502908706,0,0,0.0615491233766078,0
253feb1e5d47eb3543d0cd0b072df5e5,24,0,0.6181616187095642,1,0,0.0180047526955604,0,0,0.268370121717453,0,0,0.546485960483551,0,0,0.6032078266143799,0
2562f346ed3db617c6cf209d6fbfd384,24,0,0.4551418423652649,0,0,0.019722044467926,0,0,0.0722114220261573,0,0,0.1330569237470626,0,0,0.0484021045267581,0
2578863f0f367acbce6b260b31470ff1,24,0,0.3571781516075134,0,0,0.3108133375644684,0,0,0.4093905389308929,0,1,0.741531252861023,1,1,0.6511570811271667,0
25aec56a720623274a5d51c6faa764b4,24,0,0.4547309279441833,0,0,0.0029872609302401,0,0,0.1272020936012268,0,0,0.2732328772544861,0,0,0.1740000545978546,0
25d536e3c96e22c7c258d2ed859c304a,24,0,0.2701660990715027,0,0,0.1624811291694641,0,0,0.2742089629173279,0,0,0.2900791764259338,0,0,0.1515532284975052,0
25e40d94f13653fcd2b829c45cb18e3f,24,1,0.3589037358760834,0,0,0.0028977312613278,0,1,0.4928810000419616,1,0,0.5649883151054382,0,1,0.8607050776481628,0
25e8a01e7de94f8874d34b9afdd593c5,24,0,0.7021767497062683,1,0,0.6287781000137329,1,0,0.4648841321468353,1,0,0.5946598649024963,0,0,0.3060585856437683,0
25f51d768c59ed4ac52079177d45479f,24,0,0.3788070678710937,0,0,0.0086233839392662,0,0,0.0946932286024093,0,1,0.6318033337593079,0,0,0.1676133871078491,0
25f92d35866a758f4175812fe3f7f47c,25,0,0.4803751111030578,0,0,0.0390106029808521,0,1,0.1898204237222671,0,0,0.3978652358055115,0,1,0.222369447350502,0
261fb3e27745849bd6bf75c65166ccbf,25,0,0.2299839556217193,0,0,0.0004846998199354,0,0,0.1056873276829719,0,0,0.3143996000289917,0,0,0.0996617153286933,0
262f42441f1d7479e741f624becd54cb,25,0,0.709135890007019,1,0,0.0123513201251626,0,0,0.1356522142887115,0,0,0.3411126136779785,0,0,0.0325590819120407,0
2634fcd5139b26569a4d3ad23ee1beb9,25,0,0.5004040598869324,1,0,0.1628402918577194,0,0,0.4890782833099365,1,0,0.7147369980812073,1,1,0.5997422337532043,0
269af0bfa0e3246aa7b7330a3c510030,25,1,0.5766705870628357,1,1,0.8096413016319275,1,0,0.9036105275154114,1,0,0.645645260810852,0,1,0.6308335065841675,0
26a5285339df294ce288663b092c23c3,25,0,0.3769281804561615,0,0,0.2612594366073608,0,0,0.3598494231700897,0,0,0.3097773194313049,0,0,0.4278028309345245,0
26b335d3fb7b871bc7714c05421de9a5,25,0,0.2181031852960586,0,0,0.0106450105085968,0,0,0.0523823946714401,0,0,0.2202247679233551,0,0,0.129272848367691,0
26ca88b5b40079f5627ef686bcc945fe,25,0,0.6003323197364807,1,1,0.7427982091903687,1,0,0.5397222638130188,1,0,0.5205352902412415,0,0,0.7863355278968811,0
26ec05d5a77e04dac78841fcab729d17,25,0,0.5209182500839233,1,1,0.061274453997612,0,1,0.7916749119758606,1,0,0.7446916103363037,1,0,0.8804080486297607,1
26fa2f95e008965bec79eddf40220618,25,0,0.3256961703300476,0,0,0.5662496089935303,1,0,0.1431841254234314,0,0,0.1248278021812439,0,0,0.1428373754024505,0
271290de7e7e4fb8aa1c31327f48f4b5,25,0,0.4950461685657501,0,0,0.0813411548733711,0,0,0.4156613051891327,0,0,0.4829280078411102,0,0,0.449985921382904,0
2719b0f265ede38083eb9558a9b325dc,25,0,0.4989009201526642,0,0,0.3408404290676117,0,0,0.3718536794185638,0,0,0.205829381942749,0,0,0.3846703171730041,0
271a21b7999e4bf82fb94c8ed51c9e45,25,0,0.3014666438102722,0,0,0.3984514772891998,1,0,0.1866776496171951,0,0,0.2128958255052566,0,0,0.2914220988750458,0
2744fe0f36f0523d926dd8bcca9fb826,25,0,0.2946343719959259,0,0,0.0661268755793571,0,0,0.127270221710205,0,0,0.5763657689094543,0,0,0.1007650569081306,0
275f8dac86e5b584cf8382e195f3be75,25,0,0.3917880356311798,0,0,0.0034726636949926,0,0,0.0912597626447677,0,0,0.2266479730606079,0,0,0.0361591130495071,0
2764d6e99a99ac47b4a534511fad4db4,25,0,0.8165837526321411,1,1,0.8371793031692505,1,0,0.6552278399467468,1,0,0.6858794689178467,1,1,0.5203176736831665,0
27660605ca5cdffc3a99e9f2f167b1ff,26,0,0.4979882538318634,0,0,0.5916111469268799,1,0,0.3769723176956177,0,0,0.4271566271781921,0,0,0.2526523172855377,0
2790d36fa3cd4d3fa05229d1c693d499,26,0,0.4424871802330017,0,0,0.4680803418159485,1,1,0.2010102570056915,0,0,0.2722388505935669,0,0,0.1479746997356414,0
279ec29b29dbdf10c6311439ffaa6e03,26,0,0.3933292925357818,0,0,0.0125464275479316,0,0,0.2718895971775055,0,0,0.459085464477539,0,0,0.6599529981613159,0
27a6da23941b4f586a6812b2d26e61dd,26,0,0.7044041156768799,1,0,0.5415524244308472,1,0,0.493831604719162,1,0,0.3179092109203338,0,0,0.256381094455719,0
27ab751530d2e92cd18dd82d47ac22d8,26,0,0.3240300118923187,0,0,0.6361708045005798,1,0,0.2491400390863418,0,0,0.4635649919509887,0,0,0.3946902155876159,0
27c40d7cad10950490cdc81752b328d7,26,0,0.3947006165981293,0,0,0.007687734439969,0,0,0.2208820283412933,0,0,0.2887655794620514,0,0,0.1595908254384994,0
27d34a0e721626ef60aeb17cb39e8196,26,1,0.5516332387924194,1,0,0.0954098850488662,0,1,0.925497829914093,1,0,0.5841041207313538,0,0,0.996949017047882,1
27dd187f50de71108de3de2bfa52698c,26,0,0.4189540445804596,0,0,0.1914667189121246,0,0,0.3525835871696472,0,0,0.5784556865692139,0,0,0.7351723909378052,0
27f070654756a43ea9ebb71802e8bb2c,26,0,0.3484452664852142,0,0,0.001356273307465,0,0,0.2198385000228881,0,0,0.6441889405250549,0,0,0.2725301682949066,0
281079184d33bc81f9f6ced4771ae746,26,0,0.3704718649387359,0,0,0.5629920363426208,1,0,0.4187255203723907,0,0,0.6505223512649536,0,0,0.4821783900260925,0
28119d05971cf37e7709c53a5e45c3a8,26,0,0.4405649304389953,0,0,0.5828626751899719,1,0,0.2858233451843261,0,0,0.3767363429069519,0,0,0.1285895258188247,0
281b0e152c84843e22eba8f121592cea,26,0,0.3408351838588714,0,0,0.0327532030642032,0,0,0.0449651107192039,0,0,0.1260098069906234,0,0,0.0437026470899581,0
28290df9749ce386affc87de6b7c3a49,26,1,0.5117967128753662,1,0,0.0313838720321655,0,0,0.2275348603725433,0,0,0.4688508808612823,0,0,0.248830571770668,0
2829ec7e67ae926ce846f71c05b08440,26,0,0.5232754349708557,1,0,0.0344973094761371,0,0,0.2467014193534851,0,0,0.4244220852851867,0,0,0.6092402338981628,0
282dc34d270eccc44a61901afbd4791d,26,0,0.7229816317558289,1,0,0.2659487426280975,0,0,0.460599422454834,1,0,0.192849576473236,0,0,0.0271161776036024,0
28381c8323917ac88d571e1213a2d382,26,0,0.3117988109588623,0,0,0.0178766883909702,0,0,0.0727147683501243,0,0,0.1980966031551361,0,0,0.0080097811296582,0
285becd123b1dd66f5ce5e51bce073a4,27,1,0.3195880651473999,0,0,0.0009705533157102,0,1,0.3305822610855102,0,0,0.5240189433097839,0,0,0.2346998900175094,0
287422bed1d9d153387361889619abed,27,0,0.561564564704895,1,1,0.961073637008667,1,0,0.5868768095970154,1,0,0.7497976422309875,1,0,0.2350966036319732,0
28d11d6696649471d0af4e67f7126299,27,0,0.4876607656478882,0,0,0.0986390709877014,0,0,0.3639147579669952,0,0,0.7229053974151611,1,0,0.7747107148170471,0
28da626e8fb2241c3799343618b7b509,27,0,0.6543209552764893,1,0,0.0184739474207162,0,0,0.3003319501876831,0,0,0.1722403615713119,0,0,0.0767717435956001,0
28e90b2f52b47a0b0398cd6e47abaa0b,27,0,0.2761704623699188,0,0,0.0076242401264607,0,0,0.152499258518219,0,0,0.3722973763942718,0,0,0.501571536064148,0
28f7374deb70d29031f3c87afa518c68,27,0,0.5510885715484619,1,1,0.2426702082157135,0,0,0.684934139251709,1,0,0.3087033927440643,0,0,0.4643623232841491,0
2905c37bac1498f5d07b55ecd83bca43,27,0,0.4482740461826324,0,0,0.0336335152387619,0,0,0.5807201266288757,1,0,0.4517870843410492,0,0,0.5889522433280945,0
2936cdce12dc87bb180caac13060ac5f,27,0,0.5315685868263245,1,0,0.5468446612358093,1,0,0.3326376080513,0,0,0.2520395517349243,0,0,0.1910736709833145,0
293c5203bc1aa6aed90bed875b06dda8,27,0,0.416433572769165,0,0,0.3960057199001312,1,0,0.3259747624397278,0,0,0.3476406633853912,0,0,0.4079886376857757,0
293df7b3db7c3d58656e9169abffce81,27,1,0.7389959692955017,1,0,0.1581024378538131,0,0,0.3066936135292053,0,0,0.9507848024368286,1,0,0.3289205133914947,0
294caa9ce5e9775c2ef2e3a256927584,27,0,0.6264234185218811,1,1,0.9649872183799744,1,0,0.8360726833343506,1,0,0.3363644778728485,0,0,0.6097060441970825,0
2974f5f19670bae016a24ad38bf9106e,27,0,0.568493127822876,1,0,0.0094814263284206,0,0,0.3071590662002563,0,0,0.5609717965126038,0,0,0.3893731534481048,0
2979cd224774fef9c95a43c4f1e8e721,27,0,0.6376632452011108,1,0,0.2733014523983001,0,0,0.3003371953964233,0,0,0.1456791907548904,0,0,0.0448841452598571,0
2988971976e06066ddc6934ec6f29aa3,27,0,0.3148725926876068,0,0,0.0431091226637363,0,0,0.1487208306789398,0,0,0.5481411218643188,0,1,0.79912930727005,0
298ba40fdf4ed6ad85ffd10748e805df,27,0,0.26201331615448,0,0,0.0196341890841722,0,0,0.1195232346653938,0,0,0.1166015937924385,0,0,0.0770018994808197,0
299a26bc4cc1680b6d22047a5a7aca2a,27,0,0.2208491861820221,0,0,0.080354630947113,0,0,0.045022577047348,0,0,0.1386154443025589,0,0,0.0317432731389999,0
29a257cdeae837a1a080c969b40150a3,28,1,0.5410589575767517,1,0,0.4025414586067199,1,0,0.2760543525218963,0,0,0.8274109363555908,1,0,0.3940198123455047,0
29b9c96e5b2af75325cad69a8ddab7c7,28,1,0.7005619406700134,1,0,0.0860636308789253,0,1,0.947354793548584,1,0,0.8857764005661011,1,0,0.6044826507568359,0
29c02ba2cb51e8cedbe8165049d37fa5,28,0,0.3841865062713623,0,0,0.0707728415727615,0,0,0.1994833052158355,0,0,0.4767590463161468,0,0,0.257299929857254,0
29d1fbd56a7ba8971054fa9d370e87da,28,0,0.3257361352443695,0,0,0.0259793028235435,0,0,0.1831315010786056,0,0,0.254702627658844,0,0,0.4221152663230896,0
29d5ed367182f9edefd323fc97f0edd6,28,0,0.2661471664905548,0,0,0.2241211682558059,0,0,0.1024688482284545,0,0,0.164040669798851,0,0,0.0421422719955444,0
29fc11e345d3a084f33fda5c43686076,28,0,0.6543968319892883,1,1,0.8733949065208435,1,0,0.7899459004402161,1,0,0.2433062046766281,0,0,0.3960948288440704,0
2a0554b42dbf31adb9cd5b4d0b865b84,28,0,0.3589820861816406,0,0,0.0459992699325084,0,0,0.0558337233960628,0,0,0.1555193066596985,0,0,0.032085184007883,0
2a1bf9e93ae38f5c230e5deed9db4182,28,0,0.4918407201766968,0,0,0.0725403577089309,0,0,0.2945004403591156,0,0,0.2643032968044281,0,0,0.5761159658432007,0
2a3e22dea097a54f357d2634ca9837a1,28,0,0.5431001782417297,1,0,0.6837052702903748,1,0,0.4448359608650207,1,0,0.1765997260808944,0,0,0.5137568116188049,0
2a48953e401d5a9375966491758310a0,28,0,0.4580479562282562,0,0,0.4633810818195343,1,0,0.3788875341415405,0,0,0.4292646050453186,0,0,0.2974603176116943,0
2a59884092b4774790654f357628cd77,28,0,0.3602664470672607,0,0,0.8963558673858643,1,0,0.2892301678657532,0,0,0.2834208905696869,0,0,0.0744894370436668,0
2a7079dd9e08df7d5ec7db974003d97a,28,0,0.5096642374992371,1,0,0.0056958985514938,0,0,0.2055284678936004,0,0,0.3717013597488403,0,0,0.3069486618041992,0
2a7272f9551b1b6248aba470735154aa,28,1,0.6935483813285828,1,0,0.0229021031409502,0,1,0.5256162285804749,1,0,0.8241720795631409,1,0,0.7499076724052429,0
2a7a59327e473f50b0fa174fe0ba6d30,28,0,0.2598950862884521,0,0,0.0009938178118318,0,0,0.1249838173389434,0,0,0.3200236856937408,0,0,0.2775064706802368,0
2a80feb480fa5f90a50fdd5e2e89833c,28,0,0.4144729673862457,0,0,0.0145174348726868,0,1,0.432571142911911,1,0,0.7160886526107788,1,0,0.6393986940383911,0
2a974dff02147c8c34b2e5f9f90c312f,28,0,0.4481602609157562,0,0,0.031483594328165,0,0,0.0902022123336792,0,0,0.2527611255645752,0,0,0.0678634420037269,0
2aa1314e73226a5551d4e27f4925c967,29,1,0.8774232268333435,1,0,0.6427789926528931,1,0,0.6300392150878906,1,0,0.1860860288143158,0,1,0.1261048465967178,0
2aa621807bfa78b2fc36c1ca34962f1c,29,0,0.4612529277801513,0,0,0.5183425545692444,1,0,0.2939739823341369,0,0,0.3704634010791778,0,0,0.3799937963485718,0
2ab2b7040d46ac3babebb3eca1d92b0f,29,0,0.3270942568778991,0,0,0.0016862472984939,0,0,0.1057051941752433,0,0,0.3788717985153198,0,0,0.2562490403652191,0
2af8fdf7c60bd75e480f5d992841a301,29,0,0.2784873843193054,0,0,0.3501807451248169,0,0,0.0607344545423984,0,0,0.200729951262474,0,0,0.078549288213253,0
2b004c4cb35e703a7b28d5f3d80ac310,29,0,0.3339340090751648,0,0,0.0099619273096323,0,0,0.0835578739643096,0,0,0.310374915599823,0,0,0.1215603575110435,0
2b096376f5a0f62d10847e5d6f540a41,29,0,0.4683870673179626,0,0,0.0977993234992027,0,0,0.3936850428581238,0,0,0.5620124340057373,0,0,0.8478450775146484,0
2b2810284313c5547241b38668f67b2c,29,0,0.6338410973548889,1,0,0.1156937927007675,0,0,0.400426834821701,0,0,0.3411979377269745,0,0,0.6617279648780823,0
2b363efe261baca45b7b1033e1a6b7f1,29,0,0.7562492489814758,1,1,0.2716356217861175,0,1,0.967854380607605,1,0,0.5074599385261536,0,0,0.1789440661668777,0
2b526a754c5cae80c2c45bc85ce95bb6,29,0,0.2417166531085968,0,0,0.0019168460275977,0,0,0.0719189941883087,0,0,0.4622809886932373,0,0,0.111904352903366,0
2b7ee30a6af65e9d2915764004122b36,29,0,0.1313618868589401,0,0,0.004660424310714,0,0,0.0861209779977798,0,0,0.5336058735847473,0,0,0.2362383604049682,0
2ba3fde405e8f849abba2c8e87857626,29,1,0.8695897459983826,1,1,0.8034360408782959,1,1,0.953661322593689,1,0,0.6473168730735779,0,0,0.2753392159938812,0
2ba6db6ed664e2aacd6e274edb609ec1,29,0,0.5247363448143005,1,0,0.094119057059288,0,0,0.2650220692157745,0,0,0.3285820484161377,0,0,0.3072975575923919,0
2bc8d5ac6ce8651f95b07a2753dcb04b,29,0,0.3374426960945129,0,0,0.0607208497822284,0,0,0.0909040048718452,0,0,0.2417431771755218,0,0,0.0290146563202142,0
2bcbfb940309bc9a3d7cce3378cc877c,29,0,0.4782988429069519,0,1,0.978445529937744,1,0,0.5981314182281494,1,0,0.292362779378891,0,0,0.2317045629024505,0
2bcf36484564a6ba7a1bda9c7ae96087,29,0,0.4672271907329559,0,0,0.0306107886135578,0,0,0.5579394698143005,1,0,0.5044068098068237,0,0,0.875288188457489,1
2c46afc6145ab7743ca9828389a4d892,29,0,0.3960007727146148,0,0,0.4576147794723511,1,0,0.2449348419904709,0,0,0.5625006556510925,0,0,0.6001003384590149,0
2c779143ede5ab9248e40bd83d6b72bf,30,0,0.5715257525444031,1,0,0.0233890824019908,0,0,0.255888283252716,0,0,0.1390569508075714,0,0,0.0777059197425842,0
2c833f17b079546235157db9e70304ef,30,0,0.4821614921092987,0,0,0.8628902435302734,1,0,0.3552895486354828,0,0,0.3590058982372284,0,0,0.2571083009243011,0
2cad63ccbc654b82534ba31070301835,30,0,0.7568749189376831,1,0,0.5095376372337341,1,0,0.6049051284790039,1,0,0.4120684564113617,0,0,0.5932487845420837,0
2cbbb0c958dbc2f4d15171d1fc11ba2a,30,0,0.3620193302631378,0,0,0.0197796169668436,0,0,0.3284376263618469,0,0,0.3311311602592468,0,0,0.6300380825996399,0
2ce93e10c745a4e18901ae37073bc29e,30,0,0.2070827186107635,0,0,0.0028890452813357,0,0,0.0221692230552434,0,0,0.0558543130755424,0,0,0.0044701239094138,0
2ce9d73f2f2b9809f54f5ced22abb25e,30,0,0.3556168675422668,0,0,0.0032587815076112,0,0,0.2676122486591339,0,0,0.3294537365436554,0,0,0.6568066477775574,0
2d106d30e4ddce3aca77d00715c8a655,30,0,0.2652311325073242,0,0,0.0181227214634418,0,0,0.1456136107444763,0,0,0.369943231344223,0,0,0.3683173954486847,0
2d2bf2587e5341d8e4ae9c24150efdd9,30,0,0.6373550295829773,1,0,0.3098672926425934,0,0,0.3610349595546722,0,1,0.7790170907974243,1,0,0.7567042708396912,0
2d4a0f76c837262f10a610d8b9c69e5f,30,0,0.50676429271698,1,0,0.1002350524067878,0,0,0.1756568104028701,0,0,0.3530220687389374,0,0,0.0370614007115364,0
2d746a6e9c35faa63f915f17405a7620,30,0,0.4968419671058655,0,0,0.3641166388988495,1,0,0.5040240287780762,1,0,0.6560745239257812,0,0,0.8273594379425049,0
2d94fa68576a921838bdfec98d9a3767,30,0,0.3515994846820831,0,0,0.038460150361061,0,0,0.3864815235137939,0,0,0.6627886295318604,0,0,0.2826485931873321,0
2da8f014c4422d4cd59c05ff4518ae1b,30,0,0.5998221039772034,1,0,0.2824073731899261,0,0,0.3704366683959961,0,1,0.3357136249542236,0,0,0.2476326674222946,0
2df0a695053bb26243095e62b3c2cf2c,30,0,0.6191601753234863,1,0,0.1068564355373382,0,0,0.6866236329078674,1,0,0.3686223030090332,0,0,0.1155110970139503,0
2df2669e9b045feb28e5bf4b585f8d2c,30,0,0.4733392894268036,0,0,0.5879928469657898,1,0,0.4226436018943786,0,0,0.4260822236537933,0,0,0.3908478915691376,0
2e2f4e832dc3bd12ddd8d405cbf7fdf5,30,0,0.495248019695282,0,0,0.3009506165981293,0,0,0.5352648496627808,1,0,0.3819284737110138,0,0,0.6122375726699829,0
2e585169bb0b0f7f6e4875b517f87259,30,1,0.5060636401176453,1,0,0.6131896376609802,1,1,0.4977343082427978,1,0,0.8978838920593262,1,0,0.5670548677444458,0
2e65079841bd4b68a51facf322a72cb2,31,0,0.1540258973836898,0,0,0.0037253492046147,0,0,0.0359208174049854,0,0,0.337609052658081,0,0,0.0843149498105049,0
2e7031642f0d951eda8e991c77c611c2,31,0,0.2460217028856277,0,0,0.0024929803330451,0,0,0.1490658968687057,0,0,0.3569336235523224,0,0,0.4877926409244537,0
2e72c2566be0f82a09336a05d58499af,31,0,0.417405903339386,0,0,0.0193397086113691,0,0,0.5456153750419617,1,0,0.4523190557956695,0,0,0.3688078820705414,0
2e73e92e0c1d60ebb2d9a342dd73c277,31,0,0.7637616395950317,1,0,0.2841094136238098,0,0,0.2509931921958923,0,0,0.6959788203239441,1,0,0.035654354840517,0
2eae70b57d68947a20d6d0cc8f9f2e58,31,1,0.6081863045692444,1,0,0.0249709822237491,0,0,0.6409940123558044,1,1,0.7423516511917114,1,0,0.8040875792503357,0
2ed178b03fe6156fa3f4985d16620094,31,0,0.3301007151603699,0,0,0.019847659394145,0,0,0.3631727993488312,0,0,0.3832351863384247,0,0,0.6125039458274841,0
2edfac59a792f8bf27a0d5beead24c27,31,0,0.3364413678646087,0,0,0.4494607746601105,1,0,0.2107918411493301,0,0,0.3277093172073364,0,0,0.2855580151081085,0
2f2f368d580b179c65b6ad42f4d529f8,31,0,0.6517649292945862,1,0,0.7588229179382324,1,0,0.757392942905426,1,0,0.3626070618629455,0,0,0.719660758972168,0
2f3821fa3729d0814a5dc4890261fa51,31,0,0.4611126184463501,0,1,0.6624310612678528,1,0,0.3824562728404999,0,0,0.6808568239212036,1,0,0.3952163755893707,0
2f49fa57375e32c9d69f8205bd5b0a96,31,0,0.3326597809791565,0,0,0.0279945246875286,0,0,0.0909442752599716,0,0,0.3433430790901184,0,0,0.4639554619789123,0
2f629036ede0886b8a4eef89f6526fc6,31,0,0.336155354976654,0,0,0.222509503364563,0,0,0.1441188752651214,0,0,0.1348519474267959,0,0,0.0074884267523884,0
2f775125346cd62232d8e835794941c0,31,0,0.4520450830459595,0,0,0.0032400542404502,0,1,0.302416980266571,0,0,0.4262847900390625,0,1,0.5995162725448608,0
2f8f4f988fd84809caf191477ebc05db,31,0,0.6589916348457336,1,0,0.5724596977233887,1,0,0.7030455470085144,1,0,0.5687709450721741,0,0,0.2087977826595306,0
2f977e3238400bf52f146ed0eb3a57c1,31,0,0.5592717528343201,1,0,0.5165533423423767,1,0,0.2436407059431076,0,0,0.1923305243253708,0,0,0.4188843369483948,0
2fb8c4094b8bd6943407a071dfe6c73d,31,0,0.81045001745224,1,1,0.5848499536514282,1,1,0.7816983461380005,1,0,0.4619663059711456,0,0,0.6458465456962585,0
2fcfb42d501dd9e3ca9fb94b532cf4de,31,0,0.4022063910961151,0,1,0.4022953510284424,1,0,0.143733337521553,0,0,0.1796584576368332,0,0,0.0514966547489166,0
2fdc77728d36fdc8506d65520d2aa0d3,32,0,0.5342050790786743,1,1,0.9166611433029176,1,0,0.5529162287712097,1,0,0.3371044099330902,0,0,0.3877447545528412,0
2ff406f25425c2066fb57e7e534d1c90,32,0,0.3545403480529785,0,0,0.0046393396332859,0,0,0.073321521282196,0,0,0.1794918030500412,0,0,0.0532701276242733,0
2ff4d2a98e787e19d3b853df59493732,32,0,0.390229731798172,0,0,0.0443392470479011,0,0,0.3380950093269348,0,0,0.2988642156124115,0,0,0.3971113562583923,0
3019aec706bd013e1e3348564fbfd086,32,0,0.5291832089424133,1,0,0.0152428448200225,0,1,0.506043553352356,1,1,0.8162607550621033,1,1,0.7059837579727173,0
3020abca19e8fa4bba62fe583f07050d,32,0,0.3796317875385284,0,0,0.2610254883766174,0,0,0.3015365600585937,0,0,0.4420456290245056,0,1,0.6470186114311218,0
3037b4ac894bd448153d3da7b700f79f,32,0,0.7838264107704163,1,1,0.3962775766849518,1,0,0.8970624804496765,1,0,0.5891057252883911,0,0,0.2267990112304687,0
30475d6d6e3d67d52fc9a1f568eb81e5,32,0,0.6066837906837463,1,0,0.3717516660690307,1,0,0.317469835281372,0,0,0.3539046347141266,0,0,0.303891509771347,0
3075716fb54707f068e0ecd8d687f799,32,0,0.2718055248260498,0,0,0.0305165294557809,0,0,0.0712328106164932,0,0,0.3918077945709228,0,0,0.1220714300870895,0
3075e85dda12262bc9e34a5bd518d226,32,0,0.3529438972473144,0,0,0.0211169198155403,0,0,0.1412053108215332,0,0,0.2645535469055176,0,0,0.1912892609834671,0
3075ea62bfa39a295cbf419b9248401b,32,0,0.6374322175979614,1,0,0.1348871886730194,0,0,0.5742260217666626,1,0,0.8744376301765442,1,0,0.5475219488143921,0
3097b40e5fe9ed1c66ef81dd98ecefec,32,0,0.2748458683490753,0,0,0.1759540438652038,0,0,0.3144164085388183,0,0,0.4004028439521789,0,0,0.263259619474411,0
309ea022e7179851582a662b97ca9ce4,32,1,0.7031197547912598,1,1,0.7981237769126892,1,0,0.6324811577796936,1,0,0.593024730682373,0,0,0.6930516362190247,0
30e41da3ce3686e6e105c8358aed4445,32,0,0.3469888269901275,0,0,0.0062641031108796,0,0,0.1964334696531295,0,0,0.2598049938678741,0,0,0.5174163579940796,0
31043d30ee29726c185d655800f025ec,32,0,0.3607544898986816,0,0,0.031258150935173,0,0,0.0767300352454185,0,0,0.0933296456933021,0,0,0.0105397775769233,0
31109259018ccc4aefbc2083a608f032,32,0,0.5359458923339844,1,0,0.1316316872835159,0,0,0.452643871307373,1,0,0.5215367674827576,0,1,0.6350538730621338,0
311301e3ac19b4b8eda85672e625b2e8,32,0,0.4642985463142395,0,0,0.2426131069660186,0,0,0.3037812411785126,0,0,0.3648225367069244,0,0,0.1772306859493255,0
31446c7e7cae2f7aac75a2a922643474,33,0,0.4556953608989715,0,0,0.0251142978668212,0,0,0.3451488614082336,0,0,0.2681548297405243,0,0,0.2166482508182525,0
3185bd3972ec4bc6029fbfe00af919f0,33,0,0.4699576199054718,0,0,0.2500796318054199,0,0,0.284056007862091,0,0,0.8997846841812134,1,0,0.5000927448272705,0
3198b14b43ec49fdb55d5fe3b03a56f3,33,0,0.5594215393066406,1,0,0.0071983495727181,0,1,0.8488783240318298,1,1,0.7668007612228394,1,1,0.7954419851303101,0
31b4de538dd6272b05e295142c5ccc2a,33,0,0.4578863084316253,0,0,0.0741836577653884,0,0,0.4194386303424835,0,0,0.5652722716331482,0,0,0.6352245807647705,0
31ccf1b8a9992b055d0d26043eea3c30,33,0,0.3741273283958435,0,0,0.0841885283589363,0,0,0.263479471206665,0,0,0.3548691272735595,0,0,0.2215398401021957,0
3210943635d98be46b4864dc5fae5079,33,0,0.3553624451160431,0,0,0.0052437540143728,0,0,0.2010826766490936,0,0,0.341299444437027,0,0,0.4292969405651092,0
3215a7d4dc49d93b54635b85df536b8f,33,0,0.2424541711807251,0,0,0.0535633154213428,0,0,0.0428291335701942,0,0,0.2082567512989044,0,0,0.055760383605957,0
3243c41d5e3fb5e6b0ea0f3092adaca5,33,0,0.383739560842514,0,0,0.0327352434396743,0,0,0.0356569737195968,0,0,0.1938906759023666,0,0,0.0475049205124378,0
325fa15bdeaf8dfe6cf63a82fad30228,33,1,0.335457980632782,0,1,0.2376160323619842,0,1,0.4071725606918335,0,0,0.8016414046287537,1,0,0.6483409404754639,0
3274df5c70fba85244fd07f57dd95e3e,33,0,0.4330184459686279,0,0,0.0556488893926143,0,0,0.2204863280057907,0,0,0.4251557290554046,0,0,0.0474187545478343,0
32761b596170dacbce163df97a5d935b,33,0,0.2645602822303772,0,0,0.1631790399551391,0,0,0.2085181027650833,0,0,0.2590276598930359,0,0,0.597847044467926,0
327f8c6c13ad1a6efefd78409c9f2191,33,0,0.4408027231693268,0,0,0.0059130643494427,0,0,0.1726706176996231,0,0,0.3483143150806427,0,0,0.6305850148200989,0
3297d4a571f2259e8699427999a79121,33,0,0.6387017369270325,1,1,0.913102924823761,1,0,0.5657155513763428,1,0,0.1264394968748092,0,0,0.0809061378240585,0
32b33ed354f4f86cec0a90e53f584d58,33,0,0.6361905932426453,1,0,0.577192485332489,1,0,0.3732919096946716,0,0,0.295375257730484,0,0,0.3232254087924957,0
32ce0ed98d68f9ed492aa9cdbe8a11fe,33,0,0.7259876728057861,1,1,0.5744403004646301,1,1,0.8663065433502197,1,0,0.4576632678508758,0,1,0.444230169057846,0
32d6ac0696adc1f9c50d689a97925cf2,33,0,0.6898741722106934,1,0,0.2160122394561767,0,0,0.4374502003192901,1,0,0.3411945104598999,0,0,0.0951161608099937,0
32f4fc5f09a10e5dd9bbdf35d7656fb6,34,0,0.4470421373844147,0,0,0.3491280078887939,0,0,0.2668087780475616,0,0,0.5006764531135559,0,0,0.2592366337776184,0
32f991e64870da55f30028f559545973,34,1,0.5030978322029114,1,0,0.0322919525206089,0,1,0.5117195248603821,1,0,0.5521798729896545,0,1,0.8408394455909729,0
330c8fe642a041f281f7e7cad8ac2f7c,34,1,0.4845934808254242,0,0,0.1332618594169616,0,0,0.9003211259841919,1,0,0.5811780095100403,0,0,0.7081637382507324,0
3313b32f4a3d416440ef4509591ecc68,34,0,0.2716628313064575,0,0,0.012545789591968,0,0,0.0888825431466102,0,0,0.3333705067634582,0,0,0.0780778899788856,0
331d6f73321a73102327f7cff11ec842,34,0,0.674314558506012,1,0,0.5403815507888794,1,0,0.4765551686286926,1,0,0.4806051850318908,0,0,0.2833839654922485,0
331dd7060c9d960473535fdd82355bb0,34,0,0.4059781432151794,0,0,0.0703919380903244,0,0,0.3352932929992676,0,0,0.862054169178009,1,0,0.4008179306983948,0
33218cf183c1224a74ccfb514e827e15,34,1,0.7950129508972168,1,0,0.0129215316846966,0,0,0.8089306354522705,1,0,0.6017235517501831,0,0,0.2315369248390197,0
333feefeb39e5d2df1e5de640c82a9a4,34,0,0.2665412724018097,0,0,0.0576916374266147,0,0,0.0290978550910949,0,0,0.0892861410975456,0,0,0.0445433519780635,0
33475eb6c08efe5e59c243813d3df10e,34,0,0.4060184061527252,0,0,0.0287737399339675,0,0,0.2197255939245224,0,0,0.2901836335659027,0,0,0.4068215489387512,0
33710a9edd291057f356433bcb50a632,34,0,0.3738456070423126,0,0,0.1269518285989761,0,0,0.1320846974849701,0,0,0.2900346517562866,0,0,0.2190277278423309,0
33a621bb6474d8000c932ce489c4f734,34,0,0.3198297619819641,0,0,0.5232264399528503,1,0,0.1471601277589798,0,0,0.1601074337959289,0,0,0.136502519249916,0
33c4b9d23a829868e1418362e4d94500,34,0,0.5506535172462463,1,0,0.0308900102972984,0,1,0.4776947200298309,1,0,0.6587665677070618,0,0,0.5667815208435059,0
33d6c3efe631dbef8424df136efa9412,34,1,0.5930314064025879,1,0,0.0233277976512908,0,0,0.3592804670333862,0,0,0.3247997760772705,0,0,0.2534027099609375,0
33e9093de7567d13466efefda65aa682,34,0,0.3829946219921112,0,0,0.0183475911617279,0,0,0.0880075544118881,0,0,0.2757984697818756,0,0,0.1325553059577942,0
33ea04bbc65df11ddd004fbabc94b193,34,0,0.6129217147827148,1,1,0.9827788472175598,1,0,0.704034149646759,1,0,0.3167928457260132,0,0,0.4779313504695892,0
33ef8fbf5f60047d375274a0a612119e,34,0,0.3319298326969147,0,0,0.167415589094162,0,0,0.1751967072486877,0,0,0.3434359431266784,0,0,0.2472186684608459,0
33fb234fc2ad20c92d1a556d7c3eb916,35,1,0.5939696431159973,1,0,0.0838185921311378,0,1,0.9120452404022216,1,0,0.610735297203064,0,0,0.3386850655078888,0
3401e0a653e4b1489ce0d770c0f3748b,35,0,0.213887020945549,0,0,0.0022387676872313,0,0,0.0720397680997848,0,0,0.2942866384983063,0,0,0.0915713980793953,0
341f942a70c16113f7b1c93c9ca9afb1,35,0,0.593639075756073,1,0,0.7711494565010071,1,0,0.3363494277000427,0,0,0.2432173490524292,0,0,0.3048456609249115,0
342ac977b5591f53b37f9fcce27bfa2c,35,0,0.6654365658760071,1,1,0.8317750692367554,1,0,0.8097521662712097,1,0,0.7045713067054749,1,0,0.7278599739074707,0
342f1081f906354b4cca70450b27d32a,35,0,0.3364858627319336,0,0,0.5600453615188599,1,0,0.2031219452619552,0,0,0.3943155109882355,0,0,0.0861940160393714,0
3457c18599e510d039aa44c4c3d56e3c,35,0,0.4469366669654846,0,0,0.1068865731358528,0,0,0.196893110871315,0,0,0.4732712507247925,0,0,0.419136494398117,0
35140570aec20f94b22429d00dc142e9,35,0,0.3926329612731933,0,0,0.0104132173582911,0,0,0.2552451193332672,0,0,0.4114412665367126,0,0,0.8674007058143616,0
352ec28500e57fa5c87183f1eb83ffa0,35,0,0.4698298871517181,0,0,0.3876573741436004,1,0,0.193537950515747,0,0,0.2279032468795776,0,0,0.3457793891429901,0
3533a82817c5bba65a24f2799679fb50,35,0,0.6168358325958252,1,0,0.0170199926942586,0,0,0.1064004898071289,0,0,0.3429222404956817,0,0,0.2340316772460937,0
35360687c230a5851d43ee95597d7b71,35,0,0.5142219662666321,1,0,0.55275559425354,1,0,0.3369981646537781,0,0,0.4015609622001648,0,0,0.1046571806073188,0
353d7e4d7a4434ce27c7de1cd151423b,35,1,0.6270504593849182,1,0,0.071987360715866,0,0,0.7514857649803162,1,0,0.4128740131855011,0,0,0.666021466255188,0
3540f15d1d45917683cfc818416099ab,35,0,0.36804860830307,0,0,0.6557725071907043,1,0,0.2580626904964447,0,0,0.3460223078727722,0,0,0.1018592193722724,0
35a7775073c28080ee57ce23585cf17b,35,0,0.3454087972640991,0,0,0.0038110150489956,0,0,0.2673825919628143,0,0,0.2855361700057983,0,0,0.7980836033821106,0
35d9d826e89a38a66484430f6ebf85c9,35,0,0.4001818895339966,0,0,0.0302425436675548,0,0,0.0876009091734886,0,0,0.1683496534824371,0,0,0.0382561907172203,0
3600f42e5ab24a48e561618b5ecc125e,35,1,0.4261448979377746,0,1,0.2237862795591354,0,0,0.3455661237239837,0,0,0.5208448767662048,0,0,0.0856544375419616,0
360d0940a6a47185b8fea2eccf1d639f,35,0,0.3329219818115234,0,0,0.0093802949413657,0,0,0.1248879209160804,0,0,0.6081671714782715,0,0,0.2152139395475387,0
360dbf51ef9e2c43f06cf3a853dffa3c,36,0,0.7060428261756897,1,0,0.065636970102787,0,0,0.4411922395229339,1,0,0.543126106262207,0,0,0.1315769702196121,0
3658d0751f708f6676dce25b328dccca,36,0,0.4340466558933258,0,0,0.0036862485576421,0,0,0.16415536403656,0,0,0.2822798192501068,0,0,0.2728997766971588,0
366fb4e84d6940ea74267b32edbd1311,36,0,0.7281983494758606,1,0,0.4063183963298797,1,0,0.5923023819923401,1,0,0.146034374833107,0,0,0.0905222669243812,0
367d407eeafceb8dd55ee11f7e52b3d7,36,0,0.3167101740837097,0,0,0.1733947098255157,0,0,0.2121452987194061,0,0,0.4027271270751953,0,0,0.5735985040664673,0
3685798c0a54f17473262707013b594f,36,0,0.4209645688533783,0,0,0.2637418508529663,0,0,0.3818507194519043,0,0,0.3728884756565094,0,0,0.6856837272644043,0
3689f084f7fa4d0f6336cca39a224f22,36,0,0.1909458935260772,0,0,0.0699681937694549,0,0,0.1013618409633636,0,0,0.2209261208772659,0,0,0.21483214199543,0
36a77e1a171a23bfd214fe07fc90ea2b,36,0,0.4038732051849365,0,0,0.1687052547931671,0,0,0.3413331806659698,0,0,0.5119119882583618,0,0,0.3637771904468536,0
36aa7cdf317c33edc514ef43814d4c9b,36,0,0.3509436249732971,0,0,0.0448089055716991,0,0,0.070901058614254,0,0,0.1480632573366165,0,0,0.1159808337688446,0
36aec3c16185942a4925ed5f272156b1,36,1,0.5518573522567749,1,0,0.0504108630120754,0,1,0.8107343316078186,1,0,0.942623496055603,1,1,0.8479740619659424,0
36b6cdc7fa471226b319816a0935d9a3,36,0,0.3814292848110199,0,0,0.3168644309043884,0,0,0.2457107454538345,0,0,0.3169761598110199,0,0,0.1272227764129638,0
36b6d2736b8b2ec5e60686e06a7199f8,36,0,0.7552353739738464,1,1,0.2182014435529709,0,0,0.8114769458770752,1,0,0.3582060933113098,0,0,0.5770692229270935,0
36b6d5f8f49d605ee5f27fbd80b96d5a,36,0,0.3502388298511505,0,0,0.0068903295323252,0,0,0.0798747614026069,0,0,0.2347465604543686,0,0,0.1671183556318283,0
36cb07063dd0f4f649e5f478d3ec2c72,36,0,0.3651520013809204,0,0,0.7618234157562256,1,0,0.4883343279361725,1,0,0.3608142435550689,0,0,0.7695380449295044,0
36cd56c10616e2089c21010d73d0df3b,36,0,0.311308890581131,0,0,0.0031371179502457,0,0,0.0952408984303474,0,0,0.4918264746665954,0,0,0.3123895227909088,0
36eaf06f68d1f5eb34e2247a5ffabdb6,36,0,0.4594572484493255,0,0,0.0306288711726665,0,1,0.2051964849233627,0,0,0.7813610434532166,1,1,0.0256300885230302,0
36fc763ac49338f190eeb00404783331,36,0,0.6061810851097107,1,1,0.9379064440727234,1,0,0.4917408525943756,1,0,0.2696290910243988,0,0,0.1925093829631805,0
36ffc780ab3e684e32802143790e5ee1,37,0,0.4562220275402069,0,0,0.0243361964821815,0,0,0.1883804351091385,0,0,0.2720710337162018,0,0,0.0413251370191574,0
375230098adb78e73b6d162c9e30acd6,37,0,0.2827822566032409,0,0,0.0535841770470142,0,0,0.1512569636106491,0,0,0.2852584421634674,0,0,0.0847996398806572,0
378c5843d109c9f0bd82baa85b15dac8,37,0,0.3388706743717193,0,0,0.1668415516614914,0,0,0.1860919892787933,0,0,0.3419629335403442,0,0,0.1529109477996826,0
379350d6cca599b6a09c5387c9160aad,37,0,0.4955114126205444,0,0,0.1820057183504104,0,0,0.4673590958118438,1,1,0.8392847180366516,1,1,0.8716545104980469,1
37bf1c43895b0e72e6e6c4de3040bfeb,37,0,0.8059998750686646,1,0,0.2408487051725387,0,1,0.6221950650215149,1,0,0.2999050617218017,0,0,0.4787172377109527,0
37c489f4e9b80a82bfec581082e14dd2,37,0,0.4999713897705078,0,0,0.1297146677970886,0,0,0.2458185702562332,0,0,0.4301300644874573,0,0,0.0918212831020355,0
37e7deb1b1895f2d2648781e426a3460,37,0,0.4138983190059662,0,0,0.5345748662948608,1,0,0.2119608670473098,0,0,0.2586862742900848,0,1,0.3174885213375091,0
37f45b3477ae15855f96dbe3f1f7f9c0,37,0,0.3631080985069275,0,0,0.7193050980567932,1,0,0.3000770509243011,0,0,0.3251930475234985,0,0,0.136068657040596,0
3826548c8fedb944bee4f6eaa5c2090e,37,0,0.3693605959415436,0,0,0.2930216491222381,0,0,0.2598940134048462,0,0,0.412101536989212,0,0,0.4122196137905121,0
384ee8c20076c44adbe60bfe7e805869,37,0,0.5863510966300964,1,0,0.3424221873283386,0,0,0.4708792269229889,1,0,0.4477502405643463,0,0,0.3193680942058563,0
3857dfdfba3a8a401121776389818b72,37,0,0.4783381223678589,0,0,0.1145957559347152,0,0,0.4820835590362549,1,0,0.6398457288742065,0,0,0.7776929140090942,0
3873c2297c6f237f67defb7ef1243a3a,37,0,0.7936286330223083,1,0,0.452525794506073,1,0,0.5318065881729126,1,0,0.2025407552719116,0,0,0.0567949339747428,0
38ad783850c6ef47e04130ae94af93df,37,0,0.5160590410232544,1,0,0.0143226170912384,0,0,0.3242990672588348,0,0,0.2408424168825149,0,0,0.613082766532898,0
38ca9de33c512c71aa3094a151dd5368,37,0,0.3782728612422943,0,0,0.006550857797265,0,0,0.2468658983707428,0,0,0.4215275943279266,0,0,0.6928223371505737,0
38d2d9277b7de0d843bb1b283e6814e9,37,0,0.2700314223766327,0,0,0.0179838258773088,0,0,0.2161458134651184,0,0,0.6268252730369568,0,0,0.5445544719696045,0
38d60e4b63eeca0de18a1539dc527c93,37,0,0.2266942858695984,0,0,0.0044842786155641,0,0,0.0887723714113235,0,0,0.3671987950801849,0,0,0.0770624950528144,0
38fc380de74d2102e2087e7ba889fd44,38,0,0.5725420713424683,1,0,0.2430853843688964,0,0,0.1858510673046112,0,0,0.4032914042472839,0,1,0.4042659699916839,0
39077a997b195cfedd2287c9e9476b38,38,0,0.6188569664955139,1,1,0.251426637172699,0,0,0.4536947011947632,1,0,0.5591251850128174,0,0,0.1512009650468826,0
3919111229e688f20ec426237af05162,38,0,0.2980425953865051,0,0,0.0076382043771445,0,0,0.1068089604377746,0,0,0.4149157106876373,0,0,0.3637839257717132,0
395f2f015b69bcf2e58fcba55ecb6793,38,1,0.7052775621414185,1,0,0.0456425435841083,0,0,0.314142107963562,0,0,0.3090243935585022,0,0,0.0338912643492221,0
3975d9bd8377d6cbf2fa92ca2efcfc39,38,0,0.428989052772522,0,0,0.5671704411506653,1,0,0.281897097826004,0,0,0.5492008328437805,0,0,0.3098292052745819,0
3980fbd0f4f131b672d5dac9b4b044a0,38,0,0.2946382164955139,0,0,0.1887054592370987,0,0,0.1500432640314102,0,0,0.1474038660526275,0,0,0.5008279085159302,0
39949d5d2d8855e391b87d8a932b5aaf,38,1,0.5266063213348389,1,0,0.0124642541632056,0,0,0.5126996636390686,1,1,0.9281916618347168,1,0,0.5688050389289856,0
39af4d0dbe33277af4520b6bdee5e1b2,38,0,0.3640928566455841,0,0,0.0013030115514993,0,0,0.2026057243347168,0,0,0.4391564428806305,0,0,0.5695902705192566,0
39bd0688c096acd60756fc1a7ea39c3b,38,0,0.353583812713623,0,0,0.322851687669754,0,0,0.1724564880132675,0,0,0.5069255828857422,0,0,0.2163748443126678,0
39c1050099b63c29f6140e4eea23f8af,38,0,0.4053574502468109,0,0,0.0128400092944502,0,0,0.2499765157699585,0,0,0.3846679627895355,0,0,0.2688091695308685,0
39c48b218f46e9448e1f877de440faec,38,0,0.446581482887268,0,0,0.3948163688182831,1,0,0.4064493179321289,0,0,0.1547212302684784,0,0,0.1921673715114593,0
39d9ea42feb3af75ef0ea3dd91e7e1f5,38,0,0.389414519071579,0,0,0.6292350888252258,1,0,0.2953789234161377,0,0,0.1966484040021896,0,0,0.209411472082138,0
39ec5d4083b0ece455f7e87381bbc0a1,38,0,0.4370752573013305,0,0,0.1168586835265159,0,0,0.234336718916893,0,0,0.5556647181510925,0,0,0.5826051831245422,0
39fb994092b2b3b96068fe06724af10e,38,0,0.3133003115653991,0,0,0.0143499858677387,0,0,0.2189154922962188,0,0,0.3091336190700531,0,0,0.2232603579759597,0
3a0135174fe1bec08b8318fba4aa951c,38,0,0.5262764096260071,1,0,0.7488310933113098,1,0,0.4413470923900604,1,0,0.2560252547264099,0,0,0.4113049805164337,0
3a14159e53495689a8b21a371aa54ef7,38,0,0.4698850512504577,0,0,0.0617981702089309,0,0,0.4799581170082092,1,0,0.4036645293235779,0,0,0.0804800614714622,0
3a443e2a67c5b0956e461a7fb853bf9e,39,0,0.5893770456314087,1,0,0.0567798130214214,0,0,0.1649668216705322,0,0,0.1095098257064819,0,0,0.0261710323393344,0
3a515d9ba5419a9f35dc382017d5e98e,39,0,0.3945032358169555,0,0,0.0066614644601941,0,0,0.1773421168327331,0,0,0.4461504518985748,0,0,0.4335340857505798,0
3aa53ed6b890f65e41d2d359912626dd,39,0,0.40965735912323,0,0,0.7923151850700378,1,0,0.2833171188831329,0,0,0.3103153705596924,0,0,0.5838505625724792,0
3aaaa45a86fd160e7c9907b98b8b6c79,39,0,0.4338507652282715,0,0,0.5873888731002808,1,0,0.200945109128952,0,0,0.7321659326553345,1,0,0.3813190162181854,0
3aaefe9e6128e0b34d206e0c86ef3e9c,39,0,0.4733872711658478,0,1,0.3468721807003021,0,0,0.4495211541652679,1,0,0.7766424417495728,1,0,0.6413365006446838,0
3ad213b03c666ce943479e847e102035,39,0,0.4824763536453247,0,0,0.0687275528907775,0,0,0.1528206467628479,0,0,0.2683393061161041,0,0,0.0797282084822654,0
3ad9881c5d75a15454c6c9336362fd46,39,0,0.3165548741817474,0,0,0.0141537711024284,0,1,0.1872779428958892,0,1,0.3222463726997375,0,0,0.3335190415382385,0
3b55e52750fa2737857d05526f196b18,39,0,0.2313572913408279,0,0,0.0036187786608934,0,0,0.1516006588935852,0,0,0.3063051998615265,0,0,0.4202840030193329,0
3b5957a38160102563037a3769a383be,39,1,0.8495086431503296,1,1,0.9018928408622742,1,1,0.9542142152786256,1,0,0.4993543028831482,0,0,0.221420019865036,0
3b68bc60f5353a7f3a8c30a99ed5cc3f,39,0,0.5090323686599731,1,0,0.0165112409740686,0,0,0.246527299284935,0,0,0.6257970333099365,0,0,0.7358275651931763,0
3b742aa4d975709f2dada47203639704,39,0,0.2255347073078155,0,0,0.0137552265077829,0,0,0.1368235796689987,0,0,0.3101579248905182,0,0,0.1503160148859024,0
3b74377f53c13dcfcb252294fbc70dde,39,0,0.5209503173828125,1,1,0.2148216664791107,0,0,0.3545520305633545,0,0,0.3762088119983673,0,0,0.0781133025884628,0
3b9dc61181ac4c1d78d2ad1431a75a9e,39,0,0.3809074461460113,0,0,0.1440217792987823,0,0,0.1961445957422256,0,0,0.3478423953056335,0,0,0.1072345077991485,0
3ba1428b5a468133d0b75b0418514c23,39,0,0.2789331376552582,0,0,0.0227108523249626,0,0,0.2757318615913391,0,0,0.2672276496887207,0,0,0.4293581843376159,0
3bbdbcb655e1cedc451d96b4ab3cf4e0,39,0,0.7722117304801941,1,1,0.6572953462600708,1,0,0.7713431715965271,1,0,0.355415403842926,0,0,0.2825855314731598,0
3bde9f07f146da27d795709456f6ab17,39,0,0.365308552980423,0,0,0.1393054723739624,0,0,0.1390517801046371,0,0,0.2912857234477997,0,0,0.3315141499042511,0
3be17a7a8e451ec0fb71ef3b8efa9425,40,0,0.5561977624893188,1,0,0.0190942976623773,0,0,0.1889030784368515,0,0,0.0866999179124832,0,0,0.0386672653257846,0
3beb39b65b26ffb9b93e9f12dd5f07d0,40,1,0.4986470639705658,0,0,0.0796737819910049,0,0,0.5257434844970703,1,1,0.7634592056274414,1,1,0.6243821978569031,0
3c0da76eb43946a1f718198ef00bea1a,40,0,0.365791380405426,0,0,0.3958720862865448,1,0,0.1401646584272384,0,0,0.3128340542316437,0,0,0.0777401849627494,0
3c134ccada9f182596bf6107b0dabb8d,40,0,0.228410854935646,0,0,0.0006194884190335,0,0,0.1120535656809806,0,0,0.5048381686210632,0,0,0.2780680060386657,0
3c22b17493566a9bca5ac33f0cd0b42f,40,0,0.4118179380893707,0,1,0.0792192220687866,0,0,0.3420397937297821,0,0,0.6822291016578674,1,0,0.86252361536026,0
3c2cf7dee8ad4b5b2921c65cc2524ce6,40,0,0.5214772820472717,1,1,0.0610526464879512,0,0,0.5836398601531982,1,0,0.4943417608737945,0,0,0.8317916393280029,0
3c40a353f341731f92fbfe963242e4e7,40,0,0.6785680055618286,1,0,0.1273252367973327,0,0,0.5926292538642883,1,0,0.3376569747924804,0,0,0.6871312260627747,0
3c4375177b66fa5e8914d22b1556dd48,40,0,0.2949244081974029,0,0,0.0013251764466986,0,0,0.067512147128582,0,0,0.2834552824497223,0,0,0.0270219985395669,0
3c507def3894eeaba8be81a1e2cf1f38,40,1,0.5958141684532166,1,1,0.8930370807647705,1,0,0.6565871238708496,1,0,0.3596312701702118,0,0,0.4919917583465576,0
3c620ca6be5c87ad9f167e85b43defc2,40,0,0.2716102600097656,0,0,0.1630579829216003,0,0,0.2271043807268142,0,0,0.4832004308700561,0,0,0.2349307388067245,0
3c6f70f56258cad13d74e7f17da1c7c5,40,0,0.5923089981079102,1,0,0.7502469420433044,1,0,0.4922026097774505,1,0,0.5421838760375977,0,0,0.2413212358951568,0
3c8a5906888ab86560daf594daf3b3c2,40,0,0.3616975545883178,0,0,0.5705234408378601,1,0,0.2804072499275207,0,0,0.5078412294387817,0,0,0.2816932797431946,0
3c948bc922d30f6c7ed39df29f5cd989,40,0,0.6893634796142578,1,0,0.4177698791027069,1,0,0.3430073857307434,0,0,0.1419543772935867,0,0,0.03053586371243,0
3ca907c03b1409d8a703591f6ca7882e,40,0,0.4170790016651153,0,0,0.1995655745267868,0,0,0.4231738746166229,0,0,0.3471216261386871,0,0,0.4986176788806915,0
3cb7123b676ed1963d77850bfe185482,40,0,0.463555246591568,0,0,0.1627334952354431,0,0,0.2499363869428634,0,0,0.2945482134819031,0,0,0.3042166531085968,0
3cc3637e5b01e1fb105326b58dfc7fa2,40,0,0.5075573325157166,1,0,0.0933521836996078,0,0,0.1610755920410156,0,0,0.405486524105072,0,0,0.2566986680030823,0
3cc51f95d2d193e231d6cdab5b423243,41,0,0.2377119064331054,0,0,0.0084633594378829,0,0,0.0681153237819671,0,0,0.2746817171573639,0,0,0.1654757857322693,0
3ccbd8fd3eadbf3f0bef8e091a5ea5b5,41,0,0.6288147568702698,1,0,0.308827131986618,0,0,0.2739408910274505,0,0,0.3890047669410705,0,0,0.3423897922039032,0
3cdcf9e3f1b8d011d20f4c1c779851ee,41,0,0.3537805378437042,0,0,0.1574806421995163,0,0,0.4617215991020202,1,0,0.2248644530773162,0,0,0.262231171131134,0
3cfb5f7af41ff012658cb64ebf82e84f,41,0,0.6409294605255127,1,1,0.7964494824409485,1,0,0.7409559488296509,1,0,0.6668429970741272,0,0,0.5094122290611267,0
3cfc0bb78ca18773c9ec91ad9bbe3d4d,41,0,0.2900985181331634,0,0,0.1187471598386764,0,0,0.0937472581863403,0,0,0.2921128869056701,0,0,0.1540235877037048,0
3cff8dcf3354f5ed794061627d7d24a7,41,0,0.2913490533828735,0,0,0.3165135383605957,0,0,0.1535274535417556,0,0,0.2146940380334854,0,0,0.2389433681964874,0
3d26f5e39259810fb7a332f50bd9d867,41,0,0.5962108373641968,1,0,0.5245278477668762,1,0,0.4288382530212402,0,0,0.2740156054496765,0,0,0.1547822505235672,0
3d281a2a2c78f8e0713166ed125a183a,41,0,0.6679472923278809,1,0,0.3556669056415558,0,0,0.2903880774974823,0,0,0.1291929185390472,0,0,0.0415831506252288,0
3d31da3e8d49304c7752e3522b0e3a9f,41,0,0.7084110379219055,1,0,0.0440885834395885,0,0,0.3408945202827453,0,0,0.5061842799186707,0,0,0.1393407136201858,0
3d4c07ae432d5834781d532d833d75ac,41,0,0.5806140303611755,1,0,0.1327094137668609,0,0,0.3853904902935028,0,0,0.4373765289783478,0,0,0.4626101553440094,0
3d53b9b699cfec21262399ebd558f2cf,41,0,0.4497864842414856,0,0,0.4445281028747558,1,0,0.4889582097530365,1,0,0.3671231865882873,0,0,0.2107594311237335,0
3d718e505b0ee17de0f2e821eba38eef,41,0,0.2598063945770263,0,0,0.0085569191724061,0,0,0.0841555967926979,0,0,0.2790568768978119,0,0,0.0310111809521913,0
3d88da32e0b7971e4f1bb1aa684a038a,41,1,0.6365395784378052,1,1,0.1177987083792686,0,0,0.6039780974388123,1,1,0.7462735772132874,1,0,0.508711576461792,0
3d91a84170a65127a0d998987962dd07,41,0,0.4317573308944702,0,0,0.0110660837963223,0,0,0.3223114311695099,0,0,0.4558305740356445,0,0,0.7862003445625305,0
3d92749a082bc9206b4ba07779853e00,41,0,0.327791154384613,0,0,0.1529083251953125,0,0,0.2161654084920883,0,0,0.2605983912944793,0,0,0.5401128530502319,0
3db534bf69409b385d0278eb677d9b62,41,0,0.3198903501033783,0,0,0.00381716247648,0,0,0.3262943029403686,0,0,0.8648672103881836,1,0,0.835473895072937,0
3db61dfe06d558636a4027e6b35ea820,42,0,0.4400989413261413,0,0,0.4363145530223846,1,0,0.5300945043563843,1,0,0.5320544242858887,0,0,0.4172794222831726,0
3dcc30d354b4502eb28e3dfbc697756b,42,0,0.5019432306289673,1,0,0.0005276229931041,0,0,0.3408405482769012,0,0,0.4737084805965423,0,0,0.3726923763751983,0
3dd50dfa4f67ff1c2e0fc6af3c165fa6,42,0,0.601395308971405,1,0,0.2589036226272583,0,0,0.3327628076076507,0,0,0.2638014554977417,0,0,0.5156052112579346,0
3e00c13e8222abbd2c177f4d95d6d718,42,0,0.4076254069805145,0,0,0.8137990236282349,1,0,0.3086398839950561,0,0,0.0829588249325752,0,0,0.0180941205471754,0
3e15991154a164d30bb9fbbb29fe437c,42,0,0.468431144952774,0,0,0.1177876740694046,0,0,0.4414547979831695,1,0,0.3748301863670349,0,0,0.5087797045707703,0
3e34595ad37ca0b7b2658b09792c9b04,42,0,0.4797103106975555,0,0,0.1952279806137085,0,0,0.245194211602211,0,0,0.3108160495758056,0,0,0.5144374370574951,0
3e41c27c6bd34d990b4b4c33f9920342,42,0,0.3961475789546966,0,0,0.0262541379779577,0,0,0.2304811328649521,0,0,0.2384157329797744,0,0,0.4150246679782867,0
3e86f7a0078799279f334db4074f109e,42,0,0.4521843791007995,0,0,0.0106080481782555,0,1,0.3503333628177643,0,0,0.7519129514694214,1,1,0.5300586819648743,0
3e90adc40cb10bf9f49d34c6d54ba50c,42,0,0.4456505179405212,0,0,0.4952239990234375,1,0,0.1826068013906479,0,0,0.2490651458501815,0,0,0.2457694560289383,0
3ea9f49ba17cbf6865a29bcb8d01b3b6,42,0,0.4738239049911499,0,0,0.2051913440227508,0,0,0.2561920583248138,0,0,0.490469753742218,0,0,0.5972270965576172,0
3ec25a3d86136b2b3df04179d7118525,42,0,0.357708990573883,0,0,0.0221327394247055,0,0,0.2647894918918609,0,0,0.2655494213104248,0,0,0.4562944173812866,0
3edd2755894c91c8ab38a9ef7ddb7985,42,0,0.6115276217460632,1,0,0.113241821527481,0,0,0.7477365136146545,1,0,0.324852854013443,0,0,0.1176744028925895,0
3eeac231c839fbc52b79514b34330663,42,0,0.4712170660495758,0,0,0.7973194718360901,1,0,0.3217708170413971,0,0,0.6335707902908325,0,0,0.21986785531044,0
3ef5a2d445ede454793f144d462faaab,42,1,0.835176408290863,1,0,0.7086634039878845,1,0,0.5456709861755371,1,1,0.7552403211593628,1,0,0.5013859272003174,0
3f1244037d78cc260defbde5720024c2,42,0,0.1956746578216552,0,0,0.0591433644294738,0,0,0.0540636703372001,0,0,0.2327519655227661,0,0,0.062817245721817,0
3f2dcbb885cf38e7b07d29785d81215e,42,0,0.2153647989034652,0,0,0.0016167714493349,0,0,0.0594532489776611,0,0,0.6856234073638916,1,0,0.0590033680200576,0
3f311e13697f83d41f55f079232fe7ee,43,0,0.4028967320919037,0,0,0.0907313004136085,0,0,0.2616868615150451,0,0,0.2568097710609436,0,0,0.5130568146705627,0
3f51f6bbad915b2d088bdceea490f3ff,43,0,0.5047499537467957,1,0,0.0577711351215839,0,0,0.6049465537071228,1,0,0.7227226495742798,1,1,0.8347209095954895,0
3f6b6e7041b06528c5629fb7de92d61e,43,0,0.238735020160675,0,0,0.1988318264484405,0,0,0.0651457384228706,0,0,0.1766156405210495,0,0,0.0722694024443626,0
3f6fcfdcea0e6450a2c953c1768f0297,43,0,0.6968188285827637,1,0,0.3449378907680511,0,0,0.297406792640686,0,0,0.1644946038722992,0,0,0.0257029123604297,0
3f76b4107e59e33bfded211d2f95d4f4,43,0,0.3513149321079254,0,0,0.6774308085441589,1,0,0.1816126257181167,0,0,0.2154896259307861,0,0,0.288046270608902,0
3fa43c464676da99ca6e09a17a40aa6d,43,0,0.3669099807739258,0,0,0.0131409643217921,0,0,0.3399011492729187,0,0,0.376093327999115,0,0,0.1011692881584167,0
3fb7243f97d1493015a5f3cb880d8e4a,43,0,0.3795003592967987,0,0,0.0014727181987836,0,0,0.3755532503128052,0,0,0.7318097352981567,1,0,0.8249861001968384,0
3fc0d536d17610d6811d9c725999e25e,43,0,0.2606510519981384,0,0,0.4630150198936462,1,0,0.2085460871458053,0,0,0.522689700126648,0,0,0.5527102947235107,0
3fd3c7e4f7012ea21a2f8eba496c6748,43,0,0.6171348690986633,1,0,0.4582538604736328,1,0,0.4800788462162018,1,0,0.2875261604785919,0,0,0.1266596019268036,0
3fe12c24bee9c864bf65441b49a53d79,43,0,0.5090451240539551,1,0,0.5157222747802734,1,0,0.2594099342823028,0,0,0.282734751701355,0,0,0.0437385141849517,0
3fe3f892de3a3927f933a3d2b20f4ff0,43,0,0.6225571036338806,1,0,0.2527519762516022,0,0,0.4156026244163513,0,1,0.8826356530189514,1,0,0.3471482396125793,0
3ff458f907610a9eae3130e961a8e3f4,43,0,0.5343186259269714,1,0,0.0134080993011593,0,0,0.5359815359115601,1,0,0.4374155402183532,0,0,0.8481898903846741,0
3ffc3654b8342c68038a2249787f87e9,43,0,0.6459248661994934,1,0,0.4836232662200928,1,0,0.2972691059112549,0,0,0.2897703945636749,0,0,0.6133474111557007,0
4000dc950b3d2e3065762471378692eb,43,0,0.2330578863620758,0,0,0.0037810921203345,0,0,0.1775758415460586,0,0,0.2587080299854278,0,0,0.2801432311534881,0
402d2d78d516f7a6899b25ae6f6b7b91,43,0,0.3904792666435241,0,0,0.0077632823958992,0,0,0.1123778820037841,0,0,0.1949024051427841,0,0,0.0672760605812072,0
40393027d73d1c04bb8b5c49044b4526,43,0,0.762696385383606,1,0,0.3137202560901642,0,0,0.7603034973144531,1,0,0.6887154579162598,1,1,0.1340396851301193,0
40497da14aafc428210b623fc8445288,44,0,0.7624427080154419,1,1,0.9347226023674012,1,0,0.7137959003448486,1,0,0.3419832289218902,0,0,0.3572054505348205,0
4053e50a3f75691a16343ebf9c7d602d,44,0,0.4609300494194031,0,0,0.5642582774162292,1,0,0.390000432729721,0,1,0.7053781151771545,1,0,0.6151524186134338,0
4055ab5787f624b27978cc8e612e09a0,44,0,0.3455711901187897,0,0,0.1450193077325821,0,0,0.1967670917510986,0,0,0.2994528412818908,0,0,0.2813351452350616,0
407a0f9b955a811bd3dbb459a8ac7576,44,0,0.3026653230190277,0,0,0.016133053228259,0,0,0.1073823869228363,0,0,0.3083649277687073,0,0,0.3738732933998108,0
40b1af8c67e6b4610dd91b5230cb9115,44,1,0.5369988083839417,1,1,0.1195455268025398,0,0,0.7592589259147644,1,0,0.7663649916648865,1,0,0.8847525715827942,1
40b2a81a852f7138879e5d0ba0a7ebc4,44,0,0.4553954899311065,0,0,0.4026419222354889,1,0,0.2913714051246643,0,0,0.4321992099285126,0,0,0.5763494968414307,0
40cd10b8770cee353b0ae6a8192097ab,44,0,0.4080458283424377,0,0,0.0302319973707199,0,0,0.5201977491378784,1,0,0.3582977056503296,0,0,0.638405978679657,0
40e58b0a128f657aec8d842c93ce17de,44,0,0.3624031543731689,0,0,0.0491971261799335,0,0,0.3973045945167541,0,0,0.3507289886474609,0,0,0.3481210768222809,0
40fb4c33b5cd086ae3eb5a38a6079fa2,44,1,0.8313783407211304,1,0,0.0345841869711875,0,0,0.302573412656784,0,0,0.8711488246917725,1,0,0.0520230419933795,0
410d67ef44a7845ca56750960a4b6fed,44,0,0.5319816470146179,1,0,0.0469200871884822,0,0,0.2374800145626068,0,0,0.4013786315917969,0,0,0.1101206988096237,0
4112f6a0a3a7509212801f2b3132dfda,44,0,0.4041731059551239,0,0,0.3200148642063141,0,0,0.1883692890405655,0,0,0.2411220520734787,0,0,0.1407713592052459,0
41143299da79b12a5a6d8c4456c68aa7,44,0,0.4003076255321502,0,1,0.8950720429420471,1,0,0.4537099599838257,1,0,0.3761972188949585,0,0,0.1478612869977951,0
411760e414f0c79aab25be4a934c49e1,44,0,0.3964811265468597,0,0,0.2762636542320251,0,0,0.2260925471782684,0,0,0.2988093793392181,0,0,0.1435574740171432,0
4142d115b7a7ce897049a13509e2eb37,44,0,0.4514828026294708,0,0,0.0166806988418102,0,0,0.2731614410877228,0,0,0.2015982121229171,0,0,0.1861669272184372,0
415bbe6901d71d5065322601c47544df,44,0,0.2921358644962311,0,0,0.002362007740885,0,0,0.0455100536346435,0,0,0.1600715667009353,0,0,0.072184108197689,0
415fe8e39c0546ff191f8e33888f09d4,44,0,0.2989984452724457,0,0,0.0090496949851512,0,0,0.2823487818241119,0,0,0.2746056616306305,0,0,0.3999662697315216,0
419aa74d3b1447debce1775ba7084c29,45,0,0.3432660400867462,0,0,0.0287575703114271,0,0,0.0793850049376487,0,0,0.2619259059429168,0,0,0.1463679075241089,0
41d4c2e74a9e1a602539687646bb1851,45,0,0.3184937536716461,0,0,0.0133988363668322,0,0,0.0828563570976257,0,0,0.1629968732595443,0,0,0.089183509349823,0
41e182efd77dc26282b2fffb91ddea9c,45,0,0.6864398121833801,1,1,0.0706831291317939,0,0,0.5427342653274536,1,0,0.4035684764385223,0,0,0.6531983613967896,0
42182063da0162c48411742e08e48d2c,45,0,0.3230915069580078,0,0,0.0028814109973609,0,0,0.3336855173110962,0,0,0.6732897162437439,0,0,0.5882025361061096,0
421efe81b01f6724524502d4337d9435,45,0,0.4301007390022278,0,0,0.407747209072113,1,0,0.1779519617557525,0,0,0.2979406714439392,0,0,0.0882026776671409,0
4237ca5336f5d9aae908608e00b0ff4b,45,0,0.4163168370723724,0,0,0.0229035876691341,0,0,0.1672378033399582,0,0,0.4321952760219574,0,0,0.390999436378479,0
42480dff233be45d4fdca62069ea267f,45,0,0.6300173401832581,1,0,0.3693602979183197,1,0,0.361433744430542,0,0,0.3730136752128601,0,0,0.1557591408491134,0
42866ae76e629e8a612a5898ad377afb,45,0,0.3950022757053375,0,0,0.137205570936203,0,0,0.1160258948802948,0,0,0.4850270748138428,0,0,0.0640532523393631,0
4293c777d8e33cc6d4d6d7f2c72ff43f,45,0,0.3317023813724518,0,0,0.1693818122148513,0,0,0.1819778084754943,0,0,0.4502195715904236,0,0,0.5010980367660522,0
42a70465f4b5859407233bb00aa64e7a,45,0,0.3366493880748749,0,0,0.0803029537200927,0,0,0.3350955247879028,0,0,0.1353029161691665,0,0,0.2258514314889907,0
42d7070a36e7edfa295f9aea2f472e6b,45,0,0.3228287696838379,0,0,0.5316714644432068,1,0,0.3232274949550628,0,0,0.3252386748790741,0,0,0.3039809465408325,0
42da2c134b53cb5594774d3d29faac59,45,0,0.4729940295219421,0,1,0.7856204509735107,1,0,0.396664023399353,0,0,0.5811782479286194,0,0,0.388867974281311,0
42f425197ab0ba67f0ec8da9d9f57c9f,45,0,0.6521091461181641,1,0,0.0090313609689474,0,0,0.7273721098899841,1,0,0.4199661612510681,0,0,0.6922078132629395,0
4317ccff1c5ab145abf05130c49402b0,45,0,0.466882050037384,0,0,0.5987043976783752,1,0,0.3231700956821441,0,0,0.4501485824584961,0,0,0.1306618005037307,0
4336126559df623f417e0cce8658d834,45,1,0.7042099237442017,1,1,0.1299057900905609,0,1,0.9048016667366028,1,0,0.7302699089050293,1,0,0.2097708582878112,0
435ab3812fb181923346ede78dd5b9a1,45,0,0.5611910820007324,1,0,0.2096912264823913,0,0,0.1905682235956192,0,0,0.2791193127632141,0,0,0.527508556842804,0
435c653f95dd47326063ff145a0fa82e,46,1,0.6975249648094177,1,0,0.0417619720101356,0,0,0.8490614891052246,1,0,0.8428717851638794,1,1,0.4476282596588135,0
436088e347319cbffc494a8d24005299,46,0,0.4514670073986053,0,0,0.4744389355182647,1,0,0.3602190315723419,0,0,0.6877954006195068,1,0,0.2210381925106048,0
436bfe4e723272edcfe1cd8c85bd37a0,46,0,0.2364211976528167,0,0,0.0698120296001434,0,0,0.2542228102684021,0,0,0.4331507086753845,0,0,0.2699569761753082,0
4378b6e8a912d95d9eadeff7b3b9a48e,46,0,0.7270258665084839,1,0,0.2581162452697754,0,0,0.4182474315166473,0,0,0.2646909058094024,0,0,0.0384968295693397,0
439dc69a4c208bef639794335fc7e8aa,46,1,0.6117796897888184,1,1,0.5771874189376831,1,0,0.5917631983757019,1,1,0.6342807412147522,0,0,0.5252646803855896,0
43a5c26c8ab3300f0848b4b1ebb197f6,46,0,0.4739129543304443,0,0,0.0664140284061431,0,1,0.4369409382343292,1,1,0.5763218998908997,0,0,0.7712990641593933,0
43e2eabebfa4a1545c0d5520a7435ca3,46,0,0.5056579113006592,1,0,0.1013716608285904,0,0,0.5070219039916992,1,0,0.255289763212204,0,0,0.4971388876438141,0
43f22c9287a262c3621ee246b6153a1b,46,0,0.2783777117729187,0,0,0.0144878309220075,0,0,0.3943673372268677,0,0,0.3810138404369354,0,0,0.3433266282081604,0
43f2bfe06c7c0bed1ea56abd891c46c1,46,0,0.2841186225414276,0,0,0.4207358658313751,1,0,0.2005883455276489,0,0,0.1853597611188888,0,0,0.3290696144104004,0
43f36cac2950bc05f18187f0b1a7670e,46,0,0.5021159052848816,1,0,0.1149363592267036,0,0,0.1673339009284973,0,0,0.5464447736740112,0,0,0.2161326557397842,0
440a93a65ecad8a5b0f77db19d5e8fb4,46,0,0.2995712459087372,0,0,0.0186945181339979,0,0,0.1112971305847168,0,0,0.3940643072128296,0,0,0.4211158752441406,0
4419786026e61be0d0cc38481e6d4a6f,46,0,0.2526036202907562,0,0,0.0069658271968364,0,0,0.0330153107643127,0,0,0.1328500509262085,0,0,0.023999148979783,0
441e33ddef587e66391d3560e975b045,46,0,0.6112726926803589,1,0,0.1612918078899383,0,0,0.3413058817386627,0,0,0.5261225700378418,0,0,0.6123979687690735,0
442e1e71a3b1c97fe654fc7439119534,46,0,0.6976709365844727,1,0,0.1553680300712585,0,0,0.4133414626121521,0,0,0.142361968755722,0,0,0.1139024347066879,0
445968a410422d687217c1f21fddf8b9,46,0,0.3714751899242401,0,0,0.2798067927360534,0,0,0.1327132284641266,0,0,0.3266746699810028,0,0,0.4082139730453491,0
44666fb9bad75f506a8fdff1e34b8fa6,46,0,0.3432510495185852,0,0,0.3456985652446747,0,0,0.1714176088571548,0,0,0.2380308806896209,0,0,0.246963232755661,0
448408b2da910f68f956ba77db83bf7f,47,1,0.5336838364601135,1,0,0.0244121700525283,0,0,0.7967448830604553,1,0,0.6618379354476929,0,1,0.7488448619842529,0
449090e7c3df33a02d8f935a57af7f74,47,0,0.5869583487510681,1,0,0.6839891672134399,1,0,0.5097989439964294,1,0,0.4179854094982147,0,0,0.6692109107971191,0
44a4ac9c03955122caf8db97ae2fcec6,47,0,0.4872605800628662,0,0,0.6368036270141602,1,0,0.2019241899251938,0,0,0.3502215147018432,0,0,0.4953432381153106,0
44a61046e125f744ab317d7a463fbd9b,47,0,0.1895623356103897,0,0,0.0031873232219368,0,0,0.0720506161451339,0,0,0.327601820230484,0,0,0.4366416037082672,0
44e38e19f2d5fa89ebc805b4e4249f4a,47,0,0.4565367102622986,0,0,0.1745373755693435,0,0,0.1832351386547088,0,0,0.2644001245498657,0,0,0.1729429811239242,0
455955fc58bafe84b70a4e92384cc07c,47,0,0.4502405524253845,0,0,0.088721178472042,0,0,0.2653194665908813,0,0,0.8919785618782043,1,0,0.3875561654567718,0
4567d789f16f8cad11b2e53f4b808256,47,0,0.4752695262432098,0,0,0.0315813235938549,0,0,0.1154089793562889,0,0,0.4407784342765808,0,0,0.1220144405961036,0
456a10d48cab2f63322322daa2c40fde,47,0,0.8457556366920471,1,0,0.253951221704483,0,1,0.5860818028450012,1,0,0.2548888325691223,0,1,0.0313495509326458,0
458dba2869d82b94f34858fc0e9d420d,47,0,0.4451272785663605,0,0,0.4598243236541748,1,0,0.2622950375080108,0,0,0.5057535767555237,0,0,0.1959088444709777,0
458df830e90722a42a663360024ec00c,47,0,0.3782141804695129,0,0,0.0055420114658772,0,1,0.5092876553535461,1,0,0.2263473868370056,0,0,0.6394134759902954,0
4593b44cd46a5ec9c8f341a16ddcba07,47,0,0.4262920022010803,0,0,0.2685164511203766,0,0,0.1185654997825622,0,0,0.296337366104126,0,0,0.1635304689407348,0
4597cf072dafa598c3396af5b395da05,47,0,0.3561804592609405,0,0,0.2923465073108673,0,0,0.1405625492334365,0,0,0.4397603869438171,0,0,0.0889860764145851,0
45a67b52deef6d917675de9efcace27d,47,0,0.3867838680744171,0,0,0.1462045162916183,0,0,0.1027126014232635,0,0,0.1527984738349914,0,0,0.0366756208240985,0
45ca9eddff39ca3e252551cc283779d0,47,0,0.4278323352336883,0,0,0.06189501658082,0,0,0.7396391034126282,1,0,0.3954412043094635,0,0,0.1726957410573959,0
45d1c2d9c830ed7a526cdad0d908397a,47,0,0.3860786259174347,0,0,0.1641665697097778,0,0,0.1905266046524047,0,0,0.3682775199413299,0,0,0.6067076921463013,0
45db750ac1e7ebdaaba5b1079f06094a,47,0,0.3496500253677368,0,0,0.0015330819878727,0,1,0.5367473363876343,1,0,0.5205003619194031,0,0,0.6959943175315857,0
45dbcf1210bda737de385640e0635deb,48,0,0.6752738356590271,1,1,0.8339842557907104,1,0,0.5189028978347778,1,0,0.4073047637939453,0,0,0.4598796665668487,0
45f407b266655c8d3faf9bd6faa9a6d2,48,0,0.4460982084274292,0,0,0.0387770272791385,0,0,0.350642591714859,0,0,0.7902188301086426,1,1,0.4164754152297973,0
45ffdfc3462f0377ee35ef05e9bf2b9d,48,0,0.3112783432006836,0,0,0.0213265996426343,0,0,0.156707301735878,0,0,0.4796632528305053,0,0,0.5828085541725159,0
4601f338b350b816ad50be7c58deed92,48,0,0.190855786204338,0,0,0.0012477642158046,0,0,0.0181976687163114,0,0,0.0872323885560035,0,0,0.0023310757242143,0
460283ce802309a67fab5f8d098cc7f1,48,0,0.7200073003768921,1,1,0.3181363940238952,0,0,0.4963780343532562,1,0,0.3703773915767669,0,0,0.532814621925354,0
461047418073179170ff04527460a0c6,48,0,0.6603044271469116,1,0,0.3635348975658417,1,0,0.7146328687667847,1,0,0.5265588760375977,0,0,0.6863991022109985,0
46670a547d530e18e32a16c6a2d3ce23,48,0,0.6661121249198914,1,0,0.0093010496348142,0,1,0.8242159485816956,1,0,0.4908161759376526,0,0,0.8977481126785278,1
467fb10d9fb7d7816e9086fec5aa86f6,48,0,0.6106097102165222,1,1,0.9789347052574158,1,0,0.5638087391853333,1,0,0.3854807317256927,0,0,0.1051628068089485,0
4688671bef57318e17dadd91a29e1e0a,48,0,0.346468836069107,0,0,0.0247137118130922,0,0,0.1024778187274932,0,0,0.4175511002540588,0,0,0.0886633321642875,0
46b04770c972a6db13be05221cce609d,48,0,0.3843941688537597,0,0,0.1377901434898376,0,0,0.2248045802116394,0,0,0.6130284667015076,0,0,0.2318463027477264,0
46bf77c01c789723965f6180d1d217b0,48,0,0.3220770955085754,0,0,0.0013567118439823,0,0,0.1642179191112518,0,0,0.6164175271987915,0,0,0.736031711101532,0
46f349b7cabf56c2c2d9c1d069f8c564,48,1,0.6794745326042175,1,0,0.0250666178762912,0,0,0.6929201483726501,1,0,0.5620471239089966,0,0,0.3951060473918915,0
472672f4fbd1e5093c54346466ef8b6c,48,0,0.3285566866397857,0,0,0.0468464717268943,0,0,0.2903758585453033,0,0,0.2824191749095917,0,0,0.4320257604122162,0
472737987cecf2846b2f7453ec97a0e4,48,0,0.4166250228881836,0,0,0.3098021447658539,0,0,0.2871724367141723,0,0,0.2729030251502991,0,0,0.4104787707328796,0
4736524816401e7b31cfb0cac71d7a8e,48,0,0.4553197026252746,0,1,0.9569514989852904,1,0,0.4033722281455993,0,0,0.2250245660543441,0,0,0.1133491024374961,0
473ad58ee65663186dbab2bcae8cd0a7,48,0,0.5253851413726807,1,0,0.3838382363319397,1,0,0.3718317151069641,0,0,0.209093689918518,0,0,0.2167861610651016,0
474007ded9b6b99e3619a705ef34d0dc,49,0,0.3915951251983642,0,0,0.2550709247589111,0,0,0.1261546611785888,0,0,0.1527232825756073,0,0,0.0912744104862213,0
47415deef1ee1c384eeaa1c58ad56b79,49,0,0.3967565596103668,0,0,0.1559605002403259,0,0,0.3109308183193207,0,0,0.2405559122562408,0,0,0.4925116300582886,0
47437878d27d009dcc9fcda42255c2c8,49,0,0.2598445117473602,0,0,0.2723279595375061,0,0,0.2990292906761169,0,0,0.2532366812229156,0,0,0.4084882140159607,0
475274f175ac0685d9ef2153e5d8e47a,49,0,0.4069181680679321,0,0,0.5810735821723938,1,0,0.2397444397211074,0,0,0.4725004136562347,0,0,0.3303625881671905,0
475405daeac63ae42731ddf2b8a53508,49,0,0.4354243576526642,0,0,0.0067944005131721,0,0,0.1889656037092209,0,0,0.2806023061275482,0,0,0.0592887103557586,0
477e93583988faa67e54d97cc39a8df9,49,0,0.2437602132558822,0,0,0.8535625338554382,1,0,0.1958567798137664,0,0,0.2846421003341675,0,0,0.1423710733652115,0
4783897bac1d991d9a95f8c6bdb14766,49,0,0.6910854578018188,1,0,0.1379912942647934,0,0,0.2143851518630981,0,0,0.0496500171720981,0,0,0.0396101437509059,0
47ce4f0300b152a5d4e22f812f747292,49,0,0.5990926027297974,1,0,0.4173953533172607,1,0,0.4481993317604065,1,0,0.6521255970001221,0,0,0.173317015171051,0
47d8960b72621abb40a2544697b6308f,49,0,0.6379910111427307,1,0,0.3509509563446045,0,0,0.5581792593002319,1,0,0.5706631541252136,0,0,0.3457885086536407,0
47e9bd83458885c6edba8b24a267a392,49,1,0.6101369261741638,1,0,0.0194349680095911,0,1,0.9391033053398132,1,0,0.8792244791984558,1,0,0.7811556458473206,0
48170b1f039b7cd08841af54449b5018,49,0,0.6469478607177734,1,0,0.357111781835556,0,0,0.4848163723945617,1,0,0.3020879924297333,0,0,0.3339775204658508,0
48bcefd8a7e3b434f5680c174bd80ad4,49,0,0.2619627714157104,0,0,0.0359069630503654,0,0,0.0880662873387336,0,0,0.1812537908554077,0,0,0.1268646270036697,0
48f74b1df20e005b30cd5517ffe91aa4,49,0,0.2939108908176422,0,0,0.1779888868331909,0,0,0.1937978416681289,0,0,0.3097283542156219,0,0,0.3677607476711273,0
48fcc25810228823538d0392877fcce0,49,1,0.4833720028400421,0,0,0.0011059009702876,0,0,0.3449643850326538,0,0,0.7501881718635559,1,1,0.3441077172756195,0
4910dbe4c6e17a35ed2ba6e7f3d04ef8,49,1,0.4165529310703277,0,0,0.0147733883932232,0,0,0.3197891414165497,0,0,0.4532678425312042,0,0,0.818798303604126,0
49158aad3ffa8a556c9d4cc8efbcf58c,49,1,0.738639771938324,1,0,0.0323264971375465,0,0,0.3703342974185943,0,1,0.9151646494865416,1,0,0.6972981691360474,0
4924e87f8069a1e4d3bb55f7bbeecdab,50,0,0.128067746758461,0,0,0.0191993303596973,0,0,0.0781386271119117,0,0,0.3825415968894958,0,0,0.125772476196289,0
49381febdd648ccc7a190965fe5180bd,50,0,0.7134866714477539,1,1,0.8909952640533447,1,0,0.6706510186195374,1,0,0.1923972517251968,0,0,0.1104308366775512,0
493a7af11aa1a9a1a676aba29e0c6f9d,50,0,0.2575913369655609,0,0,0.0074243661947548,0,1,0.3441366255283355,0,0,0.4503830075263977,0,1,0.945313274860382,1
493d5f75237e5b3ee1846c170a393411,50,0,0.5053474307060242,1,0,0.0332419201731681,0,0,0.5067108273506165,1,1,0.8086897730827332,1,1,0.6506386995315552,0
494445ea1855b61dbabe65e39f6f6927,50,0,0.3990306854248047,0,0,0.92581707239151,1,0,0.2523796856403351,0,0,0.1801483929157257,0,0,0.1129169836640358,0
4957a9685207cc3eb8425318dc83fafb,50,0,0.420970469713211,0,0,0.0099908877164125,0,0,0.2563236057758331,0,0,0.5862962603569031,0,0,0.5153451561927795,0
49769691d05ec479aaee410f1553093d,50,1,0.582185685634613,1,0,0.2913290858268738,0,0,0.5041134357452393,1,1,0.8987597227096558,1,0,0.5543390512466431,0
4983daeac755e646cb10670f26f04168,50,0,0.2893374860286712,0,0,0.0650699883699417,0,0,0.3200446665287018,0,0,0.2716723382472992,0,0,0.2353401184082031,0
4988a69766a1c59921d0b747dab42457,50,1,0.7085217833518982,1,0,0.0228247847408056,0,0,0.2598317265510559,0,0,0.8073198795318604,1,0,0.0842504575848579,0
499855f7f211a8f2a5142182f1c6c177,50,0,0.4176588058471679,0,0,0.4050589799880981,1,0,0.1060724928975105,0,0,0.1394234895706176,0,0,0.1194169074296951,0
49c8db913e71138d6d0bbea0ab047490,50,0,0.2874919772148132,0,0,0.0002629405935294,0,0,0.0914360433816909,0,0,0.3104138374328613,0,0,0.5242815017700195,0
49cdb90b456d95c6b522acdbda2305c1,50,0,0.3236577808856964,0,0,0.3106289505958557,0,0,0.2623908817768097,0,0,0.3315504491329193,0,0,0.0978920981287956,0
49ff79c0235064bd067c31148066acf0,50,0,0.5655757188796997,1,0,0.4813636541366577,1,0,0.2008117288351059,0,0,0.4642914533615112,0,0,0.2728479206562042,0
4a3a03c8e79cd72efd984b4fef5c157e,50,0,0.768450140953064,1,0,0.491080105304718,1,0,0.6791934967041016,1,0,0.1331942975521087,0,0,0.0277167949825525,0
4a43a19ebccba17f3c1aa3b761298293,50,0,0.8085680603981018,1,1,0.2400490492582321,0,0,0.8148836493492126,1,0,0.3505561947822571,0,0,0.5166273713111877,0
4a6d4be950d20bd987baaabf6a986ab0,50,0,0.264385312795639,0,0,0.0117375357076525,0,0,0.0917115062475204,0,0,0.4094056785106659,0,0,0.4684232175350189,0
4a78111ddffd59513a73874c9978b3c2,51,1,0.7772472500801086,1,1,0.2978517413139343,0,1,0.9480540752410888,1,1,0.5981479287147522,0,0,0.5105093717575073,0
4a8a7088ed91ca054e7e0d6f36f11a61,51,0,0.3885011970996856,0,0,0.0151785043999552,0,1,0.2143143862485885,0,0,0.3873406648635864,0,1,0.8237212300300598,0
4a8ac39c7a3610502f46ae647da2ef19,51,0,0.4107846915721893,0,0,0.1666094958782196,0,0,0.3470422029495239,0,0,0.4448022842407226,0,0,0.2974660098552704,0
4aa26eed11820103f29614a3a42c2d4e,51,0,0.4305489063262939,0,0,0.0026180283166468,0,1,0.3561099767684936,0,0,0.4488196969032287,0,1,0.7803545594215393,0
4aaa644100b006b907aad188b7cbe342,51,0,0.7441258430480957,1,0,0.7599059343338013,1,0,0.3555503189563751,0,0,0.1716282963752746,0,0,0.0669919252395629,0
4aace7806718a917535d92c97eec097c,51,0,0.2201097905635833,0,0,0.44234099984169,1,0,0.1968284249305725,0,0,0.3915381729602813,0,0,0.2837174832820892,0
4adb2de9973bd84b83298d045891ee3e,51,0,0.4072300791740417,0,0,0.0093553336337208,0,0,0.2814900875091553,0,0,0.3505378067493438,0,0,0.3374228477478027,0
4b19ca098b479dd60cc2288ab680e3eb,51,0,0.5704511404037476,1,0,0.7035989761352539,1,1,0.335983395576477,0,0,0.6224373579025269,0,0,0.6321843266487122,0
4b4c014996678e36fa5aa1d74ff71a1a,51,0,0.5144174695014954,1,0,0.9395621418952942,1,0,0.4627247750759125,1,0,0.3730480670928955,0,0,0.2108727246522903,0
4b4d890639634f5cc8aaefc9fed962ca,51,1,0.5590315461158752,1,0,0.0491491928696632,0,0,0.5231315493583679,1,1,0.6385216116905212,0,0,0.6611654162406921,0
4b53f1475d0e4f4b617e7e3cb43bda2c,51,0,0.4804186820983886,0,0,0.6035443544387817,1,0,0.1749813854694366,0,0,0.3998008072376251,0,0,0.1293622106313705,0
4b544911d0421cdc60b42416c296a1eb,51,0,0.3735297322273254,0,0,0.0159869268536567,0,0,0.0856462717056274,0,1,0.2584308385848999,0,0,0.0639401823282241,0
4b60a9073eca2b480adde9c58e337d1a,51,0,0.3963170945644378,0,0,0.029526449739933,0,0,0.3236153125762939,0,0,0.542881429195404,0,0,0.3899603486061096,0
4b75a96397735f1435c1414abcb6b9ec,51,0,0.2811259627342224,0,0,0.0549082122743129,0,0,0.0774479061365127,0,0,0.1313062608242035,0,0,0.0104216812178492,0
4b7e11251461edb6c46b6acb16583eb2,51,0,0.4318311214447021,0,0,0.0030321737285703,0,0,0.2795204222202301,0,0,0.7833945751190186,1,1,0.7261564135551453,0
4b81d215ee6e2cb1d59cd812475c0172,51,0,0.445345789194107,0,0,0.0555449910461902,0,0,0.1883734762668609,0,0,0.1875461190938949,0,0,0.0520407781004905,0
4b848db9936cee0aa033439f83426f91,52,0,0.5224727988243103,1,0,0.2591829597949981,0,0,0.2046616077423095,0,0,0.2431797534227371,0,0,0.0834418460726738,0
4b8cfc33da08ab5309230eeeda306d3d,52,0,0.42383873462677,0,0,0.0173329729586839,0,0,0.3875283598899841,0,0,0.5269063711166382,0,0,0.6018880009651184,0
4b92edbb7f4cfebd83b4562c578d22c7,52,0,0.4140704572200775,0,0,0.0193965081125497,0,0,0.3492681086063385,0,0,0.3879924118518829,0,0,0.7543628215789795,0
4ba676bdd0c1b0c3876b6050c8fe0f31,52,0,0.5052582621574402,1,0,0.055221140384674,0,0,0.4282276630401611,0,0,0.403766393661499,0,0,0.4368284940719604,0
4bbddf35e1c4dfaa9c29d1fca909575f,52,0,0.1989239603281021,0,0,0.001218952354975,0,0,0.1461739838123321,0,0,0.4153356552124023,0,0,0.2759840786457062,0
4bc559f97e1d3c8c2ee52deef7de8811,52,0,0.4064069986343384,0,0,0.0489047020673751,0,0,0.1786227524280548,0,0,0.2429257184267044,0,0,0.082692913711071,0
4bed68bcc1b764cd964f5e96ca83884c,52,0,0.5297266244888306,1,0,0.1186259686946868,0,0,0.5330319404602051,1,0,0.5046257376670837,0,0,0.5211586356163025,0
4c213a6dd028309618851387389b7a30,52,0,0.5670868158340454,1,0,0.0131145175546407,0,0,0.1557734161615371,0,0,0.4455075562000274,0,0,0.0593284294009208,0
4c5cda3481350033d181e879d29f0135,52,0,0.3877639770507812,0,0,0.5935439467430115,1,0,0.1654352843761444,0,1,0.4885478019714355,0,0,0.3238411545753479,0
4c60b5ec140ae2e8611927fa82726f95,52,0,0.4615989327430725,0,0,0.3275493681430816,0,0,0.3771014511585235,0,0,0.4741092324256897,0,0,0.6674713492393494,0
4c942bf5c39903d0ac282810185ddf7a,52,0,0.3845337629318237,0,0,0.0340364649891853,0,0,0.074646808207035,0,0,0.3043662011623382,0,0,0.1605400592088699,0
4c97a58d5d0c427d1596a8b28f9964ad,52,0,0.3323468267917633,0,0,0.0234737545251846,0,0,0.2431419640779495,0,0,0.2950557172298431,0,0,0.2429101020097732,0
4c98b411d5440af477230c1152109235,52,0,0.5672242045402527,1,1,0.9021909832954408,1,0,0.4695879220962524,1,0,0.411293625831604,0,0,0.3649425804615021,0
4cc22fdb9c33ee883ca3f033c62928c4,52,0,0.2864004671573639,0,0,0.040226761251688,0,0,0.1740974187850952,0,0,0.4752159118652344,0,0,0.4653322696685791,0
4cc98e51df6aa3dee2c7c1763e3fd512,52,0,0.4410444796085357,0,1,0.8492202758789062,1,0,0.4110884964466095,0,0,0.2818765044212341,0,0,0.2909369170665741,0
4cd5e48c37b1e88e734e6e59dbf8bd6d,52,0,0.7766112089157104,1,0,0.8280730247497559,1,0,0.5326700806617737,1,0,0.2764028906822204,0,0,0.0227264873683452,0
4cf0e4032e75d8766b1a3881e8975fe7,53,0,0.326055645942688,0,0,0.3686056435108185,1,0,0.1524193733930587,0,0,0.1399399936199188,0,0,0.0867333188652992,0
4d2071baccfd994701c3a5ceb3f64f6f,53,0,0.6675183176994324,1,0,0.5558069348335266,1,0,0.3395624756813049,0,0,0.19082573056221,0,0,0.2845121920108795,0
4d22210e645f5c3ac3b98e06afd94046,53,0,0.5199643969535828,1,0,0.5495748519897461,1,0,0.3111816942691803,0,0,0.23992820084095,0,0,0.1378025710582733,0
4d3acb5e51c6ab03ed5bc7537125ffc2,53,0,0.4798868894577026,0,0,0.3195458948612213,0,0,0.3094518780708313,0,0,0.7696077823638916,1,0,0.3906588554382324,0
4d5b56a3024f00356ce28de7f499eaa1,53,0,0.2933016419410705,0,0,0.0211629271507263,0,0,0.0614717043936252,0,0,0.1668810248374939,0,0,0.0995342284440994,0
4d60dedd8acc1fc0c83596e2a0c6d0df,53,0,0.3610610663890838,0,0,0.0007355164270848,0,0,0.2813543379306793,0,0,0.5873525738716125,0,0,0.7603621482849121,0
4d656bcd93f3e99d46fde6c2fa36e7d4,53,0,0.4202888011932373,0,0,0.0038693503011018,0,0,0.1374854743480682,0,0,0.3521997630596161,0,0,0.1207086518406868,0
4db850f9587d4c21459ea09f9372be3d,53,0,0.4568948745727539,0,0,0.1247340440750122,0,0,0.5056585073471069,1,1,0.7857152819633484,1,0,0.4239756762981415,0
4dc355ac95a17cd1a361779cba717ade,53,0,0.2409517019987106,0,0,0.2417323887348175,0,0,0.1773955225944519,0,0,0.2467971593141555,0,0,0.2242998927831649,0
4dcaf539b6497ad02f2734e1b78c9678,53,0,0.6650109887123108,1,0,0.3505784571170807,0,0,0.3469959497451782,0,0,0.2279534339904785,0,0,0.1180994287133216,0
4de27ac8b1c575b620cc16780030086d,53,0,0.4426634907722473,0,0,0.1139675229787826,0,1,0.4151932001113891,0,1,0.8180996179580688,1,1,0.6622880697250366,0
4e1b57f8ff96232f8a73eca0e5d87475,53,0,0.7442495822906494,1,0,0.0331622697412967,0,0,0.7574295401573181,1,0,0.3336693346500397,0,1,0.5187093615531921,0
4e36b920e32cc309388138261b94f741,53,0,0.5701369643211365,1,0,0.8674814701080322,1,0,0.4072609543800354,0,0,0.2858777940273285,0,0,0.1221456304192543,0
4e60eda03b7df9196e6309009114f54b,53,0,0.2647984623908996,0,0,0.0085455505177378,0,0,0.158129945397377,0,0,0.3291352093219757,0,0,0.5149474143981934,0
4e6269ee38f7c8afc70792e62d0a05e8,53,0,0.336226612329483,0,0,0.0436352714896202,0,0,0.488467127084732,1,0,0.5644066333770752,0,0,0.6162453293800354,0
4e6377304c6519ef809c744ef376c319,53,0,0.3752794563770294,0,0,0.0812803581357002,0,0,0.1325463503599167,0,0,0.5166703462600708,0,0,0.1675755977630615,0
4e685bcf518b823638340e2cb20fbad8,54,0,0.6816798448562622,1,0,0.2127394676208496,0,1,0.5754939913749695,1,0,0.7273752689361572,1,1,0.2538928091526031,0
4e7c01fd1cfbfc54d2ac4913f6359be7,54,0,0.5733490586280823,1,0,0.009180468507111,0,0,0.3163083791732788,0,0,0.221360445022583,0,0,0.0824153646826744,0
4eef841c5708308c2ff8957ebc79ae06,54,0,0.3351930677890777,0,0,0.2397956401109695,0,0,0.0695603787899017,0,0,0.1028940752148628,0,0,0.0586288720369339,0
4ef47d5bbd7105f7c7558bbb51735d36,54,0,0.5854690074920654,1,0,0.8937485814094543,1,0,0.609381914138794,1,0,0.4704674780368805,0,0,0.2018886059522628,0
4ef769d2aaadffc2343a01771a9d378c,54,0,0.2604228854179382,0,0,0.0048490138724446,0,0,0.1125582233071327,0,0,0.2587063610553741,0,0,0.2871652543544769,0
4f5fe9950e605a42d75ea7bfb8230866,54,0,0.228671595454216,0,0,0.0470361150801181,0,0,0.2818770408630371,0,0,0.4069942533969879,0,0,0.2789773344993591,0
4f737958fc5a7d9805f4a94f70cfc5a2,54,0,0.4156368374824524,0,0,0.031557846814394,0,1,0.7620997428894043,1,0,0.6450310349464417,0,0,0.7599419951438904,0
4f7ce99ee360877a27e4e34a03d71bfd,54,0,0.4215063154697418,0,0,0.5832095742225647,1,0,0.1527122259140014,0,0,0.2560059130191803,0,0,0.2880663871765136,0
4fba6d90e4c0141270b19446fbc97796,54,0,0.5157275795936584,1,0,0.1350494623184204,0,0,0.2498927563428878,0,0,0.2317847162485122,0,0,0.3487036824226379,0
4fcf87976ca07858d6ee9af47b2a719c,54,0,0.4135288596153259,0,0,0.2215541899204254,0,0,0.1848271042108535,0,0,0.4549547731876373,0,0,0.5420747995376587,0
4fd4306bfaeb5322082642bee9ef3ff8,54,0,0.4176329970359802,0,0,0.0016149991424754,0,0,0.3836539387702942,0,0,0.7716214060783386,1,0,0.3306662142276764,0
4fef4a4c55426766f8eaff240f1050dd,54,0,0.5735857486724854,1,0,0.2081005871295929,0,0,0.4974279999732971,1,0,0.5124847888946533,0,0,0.6151547431945801,0
4fef5faf22105d6c29f218236dd44d66,54,0,0.3095144927501678,0,0,0.0141765773296356,0,0,0.0590817667543888,0,0,0.2744266986846924,0,0,0.1664850413799286,0
5037a5f519c01608134b5e73e2d9e8ed,54,0,0.4386334121227264,0,0,0.0805527493357658,0,0,0.2049623429775238,0,0,0.3572950661182403,0,0,0.1809856593608856,0
503929d8c09942a6e67c9045debaf523,54,0,0.784490168094635,1,1,0.7844244837760925,1,0,0.7237818241119385,1,0,0.317131370306015,0,0,0.4514258503913879,0
50772fd4aff6e953333b6812356040f7,54,0,0.4512787163257599,0,0,0.3584293723106384,0,0,0.2314163148403167,0,0,0.581659197807312,0,0,0.2129220366477966,0
5085aa895168d112f671ae18b22dc0df,55,1,0.8237518072128296,1,0,0.1982103735208511,0,0,0.8095627427101135,1,0,0.5636522769927979,0,0,0.2887903749942779,0
509b0a6e32afb4094897a916b3c72486,55,0,0.4848635196685791,0,0,0.4584875404834747,1,0,0.3367427587509155,0,0,0.3836523294448852,0,0,0.1415469646453857,0
509d5c6ba1cef46882db2c2e86bdfb2a,55,0,0.3926008343696594,0,0,0.0278441719710826,0,0,0.1087064743041992,0,0,0.179572120308876,0,0,0.1811908036470413,0
50ab3d3a339eaeeb929368cb63599ea7,55,0,0.4671674966812134,0,0,0.3817804455757141,1,0,0.3679738342761993,0,0,0.4417099058628082,0,0,0.4810296595096588,0
50ab53e4414b6551c81b447fee0e43c5,55,0,0.4930558800697326,0,0,0.5974581241607666,1,0,0.1547911912202835,0,0,0.3152940571308136,0,0,0.053309392184019,0
5118cbe9894006f58312565294e85556,55,1,0.5192629098892212,1,0,0.0379195995628833,0,1,0.718255341053009,1,0,0.5447465777397156,0,1,0.6689373254776001,0
511d77216f874b95d6070d31abb5ac6d,55,0,0.7368961572647095,1,1,0.6906389594078064,1,0,0.550341784954071,1,0,0.4555272459983825,0,0,0.4810751378536224,0
5125bef2ea04ca1c3c197576ffccebe5,55,0,0.3207214772701263,0,0,0.3142643272876739,0,0,0.2512519061565399,0,0,0.2211648672819137,0,0,0.5682229995727539,0
512ab0e4091190c453987236dd18c14e,55,0,0.2949148118495941,0,0,0.0091314939782023,0,0,0.1379134356975555,0,0,0.4001798331737518,0,0,0.3888889253139496,0
512bac5557727b83dd78d39052adf936,55,0,0.5553931593894958,1,0,0.0506457798182964,0,0,0.7343361973762512,1,0,0.6699778437614441,0,0,0.3548519015312195,0
5149be077d0b6e167ccc0f9c3e3de686,55,0,0.5493471026420593,1,0,0.0266535896807909,0,0,0.1379052549600601,0,0,0.2365936338901519,0,0,0.1530837118625641,0
5157d5c9b1f0004b29310652ea54e825,55,0,0.3733340203762054,0,0,0.0368961244821548,0,0,0.226845771074295,0,0,0.2935161888599396,0,0,0.1874130517244339,0
5164cecc1932454bd2f467ebb4ea0650,55,1,0.2784706950187683,0,0,0.0587198249995708,0,0,0.1041480675339698,0,1,0.5059101581573486,0,1,0.159499391913414,0
5166706a90bb749862f3e3a5b7dd52fb,55,0,0.289115309715271,0,0,0.0075508314184844,0,0,0.140150561928749,0,0,0.3915024101734161,0,0,0.1671033799648285,0
5175798e4a23ac250b47c0c4fd83a725,55,0,0.283703476190567,0,0,0.0174545999616384,0,0,0.3181577622890472,0,0,0.3442384600639343,0,0,0.2815708220005035,0
51b7daabe78f2a56ec22993e3a77dd3b,55,0,0.381348043680191,0,0,0.5152175426483154,1,0,0.2192695140838623,0,0,0.4540902972221374,0,0,0.3573153913021087,0
51ba8d89de58ac80db86507e11dcfd03,56,0,0.5688511729240417,1,0,0.0105351591482758,0,1,0.6920698881149292,1,0,0.4083546698093414,0,0,0.5086383819580078,0
51c54b6e7df33f0ae4456131227d2a9a,56,0,0.2396825104951858,0,0,0.0081097474321722,0,0,0.1302714943885803,0,0,0.3477510213851928,0,0,0.3864688873291015,0
51dcd45e616257b874c6017e46737417,56,1,0.6623479723930359,1,0,0.1661183983087539,0,0,0.507400393486023,1,0,0.5994774699211121,0,0,0.611663818359375,0
51f634dd2e12def131b68288f1e7eca1,56,0,0.3517147898674011,0,0,0.4238480925559997,1,0,0.123395100235939,0,0,0.2138096094131469,0,0,0.2898710072040558,0
521737fe7ce420e5fe1864c36f1f1865,56,0,0.3876023292541504,0,0,0.0036463420838117,0,1,0.2646985948085785,0,1,0.477635383605957,0,1,0.6800823211669922,0
523a0dcc2fdba0812176614c5302258c,56,0,0.2957417666912079,0,0,0.2271042019128799,0,0,0.1011666655540466,0,0,0.2169785946607589,0,0,0.1626712381839752,0
524c4a83f27a9e1f28921213261850a7,56,0,0.3892767131328583,0,0,0.3328149020671844,0,0,0.2678427994251251,0,0,0.5492299199104309,0,0,0.2013285905122757,0
5254623fe2189d170d018917e5833c79,56,0,0.6692852973937988,1,0,0.2100742310285568,0,0,0.7639696002006531,1,0,0.5218439698219299,0,0,0.7352930307388306,0
52547b2bd82aff7a631e41b23990a9ab,56,0,0.724739134311676,1,0,0.7379143834114075,1,0,0.4648922979831695,1,0,0.298450767993927,0,0,0.06136354804039,0
5263004c6cdd4b53933a5669c3a4975f,56,0,0.2653568685054779,0,0,0.0064835869707167,0,0,0.0591008365154266,0,0,0.2333260923624038,0,0,0.0075092702172696,0
527cb2595339f9379a4af358760e9a50,56,0,0.6966429352760315,1,0,0.7595056891441345,1,0,0.3895058333873749,0,0,0.3136539161205292,0,0,0.4773446321487427,0
5280b2f1ea5c084e2bd8f2fe9447ab84,56,1,0.2910532355308532,0,0,0.0066074286587536,0,1,0.4630661904811859,1,0,0.4026435911655426,0,1,0.8498108386993408,0
528800fde9832ed21a8c8c6f45cddf14,56,0,0.4197283983230591,0,0,0.0972770154476165,0,0,0.1973193287849426,0,0,0.3582403063774109,0,0,0.456943541765213,0
529e1b84a553a1eace23e78a49d041aa,56,0,0.5120778679847717,1,0,0.1820361763238906,0,0,0.331138402223587,0,0,0.4337505400180816,0,0,0.216693639755249,0
52c4db1817a8262a7c2afa9c49a4210c,56,0,0.4445145428180694,0,0,0.1095745116472244,0,0,0.4027610719203949,0,0,0.8093012571334839,1,0,0.1198254227638244,0
52c52586097de7c4e1aa3761d28bb5e3,56,0,0.5081714391708374,1,0,0.5189974904060364,1,0,0.2768738865852356,0,0,0.2678748071193695,0,0,0.0607406385242939,0
52e03964d4f942fc325a3154e88c4289,57,0,0.738897442817688,1,0,0.6017537713050842,1,0,0.520950436592102,1,0,0.3603295683860779,0,0,0.275532454252243,0
52e9686ffccd0f4d3a6c58de8a12259b,57,0,0.4017657339572906,0,0,0.0047533297911286,0,1,0.4367554783821106,1,0,0.6601882576942444,0,1,0.7721371650695801,0
52fc86cf7b4c993c983ed3412e781ebf,57,0,0.3034561276435852,0,0,0.3129872679710388,0,0,0.1269256919622421,0,0,0.2100031971931457,0,0,0.0752239972352981,0
53272263f44e3360b23a54230f7becf7,57,0,0.604179859161377,1,0,0.2850096523761749,0,0,0.4243695139884949,0,0,0.2910036742687225,0,0,0.3866327702999115,0
533bf2420ef58839a93d4fcbec6e27ec,57,0,0.3264042139053345,0,0,0.1479640156030655,0,0,0.2272345274686813,0,0,0.6529727578163147,0,0,0.6122774481773376,0
533e87c55ad38b554f3ff19bf751eb14,57,0,0.4123926758766174,0,0,0.0141052100807428,0,0,0.3894063234329223,0,0,0.2932870388031006,0,0,0.568071186542511,0
5341b6bd8338f8a8374c18b19f737e9a,57,0,0.5500273108482361,1,0,0.0904910638928413,0,0,0.5719348788261414,1,0,0.4871280491352081,0,0,0.7271247506141663,0
53675dd5b4676fb96d77abf225209f41,57,0,0.6044853925704956,1,0,0.3222574889659881,0,0,0.5104994773864746,1,0,0.4307776987552643,0,0,0.4464496076107025,0
536b5b1ff8d718e73afa20299daa9578,57,0,0.3852025270462036,0,0,0.5375604033470154,1,0,0.45242840051651,1,0,0.4628741443157196,0,0,0.3392282724380493,0
53881e3f1cab94cd71cf490b9ac5dbe9,57,1,0.7487767934799194,1,0,0.3896286189556122,1,0,0.8112677931785583,1,0,0.3246078789234161,0,0,0.0587498024106025,0
53ae3d1a464529cb387ce44aa655846f,57,0,0.3633314967155456,0,0,0.0082966266199946,0,0,0.1493610888719558,0,1,0.7218775749206543,1,1,0.2657316327095032,0
53ee044ed59a68c2d089f8a8f0bd620e,57,0,0.2873153984546661,0,0,0.111627921462059,0,0,0.1321124136447906,0,0,0.2987526953220367,0,0,0.3275615572929382,0
53f6b9d988c8195673ea55343c046187,57,0,0.3528149127960205,0,0,0.1315487325191497,0,0,0.1041650474071502,0,0,0.1297054290771484,0,0,0.1193613782525062,0
5424def929d8cb11e03df4a5c02df124,57,0,0.548429012298584,1,0,0.0410730168223381,0,0,0.1308336853981018,0,0,0.3358972668647766,0,0,0.0698112249374389,0
543063d457e1f7416a0b80b451064f43,57,0,0.2799901962280273,0,0,0.016403678804636,0,0,0.2192996442317962,0,0,0.661651611328125,0,0,0.3543160557746887,0
543f81bf4d0f157b27ce10063bed1c66,57,0,0.4168722927570343,0,0,0.1347727477550506,0,0,0.1419762969017028,0,0,0.2600980103015899,0,0,0.0954693108797073,0
5468cd29e7d6db0d551f2497bed48387,58,0,0.666795551776886,1,1,0.8689791560173035,1,0,0.4926177859306335,1,0,0.5484802722930908,0,0,0.4115009009838104,0
547c3618a312f5c3cb3095d457483a57,58,0,0.3216871619224548,0,0,0.1740317046642303,0,0,0.2464494854211807,0,0,0.3264400362968445,0,0,0.1192766949534416,0
548cf3241eba5f1482caac5fbc0b9fee,58,0,0.2886406183242798,0,0,0.0016823539044708,0,1,0.2442859411239624,0,0,0.7185811996459961,1,0,0.6793934106826782,0
54a6bb5b22305b51f9a17728202d1180,58,0,0.4654077589511871,0,0,0.0716930851340293,0,0,0.419249027967453,0,0,0.40688356757164,0,0,0.2970175445079803,0
54cf3b86aba7151a1bbca30db954307e,58,0,0.4472662806510925,0,0,0.1199676841497421,0,0,0.3065628409385681,0,0,0.5117901563644409,0,0,0.6343010663986206,0
54fb9abeb8e92ec3f690a7455d892c3a,58,1,0.4405188262462616,0,0,0.0209190342575311,0,0,0.3278650343418121,0,0,0.3959385454654693,0,1,0.6092231273651123,0
552e53af89d7ae4c482cb935ac1542b7,58,0,0.4202151000499725,0,0,0.0008300066692754,0,1,0.4110672771930694,0,0,0.6455602049827576,0,1,0.7979285717010498,0
5559843d1f057bcaa0d9b5d56a9a3d46,58,0,0.5310767889022827,1,0,0.5012102127075195,1,0,0.2275884002447128,0,0,0.3527412712574005,0,0,0.3388929367065429,0
558622a97e3722ee974a2c8dddc4ca80,58,0,0.8120624423027039,1,0,0.1775214821100235,0,0,0.4492522180080414,1,0,0.1107310429215431,0,0,0.0071652242913842,0
558b20219d89e3918384de0ffffaec60,58,0,0.567195475101471,1,1,0.6357443928718567,1,0,0.308945894241333,0,0,0.6683052778244019,0,0,0.3351856470108032,0
55a3c0036c2d994975cfd350a79cf69e,58,0,0.6632234454154968,1,1,0.5812698006629944,1,0,0.4194835126399994,0,0,0.3608650863170624,0,0,0.2228222340345382,0
55af1c9a0c2d59b4b6a07797df35b0d5,58,0,0.3105781078338623,0,0,0.0401441045105457,0,0,0.1724723279476165,0,0,0.2959185242652893,0,0,0.1061371713876724,0
560ff4beac01961b07e664cda2419933,58,0,0.1738027036190033,0,0,0.0074115120805799,0,0,0.0420132279396057,0,0,0.2399961948394775,0,0,0.0654956772923469,0
56237d3770e31568eb965067d2d948af,58,0,0.6745165586471558,1,1,0.5951822996139526,1,0,0.4815850257873535,1,0,0.4342191815376282,0,0,0.5552301406860352,0
5638340de6412cce7a4b7a81b7b1d92a,58,0,0.4933637082576751,0,0,0.1037788093090057,0,0,0.3767429292201996,0,0,0.2184250354766845,0,0,0.1403380334377288,0
564141a415cfa32841bb2de146faa5eb,58,0,0.3584380745887756,0,0,0.3826737105846405,1,0,0.3429058194160461,0,0,0.3486026525497436,0,0,0.3655962646007538,0
5644031df0b3584a477f0454acb7b291,59,1,0.7000446319580078,1,0,0.0528629533946514,0,1,0.9760141968727112,1,0,0.4653761386871338,0,0,0.1468987166881561,0
566a004f7fbde95775f15ece4975d65a,59,0,0.3761380612850189,0,0,0.0410369001328945,0,0,0.2864552140235901,0,0,0.5020192265510559,0,0,0.627555251121521,0
56beeb20098b516474d17a9c36b23c7c,59,1,0.6593964099884033,1,1,0.5028295516967773,1,0,0.7167372107505798,1,0,0.6877366900444031,1,0,0.5139743089675903,0
56cb181941ae9b45448469cc0e420ba7,59,0,0.5257056355476379,1,0,0.5830373167991638,1,0,0.2924854755401611,0,0,0.2330104410648346,0,0,0.3259555697441101,0
56df1818b6567b2e812e615365b22e60,59,0,0.3111514151096344,0,0,0.0312557481229305,0,0,0.06487388163805,0,0,0.1730695068836212,0,0,0.0679119378328323,0
56e3aa531cd2b4c2a597657ce69bea4f,59,1,0.8097867965698242,1,0,0.5074470639228821,1,0,0.8035717010498047,1,0,0.6372268199920654,0,0,0.7257019877433777,0
56f24c084776e6bef2576015b4caf11d,59,0,0.3523870706558227,0,0,0.3014701306819916,0,0,0.0544625297188758,0,0,0.2316274642944336,0,0,0.0678052380681037,0
570cc0e3366db46a98ef038a6b5f0489,59,0,0.3549875319004059,0,0,0.0026999292895197,0,0,0.069008007645607,0,0,0.200023666024208,0,0,0.1020397618412971,0
57169906bb821d83315d3291af052418,59,0,0.5950742959976196,1,0,0.508844792842865,1,0,0.3540309071540832,0,1,0.6103701591491699,0,0,0.5968136787414551,0
5790429cd6ee14e2fbce734dba47dc21,59,0,0.3332610726356506,0,0,0.0136144822463393,0,0,0.1171091347932815,0,0,0.3043915927410126,0,0,0.1138606518507003,0
5797ed009ccc4840c86e430aa66f3e8e,59,0,0.1833742558956146,0,0,0.0002076614036923,0,0,0.0752365142107009,0,0,0.3665743470191955,0,0,0.2341934442520141,0
57a1009ac321900b0c1743e721e3a1e5,59,0,0.4985867142677307,0,0,0.1980732530355453,0,0,0.3345482349395752,0,0,0.2533482313156128,0,0,0.2638320922851562,0
57a1a6b02398e336508aa57ecf962e74,59,0,0.4563750028610229,0,1,0.3580701351165771,0,1,0.5904941558837891,1,0,0.5175600647926331,0,1,0.7168782353401184,0
57a32a219495bdff5cd72597688a46d2,59,0,0.5672793984413147,1,1,0.8660591244697571,1,0,0.4056993722915649,0,0,0.6595453023910522,0,0,0.3193073272705078,0
57b473e8eaf284e0d3321d9def714930,59,0,0.4842195510864258,0,0,0.4689186215400696,1,0,0.1949440687894821,0,0,0.3108445703983307,0,0,0.2530972957611084,0
57c89de7d680ee5e4a85d047c68b6050,59,0,0.4554784297943115,0,0,0.0641693696379661,0,0,0.3266045153141022,0,0,0.3928762972354889,0,0,0.2598578035831451,0
57ced2cce18cbee790add6d5d3330aa1,60,0,0.382150650024414,0,0,0.7302820086479187,1,0,0.1933059245347976,0,0,0.2138485312461853,0,0,0.0296627283096313,0
57d8fda3ee850a41defcfd7e17673395,60,0,0.4872464835643768,0,0,0.197469413280487,0,0,0.26531982421875,0,0,0.640945553779602,0,0,0.4530606865882873,0
57efd697f8ed1fe9bd4c44a139b7aa66,60,0,0.634148359298706,1,0,0.0971080213785171,0,0,0.3427746295928955,0,0,0.3860216438770294,0,0,0.4193638563156128,0
57f397ca3063fa50ecf48b1929e9afba,60,0,0.5664558410644531,1,1,0.4315910935401916,1,0,0.3899994790554046,0,0,0.8332527875900269,1,0,0.3481689095497131,0
57fdcbf8bf0215b154b097ee3cbe7c10,60,0,0.3742487728595733,0,0,0.0095345238223671,0,0,0.0721902102231979,0,0,0.2116747945547104,0,0,0.0852300524711608,0
580909ae5a366bc3fd7524d97cf1e771,60,0,0.3081018030643463,0,0,0.6697262525558472,1,0,0.2147592455148697,0,0,0.4132823348045349,0,0,0.1098435670137405,0
5817c3257a58b34a43122134fc3115f9,60,0,0.470085084438324,0,0,0.017699534073472,0,0,0.2923138737678528,0,0,0.4699394404888153,0,0,0.5286791324615479,0
5820b002c7643e23208a87a986818348,60,0,0.4033355414867401,0,0,0.139503613114357,0,0,0.1808070838451385,0,0,0.3681356906890869,0,0,0.2061676681041717,0
5852bd535b5b625b64bc5b8c2f59f0b3,60,0,0.5615339279174805,1,0,0.0133229913190007,0,0,0.5340311527252197,1,0,0.3984444141387939,0,0,0.327088326215744,0
585e0273f62af98bf949addee0a2efea,60,0,0.2986007332801819,0,0,0.2586065828800201,0,0,0.3438657522201538,0,0,0.2351588755846023,0,0,0.306816816329956,0
58675a9b3a6015291c518c1327d81ab5,60,0,0.6018516421318054,1,0,0.0956441834568977,0,0,0.3347923457622528,0,0,0.3554049134254455,0,0,0.729224443435669,0
588634981efe8a011372632c6d76eea0,60,1,0.5913003087043762,1,0,0.1300398707389831,0,0,0.4916396737098694,1,0,0.4091984331607818,0,0,0.5921451449394226,0
5889a7857b883db3bee6ad8ed4a6f955,60,0,0.2512487471103668,0,0,0.0068172425962984,0,0,0.1814361065626144,0,0,0.4827312231063843,0,0,0.6106694936752319,0
588b9e528e57a25e8985888133d3af61,60,0,0.5135652422904968,1,1,0.2461468577384948,0,0,0.7258443832397461,1,0,0.3636612594127655,0,0,0.497687816619873,0
58a34363814d97cd8dd5c26f5673d6cb,60,0,0.5096642971038818,1,0,0.1354419738054275,0,0,0.275920420885086,0,0,0.2059410661458969,0,0,0.108657069504261,0
58baa9b0269a2987f5475a554033c4b1,60,0,0.3960157036781311,0,0,0.0354210473597049,0,0,0.2060455679893493,0,0,0.370955228805542,0,0,0.114923320710659,0
58d2bf66beb82854825bef7db742819f,61,0,0.3833270370960235,0,0,0.0017142662545666,0,0,0.1779858767986297,0,0,0.2378544211387634,0,0,0.3796246349811554,0
58d5bdf590c4892a7a1dff01b6be48ba,61,0,0.4681884944438934,0,0,0.0296481605619192,0,0,0.151625245809555,0,0,0.2309705913066864,0,0,0.1042202189564704,0
58d76e6dae9bbb3a24fe79f771b735a6,61,0,0.4423828125,0,0,0.0268140360713005,0,0,0.2264569401741027,0,0,0.415375292301178,0,1,0.6149504780769348,0
5927e15c854e4b6ba3fda0539251b91a,61,0,0.5818254351615906,1,0,0.7141002416610718,1,0,0.5200108289718628,1,0,0.4363304376602173,0,0,0.3706795573234558,0
594fb89413087c080ddd2c97a3f6acf0,61,0,0.4284699261188507,0,0,0.2734936475753784,0,0,0.3196153938770294,0,0,0.6410565972328186,0,0,0.371901273727417,0
59779a96f5abd70d14a67ebdd4502d60,61,0,0.6771266460418701,1,0,0.3749268054962158,1,1,0.8244644999504089,1,0,0.5601814389228821,0,1,0.79148930311203,0
5994672502a02f2e1d49b164e16ab4af,61,0,0.304528534412384,0,0,0.1998890340328216,0,0,0.0923619791865348,0,0,0.3269037008285522,0,0,0.1339252144098281,0
5995bef3891e94a9666695e1302247cc,61,0,0.2685003578662872,0,0,0.0082711642608046,0,0,0.1041583865880966,0,0,0.5751819014549255,0,0,0.2240994423627853,0
59c201e80a79922c74bf490f5f571369,61,0,0.3060894012451172,0,0,0.0431549735367298,0,0,0.0731792077422142,0,0,0.2738445401191711,0,0,0.0649555176496505,0
59c9c25f625f58bb64d3c79ddf8f2780,61,0,0.682136595249176,1,0,0.4597014486789703,1,0,0.5495801568031311,1,0,0.6722056269645691,0,0,0.3612774610519409,0
59da30abf63819b706a361028157735e,61,0,0.3983837068080902,0,0,0.0110743269324302,0,0,0.3141535818576813,0,0,0.3054398000240326,0,0,0.2475802153348922,0
59da7ba739c19ecee53fbcb6f6d1f707,61,0,0.4843725562095642,0,0,0.4686837196350097,1,0,0.2713740170001983,0,0,0.2245769202709198,0,0,0.1472778171300888,0
5a09dc583a83bf49eb3a245a4dcbea1d,61,0,0.5847967267036438,1,0,0.3758940398693084,1,0,0.3692801594734192,0,0,0.585472583770752,0,0,0.0978915840387344,0
5a29c1b605b7a41733a9bbecdd70de2b,61,0,0.5521500706672668,1,0,0.5085184574127197,1,0,0.4654509425163269,1,0,0.3850394487380981,0,0,0.649685800075531,0
5a2e907a3101a321fb0906de1a110006,61,0,0.322253555059433,0,0,0.0163991469889879,0,0,0.1093648523092269,0,0,0.3182206451892853,0,0,0.1312266290187835,0
5a4adb39fcdcf0851d445970acfa17e7,61,1,0.382114976644516,0,0,0.1734888404607772,0,1,0.6506436467170715,1,0,0.2945558428764343,0,1,0.5280141234397888,0
5a5364fb4f700d6a3daad03dc7a3eefc,62,0,0.4204743504524231,0,0,0.1985017210245132,0,0,0.3723591268062591,0,0,0.5894047021865845,0,0,0.1703024208545684,0
5a5981d693eb84fee6381d8e41a3e27d,62,1,0.461816668510437,0,0,0.0551123768091201,0,1,0.8770970702171326,1,1,0.8585983514785767,1,0,0.637416422367096,0
5a719936747485b2902623a89643a508,62,0,0.6378313899040222,1,1,0.647101879119873,1,0,0.531683623790741,1,1,0.603813111782074,0,0,0.3100066184997558,0
5a823d8330fbfc71c32173de09b74b01,62,0,0.5229906439781189,1,1,0.2800650000572204,0,0,0.3345015347003937,0,0,0.5170050263404846,0,0,0.6026069521903992,0
5a85e877ecee5e7fd6cf3b9a4bc802d2,62,0,0.2961426675319671,0,0,0.1553791612386703,0,0,0.2797357141971588,0,0,0.725632905960083,1,0,0.6571041941642761,0
5aa416acbc31207ebc35faed872c8e3d,62,0,0.3619855344295501,0,0,0.3734415173530578,1,0,0.2783301770687103,0,0,0.342192143201828,0,0,0.3862510621547699,0
5ab94e57ccb8175f3b1969059c55ea9d,62,0,0.4079877734184265,0,0,0.0661591216921806,0,0,0.1223748102784156,0,0,0.2685008347034454,0,0,0.0992867574095726,0
5acff5ccf1bcb3137e2c12dc99919396,62,0,0.5020838379859924,1,0,0.780650794506073,1,0,0.4275244772434234,0,0,0.4417572617530823,0,0,0.4921756982803345,0
5ae703e09cb7b139ccb6824a79d26efa,62,1,0.7671217322349548,1,0,0.2499149143695831,0,0,0.3327711224555969,0,0,0.1065265089273452,0,0,0.0488810688257217,0
5af59b2dc1595664ab6aaf11ea7887af,62,0,0.4010071158409118,0,0,0.0162149462848901,0,0,0.2445847690105438,0,0,0.2308399081230163,0,0,0.2609204053878784,0
5b12004cef17343beaf944f5868016c3,62,0,0.4555296599864959,0,0,0.1358866095542907,0,0,0.2367321103811264,0,0,0.098329059779644,0,0,0.0597806088626384,0
5b1e75dd15524be14eb8722cb4370490,62,0,0.4592824876308441,0,0,0.0486969798803329,0,0,0.2549490928649902,0,0,0.3391871750354767,0,0,0.2756165266036987,0
5b26309e228cdffb49fee96063e2c880,62,0,0.1272957324981689,0,0,0.0007155521889217,0,0,0.0322167389094829,0,0,0.2027939260005951,0,0,0.0259648989886045,0
5b26a75de620121bcdf0b76e15fbbd3f,62,0,0.6116705536842346,1,1,0.0698467642068862,0,1,0.3936837613582611,0,0,0.5239137411117554,0,0,0.5026167631149292,0
5b3620a56668010877cfafa9322e18b5,62,0,0.4737390875816345,0,0,0.0925356447696685,0,0,0.209153413772583,0,0,0.3708760142326355,0,0,0.3491808474063873,0
5b50b56feb8f2129463d1c825ceb00f0,62,0,0.548427164554596,1,0,0.0822269096970558,0,0,0.3372677266597748,0,0,0.4947404861450195,0,0,0.7750961184501648,0
5b60ed5c54d1c07ce7c02515c7499c1c,63,0,0.7550638318061829,1,0,0.2924737334251404,0,0,0.5425808429718018,1,0,0.2945270538330078,0,1,0.0785429179668426,0
5b6707d336c733e0a8d4233bb08483c7,63,0,0.1693217456340789,0,0,0.0437685847282409,0,0,0.0828903689980506,0,0,0.4206334948539734,0,0,0.1280576437711715,0
5b77e693767a6cf469f16bd9e498f780,63,0,0.3784388899803161,0,0,0.4190917611122131,1,0,0.1643256396055221,0,0,0.3115178048610687,0,0,0.1709454804658889,0
5b7e2ccb87c1e20394f7a84f3bb8c821,63,0,0.2138448804616928,0,0,0.0382401496171951,0,0,0.0521431639790535,0,0,0.2659236788749695,0,0,0.0459274426102638,0
5ba0a669fd3430e9386758e838210b98,63,0,0.8062203526496887,1,0,0.0820800885558128,0,0,0.4464201629161834,1,0,0.1463547945022583,0,0,0.0641327872872352,0
5ba94d99f827e546b59846aa66eea08c,63,0,0.5882570743560791,1,0,0.4975258409976959,1,0,0.5736427307128906,1,0,0.4652133584022522,0,0,0.5870819687843323,0
5bac00dc9f948cebf2b3abe05a1ed729,63,0,0.5638900995254517,1,0,0.2940750420093536,0,0,0.4135337471961975,0,0,0.7017710208892822,1,0,0.286016970872879,0
5bb1e2eb9e2886652aa3a4c4ab01ae7a,63,0,0.2883805334568023,0,0,0.0209698099642992,0,0,0.4233214855194092,0,0,0.2348197251558303,0,0,0.5699365735054016,0
5bdeac502c30eb11341c174fd8276e4d,63,0,0.3316879272460937,0,0,0.0021926590707153,0,0,0.2415725886821746,0,0,0.4538132846355438,0,0,0.4841553866863251,0
5be05d9818c57db3635e33dca8315507,63,0,0.3438630402088165,0,0,0.0247787311673164,0,0,0.0892806947231292,0,0,0.1557323783636093,0,0,0.1006082594394683,0
5beee832c007826c93c25ba287ee4d48,63,0,0.8034932613372803,1,1,0.6147680878639221,1,1,0.7123652696609497,1,0,0.4486143290996551,0,0,0.1680622696876526,0
5bfab539ea74f0a5051707ca62f562b6,63,0,0.3430638313293457,0,0,0.6533018946647644,1,0,0.2946229577064514,0,0,0.4561933875083923,0,0,0.3350110352039337,0
5c0e796a597b61fba079b721221267a4,63,0,0.2586703300476074,0,0,0.1088003143668174,0,0,0.1350892633199691,0,0,0.228232204914093,0,0,0.3846059143543243,0
5c0fa88ca172de9b668b330f0b4d7e60,63,0,0.2991049885749817,0,0,0.001387509284541,0,0,0.1057753711938858,0,0,0.5591380000114441,0,0,0.214883267879486,0
5c1dd749315a3713355b35ab28fdebb9,63,1,0.6561338305473328,1,1,0.4964450001716614,1,0,0.6788648962974548,1,0,0.6603730320930481,0,0,0.9331406950950624,1
5c22ee484c55a079ac153153368ecd60,63,1,0.6943579316139221,1,1,0.2912955582141876,0,1,0.7221153378486633,1,0,0.6937519907951355,1,0,0.72221839427948,0
5c4202e130bd01f555e57d8503de6491,64,0,0.4100251495838165,0,0,0.1880878508090973,0,0,0.2207679003477096,0,0,0.3688505887985229,0,0,0.0882674753665924,0
5c55f871429730b84a8ee275839b8aae,64,0,0.4293785989284515,0,0,0.0404340662062168,0,0,0.4613484144210815,1,0,0.4868486821651459,0,0,0.7834812998771667,0
5c696936abfc9bbded3d8fd2fa853678,64,0,0.5338257551193237,1,0,0.0135640054941177,0,0,0.2544096112251282,0,0,0.2108897566795349,0,0,0.498504489660263,0
5c6ffc9cdf3d6d485aaf30a52eb9b525,64,0,0.5008602142333984,1,0,0.1428035050630569,0,0,0.2905187606811523,0,0,0.2630079388618469,0,0,0.083413541316986,0
5ca63942b0365ee7a3b26b6453f4076d,64,0,0.786867082118988,1,1,0.8863336443901062,1,1,0.4224373996257782,0,0,0.5971878170967102,0,0,0.0515563115477561,0
5cd3d3d32b73aba570d20a9a54a6be24,64,0,0.3847276866436004,0,0,0.1123089045286178,0,0,0.3394395112991333,0,0,0.6488491892814636,0,0,0.6441974639892578,0
5cd7b69add950d3e0fd7d6a0b84d9ce3,64,0,0.4376204311847687,0,0,0.2831816077232361,0,0,0.1513272076845169,0,0,0.3019287586212158,0,0,0.0841004997491836,0
5cecfb5a445acc92080b9fbdf321a4eb,64,1,0.5663567781448364,1,1,0.390888512134552,1,0,0.8263758420944214,1,0,0.5914027690887451,0,0,0.8154143691062927,0
5d29e7137d24e923a347d54eb81eefcd,64,0,0.4764433205127716,0,0,0.2589803040027618,0,0,0.4482133984565735,1,0,0.3771391212940216,0,0,0.5274918079376221,0
5d47fc0830ff38a5a584e9fc83928990,64,0,0.4530263841152191,0,0,0.7493760585784912,1,0,0.2028260380029678,0,0,0.115987904369831,0,0,0.0742863938212394,0
5d4e0afb1579da54bc7a06f1fe159349,64,0,0.522727906703949,1,1,0.0481337048113346,0,0,0.2617958486080169,0,0,0.2230407744646072,0,0,0.2482228577136993,0
5d63f31cc8e21664c69bd7613b1b76e4,64,1,0.4377678036689758,0,0,0.0276237707585096,0,0,0.4447688460350036,1,0,0.7975553274154663,1,0,0.6162171363830566,0
5d6805e3bd24dcb9489d6718b9e60875,64,0,0.1664096862077713,0,0,0.002082176040858,0,0,0.051682773977518,0,0,0.1523975431919098,0,0,0.0377953350543975,0
5d6a25163584e7b05a528d3f94fda500,64,0,0.5819851160049438,1,0,0.217752918601036,0,0,0.1495096981525421,0,0,0.2021676003932953,0,0,0.3913330137729645,0
5d6e9e74f44b6f359525af6c176bf9fa,64,0,0.2643093168735504,0,0,0.0203060135245323,0,0,0.3659152388572693,0,0,0.3774577379226684,0,0,0.493864357471466,0
5d74f8fd78068c30775dc2c98790e8b9,64,0,0.4443440735340118,0,1,0.0531124472618103,0,0,0.2905550599098205,0,0,0.9151719808578492,1,0,0.4458334147930145,0
5d8ade464909d72789ba814870c30e0d,65,0,0.5267440676689148,1,0,0.0771670565009117,0,0,0.3364014625549316,0,0,0.64594566822052,0,0,0.2303422540426254,0
5d8d9b5c072bbc2a4a2a0b89cd35ee9f,65,0,0.2733868360519409,0,0,0.0005437575164251,0,0,0.1829318553209304,0,0,0.6493260264396667,0,0,0.5487777590751648,0
5da88679ea6837b341bb17cf40877cea,65,0,0.5522618889808655,1,0,0.2815465927124023,0,0,0.4138734340667724,0,0,0.3683468997478485,0,0,0.4706723988056183,0
5dc955f7d99449f88928d0fdd492533b,65,0,0.4706005454063415,0,0,0.3964655697345733,1,0,0.2717478573322296,0,0,0.3027497231960296,0,0,0.2742528319358825,0
5dcc32890d8892aa5583f07b8308f6d9,65,0,0.2952973246574402,0,0,0.5998573899269104,1,0,0.1775898039340973,0,0,0.2530441284179687,0,0,0.2828909456729889,0
5dcc4cf4ea03103c20218117eb9fb9b0,65,0,0.2970676720142364,0,0,0.1766038537025451,0,0,0.1460165977478027,0,0,0.3457984328269958,0,0,0.2072899937629699,0
5dda48765ebe01374eecab8e65821615,65,0,0.4880208075046539,0,0,0.3030421733856201,0,0,0.2595106363296509,0,0,0.5226229429244995,0,0,0.4211439788341522,0
5df8ceb0c06c1a5a7eae66e68cecc804,65,0,0.5442565679550171,1,0,0.4845180213451385,1,0,0.5149146914482117,1,0,0.3143496215343475,0,0,0.5970221757888794,0
5e0835a600b595340117661ddcf40874,65,0,0.2954021990299225,0,0,0.0136959692463278,0,0,0.0795714557170867,0,0,0.2053982615470886,0,0,0.1343523561954498,0
5e0c289e7bf4efc3780975780ca3dcf4,65,0,0.6767640113830566,1,0,0.3883593380451202,1,0,0.5303496718406677,1,0,0.1925139725208282,0,0,0.2915351092815399,0
5e0e46b7af5381ca4af6a51e7992a69f,65,0,0.7854113578796387,1,1,0.0493901446461677,0,1,0.9512839317321776,1,0,0.5259056091308594,0,0,0.4284665882587433,0
5e5fc315d2f1aa94c2a06dd54aaba053,65,0,0.4345004856586456,0,0,0.0634523630142211,0,0,0.0987116694450378,0,0,0.4134575128555298,0,0,0.0165195297449827,0
5e65e6bc517da1f30cb5ce0ce367efd6,65,0,0.6668670773506165,1,0,0.1724043637514114,0,0,0.2232082784175872,0,0,0.1846367567777633,0,1,0.2834959030151367,0
5e6bdaa0089a60e2d44f8414c188abb3,65,0,0.3966957628726959,0,0,0.1253294497728347,0,0,0.2416997700929641,0,0,0.452101856470108,0,0,0.3241268992424011,0
5e74d323e655e680438e743b868d47b8,65,0,0.4132930338382721,0,0,0.0261742193251848,0,0,0.4140270948410034,0,1,0.6945787668228149,1,0,0.0991481840610504,0
5e9b9e927b853f5a95cd487b249e77b2,65,0,0.2863267958164215,0,0,0.0557479560375213,0,0,0.1636328101158142,0,0,0.3666672706604004,0,0,0.477052092552185,0
5ead347d71cf5025f286cd0340e8de98,66,0,0.5617322325706482,1,1,0.8870113492012024,1,0,0.4357703924179077,1,0,0.4163639545440674,0,0,0.3456558883190155,0
5ed2380173b2e8517d11c525198474d0,66,0,0.4285071194171905,0,0,0.8032032251358032,1,0,0.3645171821117401,0,0,0.4164833128452301,0,0,0.2951270341873169,0
5eda4abc36bf4f4d7553ce62ad167fc3,66,0,0.2260369956493377,0,0,0.0096638891845941,0,0,0.1201966926455497,0,0,0.2526851892471313,0,0,0.1046127155423164,0
5ef0d0b605f39b09df42d293e87971e3,66,0,0.407203197479248,0,0,0.0408854708075523,0,0,0.2941933274269104,0,0,0.4829925000667572,0,0,0.6324080228805542,0
5f187acbe31f6335db2d8ec41c2815b5,66,0,0.3728217780590057,0,0,0.0058929733932018,0,0,0.0901216119527816,0,0,0.2203871458768844,0,0,0.1642223894596099,0
5f258fac6e0345f01b8253712e83e454,66,0,0.6108173131942749,1,0,0.2181418389081955,0,0,0.2771728038787842,0,0,0.8077101111412048,1,0,0.4603602886199951,0
5f465c42b5dabad92561ebc83310755f,66,0,0.4870936572551727,0,0,0.0438356585800647,0,0,0.0907439514994621,0,0,0.3668623268604278,0,0,0.0469031482934951,0
5f493090bbd86d604d1032df61b2bc8b,66,0,0.6097785830497742,1,0,0.6826929450035095,1,0,0.3377977311611175,0,0,0.1505943685770034,0,0,0.0441268607974052,0
5f6e71dbd4bfb41dd6ba455f38b55b48,66,1,0.2382149547338485,0,0,0.2034329026937484,0,0,0.2242565751075744,0,0,0.3805990219116211,0,0,0.7636894583702087,0
5f6f2b299b3563b39f0a81dc4045f38a,66,0,0.2110364586114883,0,0,0.0818685889244079,0,0,0.2299249619245529,0,0,0.270801693201065,0,0,0.1412257105112075,0
5f7ff740eb512cd79270692b145d9f43,66,0,0.3753834664821625,0,0,0.0018639659974724,0,0,0.2990624606609344,0,0,0.5655860304832458,0,0,0.3609658479690552,0
5fa0495898bec4aa9880079a3073ebe9,66,0,0.7383129596710205,1,0,0.1913962066173553,0,0,0.2042185366153717,0,0,0.0895269513130188,0,0,0.0431596003472805,0
5fb0ad980bcb4764b72c8ec737669801,66,0,0.6950705647468567,1,1,0.6722164154052734,1,0,0.7767657041549683,1,0,0.415374606847763,0,0,0.0860339775681495,0
5fbbcff7a47bce1f31ac6ca777e79a2d,66,0,0.3842184543609619,0,0,0.0009371507330797,0,0,0.3144747912883758,0,0,0.4037124216556549,0,0,0.7442892789840698,0
5fc06f3386f8762ac1d2563520056a95,66,1,0.5995650291442871,1,0,0.245709016919136,0,0,0.5143876075744629,1,0,0.663939356803894,0,0,0.3754788041114807,0
5fc94f48e87133c8b9aa2011b76a50a2,66,1,0.601527750492096,1,1,0.2566548883914947,0,0,0.690693736076355,1,1,0.7137592434883118,1,0,0.8374911546707153,0
5fe1faff313cb7b3019b7e1686f7ff57,67,0,0.3682681918144226,0,0,0.2213808596134185,0,0,0.4334924221038818,1,0,0.4011113941669464,0,0,0.5380340814590454,0
6022bb1b65e1ffd7d70a6c5b70bc3962,67,0,0.4925134778022766,0,0,0.242007628083229,0,0,0.5202026963233948,1,0,0.424907922744751,0,0,0.6874852776527405,0
6039745a7cf89b4f65da84eaa8c1a226,67,0,0.4210922122001648,0,0,0.0349667258560657,0,0,0.0488148778676986,0,0,0.1263755857944488,0,0,0.0097134709358215,0
6039aea81ebf9094b5b3a1be940e09eb,67,0,0.4578039944171905,0,0,0.7159683108329773,1,0,0.4279871582984924,0,0,0.4432876110076904,0,0,0.4538154006004333,0
603f46ee0064be1ad82c131af4f5c5df,67,0,0.3215470612049103,0,0,0.0460082069039344,0,0,0.1642472296953201,0,0,0.3871077597141266,0,0,0.3977787494659424,0
60485f64a1de6c652639c3ab84fcd12f,67,0,0.3022511303424835,0,0,0.0394885875284671,0,0,0.0732807964086532,0,0,0.5010996460914612,0,0,0.0610106699168682,0
605186158128f2160564d7b3c9898db3,67,0,0.6884831190109253,1,0,0.0376155413687229,0,0,0.7520297765731812,1,0,0.8850727677345276,1,0,0.2690001130104065,0
605dd6be5c1776fcc2435dacb7f9bad1,67,0,0.45744189620018,0,0,0.002674791496247,0,0,0.470033198595047,1,0,0.6563873291015625,0,0,0.5565821528434753,0
6072691c16f225c5758fd5d4750b3044,67,0,0.7570174336433411,1,1,0.8310942053794861,1,0,0.596467912197113,1,0,0.5394148826599121,0,0,0.3578425347805023,0
6073528e3a3ae67cf0f69e79c2d65c7a,67,0,0.4663026332855224,0,0,0.0649894475936889,0,0,0.3064296543598175,0,0,0.2385612577199936,0,0,0.2630312740802765,0
608614185411b42c65111af9fc737f35,67,0,0.3382016718387604,0,0,0.4095290899276733,1,0,0.1429476588964462,0,0,0.1633990705013275,0,0,0.0642200708389282,0
6087594b3cfce30c211a8e2edcc3421e,67,0,0.3532659411430359,0,0,0.013118258677423,0,0,0.2484516501426696,0,0,0.2612839937210083,0,0,0.5342593193054199,0
60c667d029a8c9a394a64e83af944953,67,0,0.6767290234565735,1,0,0.0400049686431884,0,0,0.5509887933731079,1,0,0.2873514592647552,0,0,0.3524037599563598,0
6100bc75e0a668c382d92d5eb9038076,67,0,0.3074212074279785,0,0,0.389284074306488,1,0,0.1705016642808914,0,0,0.3314367830753326,0,0,0.3629453182220459,0
61073332776c189abf3844bb71f990ab,67,0,0.3008978068828583,0,0,0.6166587471961975,1,0,0.0864128172397613,0,0,0.1242770850658416,0,0,0.1063887774944305,0
6109bd812d12e7f376d24f936ae44412,67,0,0.5340220928192139,1,0,0.0049212030135095,0,0,0.4086494445800781,0,0,0.7574288845062256,1,0,0.7510596513748169,0
61327c4b99bf9a8459c9bbbb8cdb1e98,68,0,0.3891636729240417,0,0,0.0061495550908148,0,0,0.4557779133319855,1,0,0.7397519946098328,1,0,0.6457581520080566,0
61353a4bf860223894df6ca7dcd857d1,68,0,0.6009745597839355,1,0,0.4371521174907684,1,0,0.3342671394348144,0,0,0.3191013038158417,0,0,0.126323714852333,0
614aa276d0f32f1807409cc1ce713e0e,68,1,0.4457336664199829,0,0,0.0034008261281996,0,0,0.3805045187473297,0,0,0.6326619386672974,0,0,0.8643215298652649,0
615103c934a78744f2081127125616a3,68,0,0.2002897709608078,0,0,0.1450180411338806,0,0,0.0704101547598838,0,0,0.1099787726998329,0,0,0.0134699419140815,0
615be21de05d7049ddb1652520d7f528,68,0,0.5950155854225159,1,0,0.3302162289619446,0,0,0.4416712820529938,1,0,0.3734422028064728,0,0,0.3040589988231659,0
615f0f5be81be998158659b735a3e8c8,68,1,0.5476326942443848,1,0,0.0262584164738655,0,1,0.77192622423172,1,0,0.4670047760009765,0,1,0.8143938779830933,0
617ea36830c24b725ac31c81cbe6bdbd,68,0,0.3952149748802185,0,0,0.2130713760852813,0,0,0.1895705610513687,0,0,0.2085881382226944,0,0,0.0385269150137901,0
61811eeeb8edb37cac44cdaa6cd30364,68,1,0.7391844391822815,1,0,0.3589660227298736,0,0,0.5169384479522705,1,1,0.8008129596710205,1,1,0.6235182285308838,0
6182777129374eb463e2b20ed36b4011,68,0,0.3690115511417389,0,1,0.0703419595956802,0,1,0.4292776882648468,0,0,0.7361527681350708,1,0,0.6756067276000977,0
618777b8305b062583337d9a6b7a3d4e,68,0,0.4028849601745605,0,0,0.0491294302046299,0,0,0.4002195000648498,0,0,0.5872654914855957,0,0,0.7633761763572693,0
618881f58ff428d49dc4b830c762845f,68,0,0.3438462615013122,0,0,0.2072420120239257,0,0,0.067808136343956,0,0,0.0968286544084549,0,0,0.0387249402701854,0
61b5b9b49242ae40885781dd2c1a2cb0,68,0,0.3913463652133941,0,0,0.3402831554412842,0,0,0.3098683357238769,0,0,0.3308129906654358,0,0,0.2715640068054199,0
61c0f32c4fad9cadae858544705625dd,68,0,0.3574733436107635,0,0,0.0272441245615482,0,0,0.0736786127090454,0,0,0.1645076125860214,0,0,0.0282953418791294,0
61eab9bde303d3cd00fb9a4137b7ea22,68,0,0.5763673186302185,1,0,0.0236573610454797,0,0,0.4328955411911011,1,0,0.3837721049785614,0,0,0.6932530403137207,0
62019939690f6d1adffa89335bc8822f,68,0,0.5810487866401672,1,1,0.26931032538414,0,0,0.2798268795013428,0,0,0.4134330451488495,0,0,0.2042216807603836,0
622892fc0ef372c3c6c99d593c341f2f,68,1,0.6660853624343872,1,1,0.7109844088554382,1,0,0.5276859998703003,1,0,0.5166248679161072,0,0,0.3187012672424316,0
624ad6845050f024902fd3fce5402988,69,0,0.4322252571582794,0,0,0.710514485836029,1,0,0.1624470353126526,0,0,0.0744739919900894,0,0,0.0305696055293083,0
626185fb9e429be96fdf29f0c1ec665a,69,0,0.277931809425354,0,0,0.0272506009787321,0,0,0.1620687842369079,0,0,0.4925095736980438,0,0,0.3582760989665985,0
6262074ab507148344a09ead5941c3b8,69,0,0.4090580642223358,0,0,0.0254028718918561,0,0,0.158219888806343,0,0,0.2236496210098266,0,0,0.0554411560297012,0
627085177f108602d3bdcf13a1748354,69,0,0.4600140452384949,0,0,0.0184921827167272,0,0,0.6736155152320862,1,0,0.4601618945598602,0,0,0.741266131401062,0
6273626dc6aded042607dd342de195af,69,0,0.3393204510211944,0,0,0.2270246744155883,0,0,0.1635698229074478,0,0,0.3207892477512359,0,0,0.1271810233592987,0
62c427184e17db926037ce718ed2d202,69,0,0.5325519442558289,1,0,0.7974771857261658,1,0,0.6198050379753113,1,0,0.345872163772583,0,0,0.4197315871715545,0
62e12180474ea235f3e915afb79b1aaa,69,0,0.4389260411262512,0,0,0.030121024698019,0,0,0.209802895784378,0,1,0.3233665525913238,0,0,0.5381194949150085,0
6325341c36f40a4641b62c3131d82b4e,69,0,0.4467803239822387,0,0,0.2436271458864212,0,0,0.1900296360254287,0,0,0.2991400957107544,0,0,0.0504754297435283,0
6325ed4ab3c3d0233263c751e7452907,69,0,0.6160790324211121,1,1,0.6815571784973145,1,0,0.3697478473186493,0,0,0.3865643143653869,0,0,0.3256563246250152,0
6330b65f66ce37f9a3a3916a9850c6b5,69,0,0.2393093407154083,0,0,0.0243635978549718,0,0,0.1155066192150116,0,0,0.3096538484096527,0,0,0.3983086943626404,0
63766e86c0ffb84139f35b8809380326,69,0,0.4969123601913452,0,0,0.1287467032670974,0,0,0.4057192504405975,0,0,0.3315355777740478,0,0,0.7412116527557373,0
63a81da4e2cbd78bdf8eddbdc368b3fb,69,0,0.4797200262546539,0,0,0.6112977266311646,1,0,0.3038551807403564,0,0,0.2768730819225311,0,0,0.0543876066803932,0
63d11e1a4e6167f0625d0276fa926a47,69,0,0.3052922189235687,0,0,0.0273978132754564,0,0,0.2587747275829315,0,0,0.6133902072906494,0,0,0.4809843301773071,0
63e68d84225031fbfd93bb129a808eb7,69,1,0.6006424427032471,1,0,0.0299151148647069,0,0,0.4978349804878235,1,0,0.933801293373108,1,0,0.2079509049654007,0
642719d5349009d7f20e33a5c65752e1,69,1,0.7805929780006409,1,0,0.1054745092988014,0,0,0.641394317150116,1,0,0.7283276319503784,1,0,0.6492958068847656,0
645e178a29fb3afd99c82be559afb26e,69,0,0.4688190817832947,0,0,0.0071231150068342,0,0,0.325436383485794,0,1,0.5077257752418518,0,0,0.6195255517959595,0
645f1d663a0008a679a6187bef19e968,70,0,0.3304082155227661,0,0,0.0476572513580322,0,0,0.1960046291351318,0,0,0.2566865086555481,0,0,0.2297043949365615,0
6490e2cf8ea994ef53c06c287d59085d,70,0,0.463089644908905,0,0,0.0357515476644039,0,0,0.3048873245716095,0,0,0.2656417191028595,0,0,0.1330135464668274,0
64a157c58ebf8f3c33287c75c6ec4767,70,0,0.2882134914398193,0,0,0.6237488985061646,1,0,0.27702796459198,0,0,0.2833288609981537,0,0,0.2522822618484497,0
64fb0a3840ef0a2c922c91571f27688f,70,0,0.3084183633327484,0,0,0.0204265937209129,0,0,0.0435751564800739,0,0,0.1072158962488174,0,0,0.0218588411808013,0
650b995364f405a9341f39f50126ffcf,70,0,0.3019130825996399,0,0,0.0026504111010581,0,0,0.1136773005127906,0,0,0.2999647855758667,0,0,0.2858031094074249,0
651f80308ec0b380af4f031bd547c229,70,0,0.5724307298660278,1,0,0.8417407870292664,1,0,0.463215172290802,1,0,0.5294413566589355,0,0,0.1487798690795898,0
65279dbfdffd5d1250e8f7d0293d5727,70,0,0.246020495891571,0,0,0.0108775040134787,0,0,0.1100571155548095,0,0,0.268947958946228,0,0,0.3539009690284729,0
652ae3349c1019e5b64e7e967f29c5d9,70,0,0.5090605020523071,1,0,0.2030427753925323,0,0,0.3198551535606384,0,0,0.5714943408966064,0,0,0.1952171921730041,0
652bd062cf5ccabe5e120d5fecfd46b0,70,0,0.5853537917137146,1,0,0.3889987170696258,1,0,0.6903454065322876,1,0,0.7933069467544556,1,0,0.7802730798721313,0
6547bec43838410978ebabe333495e7a,70,0,0.7605034112930298,1,0,0.684499979019165,1,0,0.8470509648323059,1,0,0.4436809420585632,0,0,0.16506128013134,0
6581602a6339fe446da34c3bbc628dc8,70,0,0.2949247062206268,0,0,0.0180275216698646,0,0,0.2228398472070694,0,0,0.450467050075531,0,0,0.5067196488380432,0
65865c33df06763900eca14fc91390bf,70,0,0.4306963086128235,0,0,0.3631050884723663,1,0,0.1619656383991241,0,0,0.1419058144092559,0,1,0.2261691838502884,0
658f4a76ab0e81e31d37f12c8c661b3c,70,1,0.6150556802749634,1,0,0.0111905075609683,0,1,0.4052809774875641,0,0,0.7690790295600891,1,1,0.8154275417327881,0
65d990620d6cdcf8e92ea7e2eb624fc0,70,0,0.4699877202510834,0,0,0.0100947888568043,0,0,0.1469847857952118,0,0,0.4242256879806518,0,0,0.049397375434637,0
65e600f7fd5b8cf1c3027e2165585ed8,70,0,0.5246058702468872,1,0,0.18083456158638,0,0,0.3160546123981476,0,0,0.3525400757789612,0,0,0.6451365947723389,0
660579a438aedc7960b0bea9640c2df1,70,0,0.5574848651885986,1,0,0.386866807937622,1,0,0.5551440715789795,1,0,0.6441284418106079,0,0,0.685279905796051,0
660b7e51824df6c7e0cf8d669f7b6485,71,0,0.4353607594966888,0,0,0.2996271848678589,0,0,0.4478895366191864,1,0,0.1637386530637741,0,0,0.3020311295986175,0
660eef5eec9f1d7af587da0e67222e94,71,1,0.7198525071144104,1,1,0.1288171410560608,0,0,0.7192738652229309,1,0,0.6219339370727539,0,0,0.61533123254776,0
66204c1c0e3628601c10aae51963b5ea,71,0,0.384429931640625,0,0,0.280970960855484,0,0,0.3617510199546814,0,0,0.394998550415039,0,0,0.6155498623847961,0
6621cc841cea87c5e90550935fdfb730,71,0,0.3828685879707336,0,0,0.2273446172475814,0,0,0.1986429840326309,0,0,0.335396945476532,0,0,0.326107919216156,0
662b95447b40328a6844834af8835fd2,71,0,0.4913461804389953,0,0,0.3221724927425384,0,0,0.3109109103679657,0,0,0.2485294342041015,0,0,0.3726145923137665,0
6637c08da9b3bce162e3aa689da14574,71,1,0.6505784392356873,1,0,0.0835378468036651,0,1,0.7509194016456604,1,1,0.5975301861763,0,0,0.342666357755661,0
665c4a6d2693dc0286d65ab479c9b169,71,0,0.6101621389389038,1,0,0.3575960397720337,0,0,0.5177037715911865,1,1,0.9145564436912536,1,0,0.4775404334068298,0
667ee8460269a5864a0fc00b4a9bf62f,71,0,0.2844610214233398,0,0,0.0094442712143063,0,0,0.18265001475811,0,0,0.290164977312088,0,0,0.113330453634262,0
66999352526e3fe5ea5e2fcb065eb2c5,71,0,0.5380412936210632,1,0,0.010813245549798,0,0,0.2318143397569656,0,0,0.3066995143890381,0,0,0.2245676517486572,0
669a2a0c6d62262965801dee89376343,71,0,0.2586746215820312,0,0,0.0225713457912206,0,0,0.1926169246435165,0,0,0.1289332956075668,0,0,0.058496493846178,0
66d46e46d052f43f708037a2fa8c3587,71,0,0.3762732446193695,0,0,0.0594679079949855,0,0,0.1952813118696212,0,0,0.2967878878116607,0,0,0.368036150932312,0
66f3c32f043f484e86d2b3e48777b1a4,71,0,0.6071180701255798,1,0,0.1625032573938369,0,0,0.1770571321249008,0,0,0.2880451083183288,0,0,0.0634971782565116,0
66f8ea5f21b26731b6bd4a1574c25abb,71,0,0.5058605074882507,1,0,0.1402376592159271,0,0,0.1953395009040832,0,0,0.5042601227760315,0,0,0.3917366564273834,0
66fcdc246e2d6dbe7aae14db8b54d2ef,71,0,0.2697533965110779,0,0,0.0150836622342467,0,0,0.1109512969851493,0,0,0.192258208990097,0,0,0.2117615193128585,0
670058d081c80065f0bc1087737093cb,71,0,0.2698620855808258,0,0,0.0225248746573925,0,0,0.0629466399550437,0,0,0.2989029884338379,0,0,0.0803736299276351,0
673fdef5f3c813232620a6d2af079cac,71,1,0.6989609599113464,1,1,0.9073513150215148,1,0,0.6333827376365662,1,1,0.8542868494987488,1,0,0.6240500807762146,0
67626c635c3b17db4acd9052a06f8be5,72,0,0.2705418169498443,0,0,0.3162164390087127,0,0,0.2315812408924102,0,0,0.1382762640714645,0,0,0.2036918550729751,0
6786d1115f8dd6a72aaf6484ebfcc7aa,72,1,0.6109001040458679,1,0,0.2656857371330261,0,0,0.3555904626846313,0,0,0.3746380805969238,0,0,0.5395326614379883,0
67b03574d2c2a1cb24109269ceb021c3,72,0,0.4736972451210022,0,0,0.0058737467043101,0,0,0.0465841628611087,0,0,0.6490769982337952,0,0,0.0726469680666923,0
67b79ff73377ea7e3b3077e7fe493ca0,72,0,0.4891347289085388,0,0,0.6469895839691162,1,0,0.20233054459095,0,0,0.2464736104011535,0,0,0.0332679376006126,0
67bbf19b5522fcff2ca65e09b1cd1df8,72,0,0.4830100834369659,0,0,0.1275676041841507,0,0,0.4148862659931183,0,0,0.3732129633426666,0,0,0.8415412902832031,0
67d7e1cdaf6a8da4b2247f70d06718e3,72,0,0.6655319333076477,1,0,0.0860952585935592,0,1,0.5200424194335938,1,1,0.934407114982605,1,0,0.2854624986648559,0
67f342c22873acfcf19d3b6501e53802,72,1,0.4729684293270111,0,0,0.0023829750716686,0,0,0.4902136325836181,1,0,0.5149639248847961,0,0,0.906055510044098,1
6818934fdace67a5ebca75f90d598002,72,0,0.5755047798156738,1,0,0.2397782653570175,0,0,0.6570717692375183,1,0,0.3634507656097412,0,0,0.4613115787506103,0
68586360d876ffd615409150466439f2,72,0,0.5222191214561462,1,0,0.4466661214828491,1,0,0.5253686308860779,1,0,0.5311406850814819,0,1,0.6146417856216431,0
687a7fcfa8f707f5770e5191f0008037,72,0,0.3568581342697143,0,0,0.1518373787403106,0,0,0.4401362240314483,1,0,0.2035933583974838,0,0,0.506851315498352,0
688ecdb1a4e994d42b5a50a8c4a9736f,72,0,0.468597948551178,0,1,0.783798336982727,1,0,0.2165553122758865,0,0,0.2836299836635589,0,0,0.132704958319664,0
68c57d93f9fcc74a760de0a64c6bc883,72,1,0.3275268077850342,0,0,0.0927813276648521,0,0,0.1722471117973327,0,0,0.3453684151172638,0,0,0.473438024520874,0
68de8599cb0dad09fd695e507f3ddfd0,72,0,0.3578144013881683,0,0,0.645239531993866,1,0,0.1820500493049621,0,0,0.164892092347145,0,0,0.0406950376927852,0
68ea2c78d412b314ebe9b7261173f274,72,0,0.758168637752533,1,0,0.0684584304690361,0,0,0.7684611678123474,1,0,0.4238723814487457,0,0,0.0560021474957466,0
690bb572300ef08bbbb7ebf4196099cf,72,0,0.3847454190254211,0,0,0.0886949226260185,0,0,0.1146175861358642,0,0,0.5087221264839172,0,0,0.057379201054573,0
690f60dc7bb8faf32394031b8c300891,72,0,0.1642809808254242,0,0,0.0011187253985553,0,0,0.1101018041372299,0,0,0.2958715558052063,0,0,0.517242968082428,0
692132c8de743f5d8d37c499fda700e7,73,0,0.5052918791770935,1,0,0.765222430229187,1,0,0.4443377554416656,1,0,0.3158853650093078,0,0,0.2139451950788498,0
693b9d7ca60ce47d15fb730a3a0ad999,73,0,0.2693507671356201,0,0,0.0037643425166606,0,0,0.1869926303625106,0,0,0.369517982006073,0,0,0.4348928928375244,0
69454c090ae1d9ff81da56af7c2d27b8,73,0,0.3027957677841186,0,0,0.4265599250793457,1,0,0.2109322398900985,0,0,0.2466023713350296,0,0,0.4364954531192779,0
6959b17325347f030bc39218814e23b5,73,0,0.5892109274864197,1,0,0.1477287709712982,0,0,0.3551719784736633,0,0,0.1999096572399139,0,1,0.2545250058174133,0
69697ec2f4497b9c4da61a96b30ded28,73,0,0.6898390650749207,1,0,0.2267492860555648,0,0,0.4183045029640198,0,0,0.3729149997234344,0,0,0.2453351616859436,0
696b2f74de8b69decbb4f884b77c7429,73,0,0.4335358440876007,0,0,0.7437611222267151,1,0,0.1762870997190475,0,0,0.6609969735145569,0,0,0.2333778142929077,0
699a8677439fd564ed21abdbf7b44db0,73,0,0.2419535815715789,0,0,0.0071523995138704,0,0,0.074762225151062,0,0,0.4942939877510071,0,0,0.1627964228391647,0
69aae4076223158f2e0cfe8f6f74ce68,73,0,0.4344590008258819,0,0,0.0186631381511688,0,0,0.519985556602478,1,0,0.3361407220363617,0,0,0.5150026679039001,0
69c3b647eb846e099161d2a162ea5ce0,73,0,0.5806687474250793,1,0,0.3193760514259338,0,0,0.4232618808746338,0,0,0.7185530662536621,1,1,0.345945656299591,0
69cab0314beaa8eefe2f3b4d316b2642,73,0,0.464938074350357,0,0,0.169998437166214,0,0,0.2745671272277832,0,0,0.2249426245689392,0,0,0.2821387052536011,0
69cdda9dc9e51f15384964918ef50806,73,0,0.6162574291229248,1,0,0.8943785429000854,1,0,0.6263219714164734,1,0,0.3425732553005218,0,0,0.3766530156135559,0
69d19f0d8ac223581188a5adf05cd313,73,0,0.4549002349376678,0,0,0.3975378572940826,1,0,0.4111660420894623,0,0,0.3213911652565002,0,0,0.0958966985344886,0
69e11ab385dac820accda778f80af430,73,0,0.4290844202041626,0,0,0.0064888843335211,0,0,0.2786882221698761,0,0,0.4515773952007293,0,0,0.4961885809898376,0
69f8a7c2bc453e0c3c71442dd0c46d91,73,0,0.6016930937767029,1,0,0.0182199012488126,0,0,0.4601041972637176,1,0,0.4625738263130188,0,0,0.7108418941497803,0
69fa47c3c46618fe8c58966a2cc66aef,73,0,0.5688203573226929,1,0,0.1752904057502746,0,0,0.585709273815155,1,0,0.7456089854240417,1,0,0.3546328246593475,0
6a31846520f47386beb48675231cde3b,73,0,0.280459463596344,0,0,0.0035572249908,0,0,0.0266770925372838,0,0,0.1941520124673843,0,0,0.025612274184823,0
6a5838d715564084f35e0719e58fe610,74,0,0.2925761938095093,0,0,0.0891078263521194,0,0,0.1154315993189811,0,0,0.2448475956916809,0,0,0.0714378729462623,0
6a7a509436c9822e6481247f7df41779,74,0,0.4106995463371277,0,0,0.030286693945527,0,0,0.1942433714866638,0,0,0.2808116674423218,0,0,0.4045217633247375,0
6ae39ad5e196a92fbba5d134ef59463d,74,0,0.5994700789451599,1,1,0.8725732564926147,1,0,0.6319257020950317,1,0,0.6012886762619019,0,0,0.4479168355464935,0
6ae66f1bc9c08766adb65d366a60e2b0,74,0,0.3296364843845367,0,0,0.0079314177855849,0,0,0.1131286844611167,0,0,0.1567990481853485,0,0,0.0342166274785995,0
6ae67e95de277c280873ec6a0dd3dc01,74,0,0.3136614859104156,0,0,0.0398243479430675,0,0,0.2277115583419799,0,0,0.3443443179130554,0,0,0.6295782327651978,0
6af0347de5ced3d7daa3c5db56c4ebf4,74,0,0.5580316781997681,1,0,0.3505394458770752,0,0,0.373611569404602,0,0,0.3716840744018554,0,0,0.1892165243625641,0
6b393b32817f727c23d31e2333876763,74,0,0.5107981562614441,1,0,0.1196935698390007,0,0,0.3157384991645813,0,0,0.3567074537277221,0,0,0.3189720511436462,0
6b3e4fda37acc0d488a930b100fa0317,74,0,0.3428232967853546,0,0,0.0174318812787532,0,0,0.3205454051494598,0,0,0.477556973695755,0,0,0.6598739624023438,0
6b6a6751b4156410868de79d1a6ca72a,74,0,0.3688420951366424,0,0,0.7401319742202759,1,0,0.2848133742809295,0,0,0.2879731357097626,0,0,0.4816513657569885,0
6b872791e23742f6c33a08fc24f77365,74,0,0.3584074974060058,0,0,0.2368687987327575,0,0,0.0995235368609428,0,0,0.159861221909523,0,0,0.1162865087389946,0
6b94fef0e417c083388ba961b1d2786a,74,0,0.6054257750511169,1,1,0.0904382616281509,0,0,0.280547559261322,0,0,0.6783067584037781,0,0,0.2877752482891083,0
6be87996a6f4e9339892c7b8c3af42f3,74,0,0.3617299199104309,0,0,0.005371683742851,0,0,0.4538734555244446,1,0,0.4726203083992004,0,0,0.7476746439933777,0
6bf51457a3a0798a7d00fdce6d50756f,74,0,0.6530095934867859,1,0,0.1353417932987213,0,0,0.4018531143665313,0,0,0.490733653306961,0,0,0.1067550778388977,0
6c0557a8c8475e92ba4118e480157ff5,74,0,0.5214169025421143,1,0,0.0890637785196304,0,0,0.3658694326877594,0,0,0.7011442184448242,1,0,0.302013635635376,0
6c093584e2497ef2129a3bdbaac44060,74,0,0.6294838190078735,1,1,0.9020671248435974,1,0,0.6636655926704407,1,0,0.4362174868583679,0,0,0.352150410413742,0
6c096a44b9b644d74f7a2dc79401f475,74,0,0.3676470518112182,0,0,0.005897581577301,0,0,0.0904192924499511,0,0,0.3267924785614013,0,0,0.1551204472780227,0
6c17cc0ca0591575ae3f0ae62fd9edef,75,0,0.4849770963191986,0,0,0.0054136379621922,0,1,0.8778856992721558,1,1,0.9215956926345824,1,0,0.5641555190086365,0
6c1abadac7cba4b7ace5ef35d67b0082,75,0,0.3274573087692261,0,0,0.0789768025279045,0,0,0.2613118290901184,0,0,0.6182450652122498,0,0,0.6145588159561157,0
6c28ef5c6b6bc382a9c5b70fbe7f1864,75,0,0.3668879568576813,0,0,0.1319441795349121,0,0,0.1112429946660995,0,0,0.2518045902252197,0,0,0.1705664992332458,0
6c4f50895f5342d5377b80c6dca50ac4,75,0,0.2620095312595367,0,0,0.0097476504743099,0,0,0.1158629059791565,0,0,0.2827251553535461,0,0,0.4296053349971771,0
6c6c4e6cb64f4291077af260d3f696d1,75,0,0.6461238265037537,1,0,0.3727576732635498,1,0,0.2369555085897445,0,0,0.0989885106682777,0,0,0.0217368267476558,0
6c71ea8dbd37e59b995085cd189e1621,75,0,0.6776871681213379,1,0,0.0260899048298597,0,0,0.3697609603404999,0,0,0.7200875282287598,1,1,0.2152611911296844,0
6c9502d09e81b5505727e86481d2ed51,75,0,0.1641318798065185,0,0,0.1412122994661331,0,0,0.0855036154389381,0,0,0.5111422538757324,0,0,0.3273516893386841,0
6ca2a9acd3421424f26805ef49e9bdff,75,0,0.2700752317905426,0,0,0.0069451699964702,0,0,0.2739169001579284,0,0,0.3496637940406799,0,0,0.5906661152839661,0
6cbbbc0e77251e60d6f4af673cc19e2a,75,1,0.732263445854187,1,1,0.1642087250947952,0,1,0.9214074611663818,1,0,0.4459351897239685,0,1,0.506133496761322,0
6cbf4295b5b72bc01ef6fd171ef7733e,75,1,0.7836360335350037,1,0,0.3378162682056427,0,1,0.6917675137519836,1,0,0.3556165099143982,0,0,0.261759340763092,0
6cce56dda2a5b90c9ac2987b1a8e3f45,75,0,0.3490050733089447,0,0,0.0826537460088729,0,0,0.1792464107275009,0,0,0.3937263786792755,0,0,0.540558397769928,0
6cd9d28658e91fe717e33e2f8b10e81a,75,0,0.6696949005126953,1,1,0.721561074256897,1,0,0.4652840495109558,1,0,0.5987212657928467,0,1,0.6780934929847717,0
6ce0806845f2f73ef1665353979d581f,75,0,0.5635479092597961,1,0,0.1297755390405655,0,0,0.0726322010159492,0,0,0.074736401438713,0,0,0.0201724786311388,0
6ce444e8adaafc7d20422f662b9ef160,75,0,0.6731688976287842,1,0,0.4928434789180755,1,0,0.5498478412628174,1,0,0.2988984882831573,0,0,0.1846829056739807,0
6ced1a5ca6625e9c00070e14a98cf816,75,0,0.1764960289001464,0,0,0.0087987780570983,0,0,0.0509290657937526,0,0,0.4717519283294678,0,0,0.2324444353580474,0
6cf8916303a07f3909297be170f21f7a,75,0,0.4086020290851593,0,0,0.8689074516296387,1,0,0.2904115617275238,0,0,0.254327654838562,0,0,0.248203232884407,0
6d2219f1c8c4af1e05acfe2c6e02f1d5,76,0,0.1992155760526657,0,0,0.0009747188305482,0,0,0.0569119341671466,0,0,0.3553363978862762,0,0,0.0405717156827449,0
6d3d6b53f358a983b486e9e03144eb62,76,0,0.4210198819637298,0,0,0.0321743562817573,0,0,0.2575900852680206,0,0,0.6904969215393066,1,0,0.4257709085941314,0
6d5cbffaa090403113687a73278ba98e,76,0,0.442699670791626,0,0,0.5210493803024292,1,0,0.3214064836502075,0,0,0.1979314684867859,0,0,0.1114630922675132,0
6d63702f8b638639e72c9b72e504d45d,76,0,0.4911045432090759,0,0,0.3710342645645141,1,0,0.2655404806137085,0,0,0.1363289952278137,0,0,0.3522002398967743,0
6d7b08da7043a6e7c2d18424e329ced4,76,0,0.3993805646896362,0,0,0.3747338056564331,1,1,0.2491019517183303,0,0,0.4180981814861297,0,0,0.4581790566444397,0
6da36354fc904b63bc03eb3884e0c35c,76,0,0.5917840003967285,1,0,0.0294410213828086,0,0,0.629384458065033,1,0,0.5745211243629456,0,1,0.5428497195243835,0
6db59ec25f0f8ab882e5ce79b1688aed,76,0,0.5619765520095825,1,0,0.2227350026369094,0,0,0.3901349306106567,0,0,0.5358400940895081,0,1,0.8802869915962219,1
6dd5ddb94bf5028c69056c4d9af92cd9,76,0,0.445080041885376,0,0,0.0276207439601421,0,0,0.2860042154788971,0,0,0.3010783195495605,0,0,0.4541233777999878,0
6ddb758545f7aa226b736fa869cfb946,76,0,0.2823877930641174,0,0,0.2355985194444656,0,0,0.0377995334565639,0,0,0.1664338260889053,0,0,0.033101413398981,0
6ddfbc87602afc5ef112b401637ef3ae,76,0,0.2159649282693863,0,0,0.0069263079203665,0,0,0.0697372704744339,0,0,0.4104605913162231,0,0,0.3194755911827087,0
6de2e33c4814358a4af07f0d2b03e2de,76,0,0.5426568388938904,1,1,0.8513738512992859,1,0,0.4666284620761871,1,0,0.3514200150966644,0,0,0.3389061093330383,0
6e07fab2014be723250f7897ab6e3df2,76,0,0.7100409865379333,1,0,0.3456363379955292,0,0,0.4233207106590271,0,0,0.2149907946586609,0,0,0.0094656404107809,0
6e1cefab110115d73b04accbe36df6f0,76,0,0.4312072694301605,0,0,0.0555721893906593,0,0,0.2047988772392273,0,0,0.3216367959976196,0,0,0.31304731965065,0
6e27c7b2eed8f7a3d6342e242a89c631,76,0,0.528735339641571,1,0,0.4959724247455597,1,0,0.5339595675468445,1,0,0.3959557712078094,0,0,0.6811885237693787,0
6e5612b9b3f15553bd159ead3b22e09d,76,1,0.6270906329154968,1,0,0.0248143561184406,0,1,0.8638867139816284,1,0,0.8722801208496094,1,0,0.4384283721446991,0
6e735c0945a973a1cc5f091eea115292,76,1,0.6614691615104675,1,0,0.0714477598667144,0,0,0.7261557579040527,1,1,0.6614888310432434,0,0,0.5626614689826965,0
6e7d48015a85db1c2bc29bf3479e598f,77,1,0.5289113521575928,1,0,0.0182376690208911,0,0,0.5391566753387451,1,0,0.8608764410018921,1,0,0.6644319891929626,0
6e7d4b9cf93fee47afe3c299da9cd589,77,0,0.5024282932281494,1,0,0.8551687002182007,1,0,0.3272253572940826,0,0,0.1992291659116745,0,0,0.204565092921257,0
6e911d2832e14bb624a486bea52220d6,77,0,0.4634047150611877,0,1,0.5758266448974609,1,0,0.51761394739151,1,0,0.472577303647995,0,0,0.8262932300567627,0
6e930ab867c57f51c91565b9d251ecc0,77,0,0.4614807069301605,0,0,0.1918289810419082,0,0,0.2110061794519424,0,0,0.4932387471199035,0,0,0.4229568839073181,0
6ebfa96ac20b0558ad4d0ff155df4035,77,0,0.3032189607620239,0,0,0.0292721707373857,0,0,0.4948000311851501,1,0,0.3006085455417633,0,0,0.56590735912323,0
6ee33e87bb9db350f4492c105b484d7b,77,0,0.4212700128555298,0,0,0.049808882176876,0,0,0.1515878289937973,0,0,0.5458099246025085,0,0,0.2528094947338104,0
6ee6a322ef5a5c52b1e160c2ef5e83fd,77,0,0.6940966248512268,1,0,0.1664621829986572,0,0,0.5474199652671814,1,0,0.4385333061218261,0,0,0.3820050358772278,0
6efc2a619fbf842eeadbb1abc9b523f5,77,0,0.5631025433540344,1,0,0.7518328428268433,1,0,0.3964143395423889,0,0,0.6328946948051453,0,0,0.2446300536394119,0
6f04094bb30e028d5ae7dba96788e9dd,77,0,0.35118168592453,0,0,0.2052288353443145,0,0,0.2498577386140823,0,0,0.3298316597938537,0,0,0.290209949016571,0
6f1fcc25543d35bc02e348deabf59581,77,1,0.5567110776901245,1,0,0.0150074437260627,0,1,0.9184942245483398,1,1,0.8019270896911621,1,0,0.3127394616603851,0
6f2237ac129bdb372382853afb3fee6f,77,0,0.3928523659706116,0,0,0.0664798021316528,0,0,0.1402135342359542,0,0,0.2107454687356948,0,0,0.466514378786087,0
6f275a49e59b6d07416bfd3b8b73f7a8,77,0,0.3690018057823181,0,0,0.0043446691706776,0,0,0.0738903656601905,0,0,0.0904961302876472,0,0,0.0062910346314311,0
6f375ce065ee91c25505dc4677b1e495,77,0,0.4313837885856628,0,0,0.0122511675581336,0,0,0.1562406420707702,0,0,0.3453029096126556,0,0,0.5317914485931396,0
6f681094d26fc24ffac5f0dcbb12c5e4,77,0,0.5243016481399536,1,0,0.060459055006504,0,1,0.6308342814445496,1,0,0.6626831293106079,0,0,0.308979719877243,0
6f69a6354bed9fabd85e9d5766075075,77,0,0.2774137258529663,0,0,0.4486179649829864,1,0,0.0678653642535209,0,0,0.2070026844739914,0,0,0.0452397540211677,0
6f80079783fd3bf3df3fed4d0733d511,77,0,0.5808297991752625,1,0,0.1074782535433769,0,0,0.1644660234451294,0,0,0.2136957496404647,0,0,0.3427615165710449,0
6f8320a9c444090bd55010537a9e7dcb,78,1,0.555571436882019,1,0,0.0067627998068928,0,1,0.9151702523231506,1,0,0.614502489566803,0,0,0.6409387588500977,0
6f85d2a7982a02cea67abf229e402404,78,0,0.4911454916000366,0,0,0.0338037461042404,0,0,0.2491814494132995,0,0,0.2512262761592865,0,0,0.078913390636444,0
6f8b23eee8e3c3e4e47173d141f9b791,78,0,0.77955561876297,1,1,0.8616076111793518,1,0,0.7368537187576294,1,0,0.4239090085029602,0,0,0.385750949382782,0
6f915569b8a5b8143cfe9e17f421355c,78,0,0.591590166091919,1,0,0.5540186762809753,1,0,0.3482199013233185,0,0,0.1985377967357635,0,0,0.3335257768630981,0
6fa8814e8159cc0e7ac6d0477c0e6164,78,0,0.351965069770813,0,0,0.0131718749180436,0,0,0.037759605795145,0,0,0.1972810924053192,0,0,0.0198898408561944,0
6facd092dfec22384fd9446fd84c1ce3,78,0,0.4368788301944732,0,0,0.0807035118341445,0,0,0.1415335088968277,0,0,0.6451852917671204,0,0,0.3084252774715423,0
6fb36dc586cdfd180b79f23f4cd447f0,78,0,0.4338442683219909,0,0,0.3078477084636688,0,0,0.4400433599948883,1,1,0.6702086329460144,0,0,0.4405117928981781,0
6fdc6a34720c31d685942b7bb44f9612,78,0,0.2136405855417251,0,0,0.0058382721617817,0,0,0.0228368043899536,0,0,0.2009290307760238,0,0,0.0421123318374156,0
6fe306d319701f17fdf9d477bc2d1251,78,0,0.5895864963531494,1,0,0.244973212480545,0,0,0.4758742153644562,1,0,0.3735730648040771,0,0,0.4430259168148041,0
6fe65e41cb661237e9030f191e3a2a9b,78,0,0.4956267774105072,0,0,0.867998480796814,1,0,0.3349348604679107,0,0,0.1749502420425415,0,0,0.1312088370323181,0
6fe8ac8da89618e402e51dd7e1e103fe,78,0,0.3414162695407867,0,0,0.3040390610694885,0,0,0.3911817669868469,0,0,0.3499022424221039,0,0,0.4412902295589447,0
6febf1e7c57204153c4751a1bf6e39cc,78,0,0.5037411451339722,1,0,0.2035055011510849,0,0,0.378831148147583,0,0,0.5368645787239075,0,0,0.6378879547119141,0
700ae38015597465d1f8e99b3885afb7,78,0,0.7802929282188416,1,0,0.4997423887252807,1,1,0.9444023966789246,1,0,0.3656842410564422,0,0,0.6726130247116089,0
703257c7585df8905ab7962f4a598bb2,78,0,0.272563636302948,0,0,0.0029738321900367,0,0,0.1539466083049774,0,0,0.5265827178955078,0,0,0.678211510181427,0
703cd1b366d83f31d96b478a41dc1b2c,78,0,0.3699875771999359,0,0,0.2802975475788116,0,0,0.2138750255107879,0,0,0.4661483466625213,0,0,0.6555471420288086,0
703f3e88b76dc44678a08cc71e2e23be,78,0,0.3131665289402008,0,0,0.0030395686626434,0,0,0.094132661819458,0,0,0.6601594090461731,0,0,0.0929735302925109,0
704b25bea8a6e8f0ed239f15b14fb68b,79,1,0.5066720247268677,1,0,0.0063551007770001,0,1,0.6646042466163635,1,0,0.6803832054138184,1,0,0.6401287317276001,0
7060531528cdf18aab89ddc252354c1d,79,0,0.6353434920310974,1,0,0.9408966302871704,1,0,0.2212361842393875,0,0,0.1489847600460052,0,0,0.0179256871342659,0
706814b8f626ce46d5614029ec51dc44,79,0,0.416163295507431,0,0,0.0076567749492824,0,1,0.3185619711875915,0,1,0.706962525844574,1,1,0.6583438515663147,0
7069dd8c7c8c846ce7e73e4b10a432fc,79,0,0.1609498113393783,0,0,0.0118618523702025,0,0,0.0541268400847911,0,0,0.1063882187008857,0,0,0.2319629490375518,0
7073d58de75ee80e16ec3a4458349f90,79,0,0.7711220383644104,1,1,0.7238176465034485,1,0,0.8644501566886902,1,0,0.8009772896766663,1,0,0.4057609736919403,0
7087e60b5382e43856c13a72ca679c6e,79,1,0.4765749871730804,0,0,0.0010666908929124,0,1,0.4254530370235443,0,1,0.7361755967140198,1,1,0.8299987316131592,0
70ac27185833639e72610a5f6b937ee0,79,0,0.5239937901496887,1,1,0.2428790181875229,0,0,0.3055072426795959,0,0,0.3768119215965271,0,0,0.4766567647457123,0
70b513210efb66bdbb469eeb3b3266d5,79,0,0.4472718238830566,0,0,0.0752440392971038,0,0,0.0891012102365493,0,0,0.0811756402254104,0,0,0.1145265400409698,0
70e3e8abfeb3eaae756976b397217311,79,0,0.5958642959594727,1,1,0.7686647772789001,1,0,0.4895220100879669,1,0,0.3648919761180877,0,0,0.6958818435668945,0
710139037804abe11795c4544fba66e5,79,0,0.3817472159862518,0,0,0.0364399850368499,0,0,0.1396280527114868,0,0,0.2467187792062759,0,0,0.3401051163673401,0
710700d3055a746543394296d1fb736e,79,0,0.3862307965755462,0,0,0.0021814082283526,0,0,0.2676053941249847,0,0,0.7373113632202148,1,0,0.59198397397995,0
7109c2bb3c552f274418c7d7d769445d,79,0,0.5880508422851562,1,0,0.0523851513862609,0,0,0.1692796200513839,0,0,0.3681554794311523,0,0,0.0760989934206008,0
711dc542c6c7e2b21889838cd050a810,79,0,0.520201563835144,1,0,0.1442978978157043,0,0,0.5871580243110657,1,0,0.3195239305496216,0,0,0.2910213470458984,0
714003ac5b8363ff20f6b187ce55ae9e,79,0,0.5924760103225708,1,0,0.5732762217521667,1,0,0.2352494001388549,0,0,0.2734268605709076,0,1,0.1894873827695846,0
7142d5dae053a2b32c4225f7cf671d8c,79,0,0.3640106916427612,0,0,0.6896315217018127,1,0,0.2561475932598114,0,0,0.1834476292133331,0,0,0.0661627203226089,0
714d10886bc8bf6a1f1adc0f61127071,79,0,0.2766164243221283,0,0,0.5530145764350891,1,0,0.3851235806941986,0,1,0.7939302325248718,1,0,0.0364945381879806,0
7158cb1a21c2af6490567b0fe1dfaae0,80,1,0.3509272933006286,0,0,0.003604128723964,0,0,0.4370072782039642,1,0,0.7243931889533997,1,0,0.7576391696929932,0
715f936a0ab2aca1f671041c7704e15f,80,0,0.3472525179386139,0,0,0.0610757730901241,0,0,0.2388337105512619,0,0,0.5567091703414917,0,0,0.4522030055522918,0
7199ee845675a788a07d629d325a431a,80,0,0.7400690913200378,1,1,0.8711240887641907,1,0,0.7554667592048645,1,0,0.6360187530517578,0,0,0.5291693210601807,0
71ae8a44d7e82a2d5672d04d3d7b48f8,80,0,0.4114124774932861,0,0,0.1808365285396576,0,0,0.1662078201770782,0,0,0.2259629219770431,0,0,0.3409421145915985,0
71b4eda82984d225fdddc3a4d1d32ad5,80,0,0.2915763556957245,0,0,0.3256357312202453,0,0,0.155254989862442,0,0,0.2898811399936676,0,0,0.0660237073898315,0
71c27a4f0124bfee54339b40ee4164cc,80,0,0.6969714760780334,1,0,0.5567885637283325,1,0,0.4806738197803497,1,0,0.49838587641716,0,0,0.253367006778717,0
71c75db6da20e3320fb90ca9b018ab31,80,0,0.3098816573619842,0,0,0.4821740090847015,1,0,0.2032360285520553,0,0,0.1683916896581649,0,0,0.415768563747406,0
71e9666b94e09e7485ab6350036faea6,80,0,0.4905541837215423,0,0,0.4796120226383209,1,0,0.2735137939453125,0,0,0.4803199470043182,0,0,0.3872158527374267,0
72039a144501dd60065d7f5e9e0c8385,80,0,0.3750536143779754,0,0,0.0514342933893203,0,0,0.0793950781226158,0,0,0.130447968840599,0,0,0.0178841985762119,0
721f5da499fd2c079738720daaa2706f,80,0,0.3874179422855377,0,0,0.0569075569510459,0,0,0.4140790104866028,0,0,0.3869848251342773,0,0,0.1976307481527328,0
7222b97b9a833ddac0e188319a3c4af3,80,0,0.3588637113571167,0,0,0.1181569322943687,0,0,0.1375851482152938,0,0,0.2304349392652511,0,0,0.1926167756319046,0
724c7003e9c18c07c5f925edd825ef02,80,1,0.5266401767730713,1,0,0.047017216682434,0,0,0.3291781842708587,0,0,0.624604344367981,0,1,0.7188313603401184,0
7257660acd36f94fab12cc9626d58da9,80,0,0.4385451674461365,0,0,0.0297098997980356,0,0,0.293494701385498,0,0,0.5307031273841858,0,0,0.3093552589416504,0
72842226962cd50c932146b07bec593e,80,0,0.4926739037036896,0,0,0.078178159892559,0,0,0.2877297103404999,0,0,0.6623625159263611,0,0,0.3872216045856476,0
7285810152dc8bc8a7e300f7e431b553,80,0,0.3741765320301056,0,0,0.0035619842819869,0,0,0.2543375492095947,0,0,0.2872638702392578,0,0,0.1996961236000061,0
728b3cf755f42fd628ff5fee7bf338d5,80,0,0.5368528962135315,1,0,0.0260997638106346,0,0,0.1892115026712417,0,0,0.1904473751783371,0,0,0.1488909870386123,0
729beaed8db4766d1aa3bb237a047e7a,81,0,0.4003872573375702,0,0,0.030896782875061,0,0,0.0866492018103599,0,0,0.150908961892128,0,0,0.0456978231668472,0
72a272f0770ae72999e9afa93a5bf024,81,1,0.5909441709518433,1,0,0.0244793761521577,0,1,0.7557070255279541,1,0,0.515970766544342,0,0,0.348009705543518,0
72b5767e2d03a32d3a3514f851f0c872,81,0,0.5417386293411255,1,0,0.6686798334121704,1,0,0.2235565185546875,0,0,0.1518235802650451,0,0,0.1601269990205764,0
72bf61e8260519dbf3d388f964dacd44,81,1,0.6127665638923645,1,0,0.0070040645077824,0,0,0.3080677986145019,0,0,0.3919612765312195,0,0,0.1973637789487838,0
72cfa22b529d2ae71985b2636cb9baf8,81,1,0.4553062617778778,0,0,0.1330926120281219,0,1,0.3900278508663177,0,0,0.5825172066688538,0,0,0.7546253204345703,0
72d2a167034f2cb425bcf7897137c464,81,0,0.6603766679763794,1,1,0.2522265017032623,0,0,0.3530365824699402,0,0,0.3937202990055084,0,0,0.5616369247436523,0
72d693c05239faab88247fd1d98f2cbe,81,0,0.4235700666904449,0,0,0.059780552983284,0,0,0.1711197197437286,0,0,0.4388318955898285,0,0,0.2439422458410263,0
72e0c97617b24b368795a2711b66def3,81,0,0.5170978903770447,1,1,0.9647415280342102,1,0,0.3123965561389923,0,0,0.239866241812706,0,0,0.2509858608245849,0
72fce426937854b7068b528e2a3c96d7,81,1,0.7220399975776672,1,0,0.119449995458126,0,1,0.5245406627655029,1,1,0.9416731595993042,1,1,0.2643253803253174,0
730f25f4ac6b4fd10d9cf582494c911e,81,1,0.6169651746749878,1,0,0.1040813475847244,0,1,0.9201059937477112,1,0,0.6405948996543884,0,0,0.437127947807312,0
7324a6d2f3cdb80878587b427f6df871,81,0,0.4602263271808624,0,0,0.0951007753610611,0,1,0.6521384119987488,1,0,0.7192381024360657,1,1,0.4574340581893921,0
7333af45f987aed199da0aed5dd59fd6,81,0,0.3961226940155029,0,0,0.0629118308424949,0,0,0.2231093049049377,0,0,0.6728005409240723,0,0,0.5759045481681824,0
734c7dc48a16c5a16188bd0ec7d05fe9,81,0,0.2815088629722595,0,0,0.1520295888185501,0,0,0.3268220424652099,0,0,0.4268533885478973,0,0,0.8034940958023071,0
735ea124180d108f676db6adb5b1ba98,81,0,0.4911224544048309,0,1,0.8038473129272461,1,0,0.5122835636138916,1,0,0.3331522047519684,0,0,0.1632662713527679,0
73899609bfb60b2fd74a699b2e5add8c,81,0,0.4038078486919403,0,0,0.0245982967317104,0,0,0.1471575647592544,0,0,0.1592405289411544,0,0,0.2910689115524292,0
739077a7a2add5c87ca97bda44c8bb95,81,0,0.1653357893228531,0,0,0.0033640027977526,0,0,0.0338809378445148,0,0,0.0832261592149734,0,0,0.0257012043148279,0
739933ba1ccf7631b311a2030dc76f8e,82,0,0.6960698962211609,1,1,0.5320654511451721,1,0,0.8179788589477539,1,0,0.3884214758872986,0,0,0.1789041012525558,0
73a47bff27e977dc25c0b2cd4a470eea,82,0,0.2787221074104309,0,0,0.164926528930664,0,0,0.2434892505407333,0,0,0.3659160435199737,0,0,0.4853346645832062,0
73b9dabe01f791147d0da48d4c6b6bb8,82,0,0.2408661544322967,0,0,0.0895299538969993,0,0,0.2470182031393051,0,0,0.3045356571674347,0,0,0.1751733124256134,0
73dba107969801cde6ff7bfe518274b2,82,0,0.523048460483551,1,0,0.0900294333696365,0,0,0.2317725718021392,0,0,0.3886756002902984,0,0,0.0759177356958389,0
73eeafd1126ebf01dab13840d0b9a97b,82,0,0.6876389384269714,1,1,0.7986904382705688,1,0,0.6278719305992126,1,0,0.6629216074943542,0,0,0.7460490465164185,0
743ba45b288dad1b64c80f525226df65,82,0,0.2630573809146881,0,0,0.0281584877520799,0,0,0.1921833753585815,0,0,0.5840449929237366,0,0,0.6711799502372742,0
7441457f4e2b2eba4682470448f256c1,82,0,0.4171826243400574,0,0,0.0058988314121961,0,0,0.1828541904687881,0,0,0.4585121273994446,0,0,0.2008061856031417,0
74529936ae10f51ecfb193b3f504fb50,82,0,0.6947146058082581,1,0,0.4414863586425781,1,0,0.531342089176178,1,0,0.3043024837970733,0,0,0.2470416128635406,0
7468f45287e2ad4f1375f721fbe92202,82,0,0.5460187792778015,1,0,0.3948908448219299,1,1,0.2594775259494781,0,0,0.4264528751373291,0,0,0.2833697199821472,0
74897408dcbd69ef7c76cbbbbeb722d6,82,1,0.6969978213310242,1,1,0.2382624000310897,0,0,0.70768141746521,1,0,0.6100342869758606,0,1,0.6148101687431335,0
74925ac400da8ead8dfa6a30de1e8f4d,82,0,0.3678545951843261,0,0,0.0224882364273071,0,0,0.1885406970977783,0,0,0.396346241235733,0,0,0.5879206657409668,0
74a3a1f2bbeacbfe81b567713d01cc85,82,0,0.2768076658248901,0,0,0.0462212488055229,0,0,0.0476085171103477,0,0,0.2548658847808838,0,0,0.0754972994327545,0
74a889a192f72244c10e6d0c691b68e1,82,0,0.3927623033523559,0,0,0.001568601001054,0,0,0.1486383229494094,0,0,0.1799616366624832,0,0,0.2201676070690155,0
74b23792db329cff5843e36efb8aa65a,82,0,0.5048220753669739,1,0,0.0318451821804046,0,0,0.2221142351627349,0,0,0.3621444404125213,0,0,0.4100432097911834,0
74e44965f52b614f4f200468b9594382,82,0,0.3778850138187408,0,0,0.5451110601425171,1,0,0.152822345495224,0,0,0.2391994297504425,0,0,0.0389088429510593,0
751a2e7d04ad1296c7d0a9f9eabde0d8,82,0,0.3916880488395691,0,0,0.133430927991867,0,0,0.2952857613563537,0,0,0.458212286233902,0,0,0.2804009318351745,0
751fc253d84473e85a47a2826df12ce6,83,0,0.5106903910636902,1,0,0.6886101365089417,1,0,0.3695571720600128,0,0,0.1963589042425155,0,0,0.2625257670879364,0
75235499405464bc6746650e1bcfaacf,83,0,0.3046243190765381,0,0,0.4851302206516266,1,0,0.1886101961135864,0,0,0.2603746354579925,0,0,0.1747089624404907,0
754b90e60a89d03d18dbf9b30cce6eec,83,0,0.4355546236038208,0,1,0.050021581351757,0,0,0.1833654195070266,0,0,0.8140116333961487,1,0,0.3769454658031463,0
754d373b98400f931d1070778c25e2d2,83,0,0.4936847388744354,0,1,0.7457689642906189,1,0,0.4243598580360412,0,0,0.6733758449554443,0,0,0.0802089422941207,0
7550347fa2bb96c2354a3716dfa3a69c,83,0,0.3574575185775757,0,0,0.1886563450098037,0,0,0.1317376494407653,0,0,0.2765456736087799,0,0,0.3363450467586517,0
7565b2f86dadd6aca63ab9d6a285d53d,83,0,0.3959500193595886,0,0,0.0542575120925903,0,0,0.120059810578823,0,0,0.1684085577726364,0,0,0.1013679057359695,0
759d70b78eb5f4f47bd4eaf9f4dbb425,83,0,0.3884043395519256,0,1,0.5796698927879333,1,0,0.3769999742507934,0,0,0.4891310334205627,0,0,0.5305333733558655,0
75a7dfbae7c14ee40ab1048210734dd3,83,0,0.350146621465683,0,0,0.6690153479576111,1,0,0.1302801519632339,0,0,0.2064237892627716,0,0,0.0727113410830497,0
75c2894e7a12b8f12d35b1c02ab383f6,83,0,0.3332218527793884,0,0,0.4422622919082641,1,0,0.1665844321250915,0,0,0.2645647227764129,0,0,0.3512215614318847,0
75dd4fb1cb781471b7f34b678b8dc547,83,0,0.2428124845027923,0,0,0.0038852186407893,0,0,0.1578513383865356,0,0,0.3409324288368225,0,0,0.5559084415435791,0
75ec71c3e8edd4291eb1bec543ca5855,83,0,0.5218229293823242,1,0,0.0055952658876776,0,0,0.4189097881317138,0,0,0.5838645696640015,0,1,0.7528926134109497,0
75ef4701bba51b04b002e82495d7fc6b,83,0,0.3317481875419616,0,0,0.0009159702458418,0,0,0.1523140966892242,0,0,0.592904806137085,0,0,0.2430683076381683,0
76482dd89d7d8ea3650e9a0b8e01aba6,83,0,0.7174708843231201,1,0,0.0538433194160461,0,0,0.5516591668128967,1,1,0.3886992633342743,0,1,0.8118385672569275,0
766238ff8d88651dfb314bc9c70986f9,83,0,0.5926415920257568,1,0,0.1773174107074737,0,0,0.1402388960123062,0,0,0.2947413325309753,0,0,0.0342215113341808,0
768a10036282f67b6fbd8c51d4994897,83,0,0.7939612865447998,1,0,0.033857773989439,0,1,0.8765875697135925,1,0,0.3414423763751983,0,0,0.1219922676682472,0
76a5bc377407669248eaf357b5a6aee3,83,0,0.6656454801559448,1,0,0.039220992475748,0,1,0.9174653887748718,1,0,0.6675314903259277,0,0,0.6258945465087891,0
76b629665472409971a994e1700d2407,84,0,0.529490053653717,1,1,0.7315359115600586,1,0,0.5056052207946777,1,0,0.4348391890525818,0,0,0.7630913853645325,0
76bb0ae099afc9ab5e218f55755a02ad,84,0,0.3921246826648712,0,0,0.0016891218256205,0,0,0.1296247243881225,0,0,0.3442957401275635,0,0,0.1431105732917785,0
76cee2dfef93ddd6caaa04a93ce1ea01,84,0,0.347716748714447,0,0,0.2708489596843719,0,0,0.2695017158985138,0,0,0.3841404318809509,0,0,0.5371578335762024,0
76e1b5ea5308e49ae6b2081d559e938c,84,0,0.5136617422103882,1,0,0.5492568612098694,1,0,0.5270916223526001,1,0,0.4413768053054809,0,0,0.7266146540641785,0
76e2a34a8c79a83155d9e8aa66e72fed,84,0,0.2696078717708587,0,0,0.0114527679979801,0,0,0.3915967941284179,0,0,0.8421204090118408,1,0,0.6107025146484375,0
7707509ad13c3c9d41d2417ef8fecaa6,84,0,0.4599142968654632,0,0,0.1108898445963859,0,0,0.1041197776794433,0,0,0.0932849124073982,0,0,0.0093269469216465,0
773144bbf1ced7a17fb84cdcbf7e6504,84,0,0.6749699115753174,1,0,0.5712035894393921,1,0,0.3035435378551483,0,0,0.51149982213974,0,0,0.3758348226547241,0
7742abe5bd817ba643d38fb517e35b24,84,1,0.5983946919441223,1,0,0.0196234639734029,0,0,0.628189742565155,1,0,0.6824949383735657,1,1,0.8220271468162537,0
77479e09e740cfce8962e9e55963330e,84,0,0.3594852387905121,0,0,0.6381791234016418,1,0,0.2410701364278793,0,0,0.2879738211631775,0,0,0.2050914913415908,0
774a27811e9fea0a7551f17f0b00130c,84,0,0.4494029581546783,0,0,0.1635042279958725,0,1,0.2347544878721237,0,0,0.4934674501419067,0,0,0.6726707816123962,0
775aa6a334426b6dc282c61c48478a87,84,0,0.2711752951145172,0,0,0.1453635096549987,0,0,0.0594290755689144,0,0,0.0797669813036918,0,0,0.0427985526621341,0
775bc8eece1917406112f0f626e190d3,84,0,0.3162405788898468,0,0,0.0063606677576899,0,0,0.1697769612073898,0,0,0.202741265296936,0,0,0.1123951226472854,0
777e5578741dea8a02a689fe907a4215,84,1,0.7942735552787781,1,0,0.0420790500938892,0,0,0.8384499549865723,1,0,0.8414492607116699,1,0,0.3320660591125488,0
778153803200347fa9e3573824d89e8f,84,0,0.3752467036247253,0,0,0.0503138490021228,0,0,0.2446957230567932,0,0,0.469569593667984,0,0,0.2838979661464691,0
7788cdc2fe03ff147991981c80af67f6,84,0,0.6930820345878601,1,0,0.2747387588024139,0,0,0.4430781900882721,1,0,0.3626774251461029,0,0,0.0790461003780365,0
77b118b0bf092dec6b64f61d5a8c2b86,84,0,0.3465389907360077,0,0,0.2705715596675873,0,0,0.3013949990272522,0,0,0.3268064558506012,0,0,0.2393901497125625,0
77b20dccfcee611b676bbfa760f883d3,85,0,0.587162971496582,1,1,0.2509596645832062,0,0,0.7368160486221313,1,1,0.8520909547805786,1,0,0.4736608862876892,0
77c48e5d1314b7a38a9af6b91b6636ee,85,0,0.3352715969085693,0,0,0.0771224498748779,0,0,0.1123992428183555,0,0,0.1586489081382751,0,0,0.0294984802603721,0
77c5a562bf2f2681dfdc1c17503061fe,85,0,0.2957630157470703,0,0,0.0194942355155944,0,0,0.0826004147529602,0,0,0.4526123106479645,0,0,0.455774188041687,0
77c9f35a891f03a54eec650170e0a649,85,0,0.2805665731430053,0,0,0.0340149067342281,0,0,0.2148782014846801,0,0,0.3138810098171234,0,0,0.5030714273452759,0
77cfb1fd56137f340eccb2154c5b219c,85,0,0.4636057317256927,0,0,0.0818456932902336,0,0,0.1270585507154464,0,0,0.3941656351089477,0,0,0.0599052794277668,0
77de418d76da77b7e429227b83cd259f,85,0,0.5739079117774963,1,0,0.4520955681800842,1,0,0.3578394949436188,0,0,0.2483973205089569,0,0,0.2363858669996261,0
77fb399d095bb11d1344a1a114f59376,85,0,0.5256967544555664,1,1,0.9300107955932616,1,0,0.6110084056854248,1,0,0.3866099715232849,0,0,0.561319887638092,0
77fb6e22acdafb6900fd7624feefd953,85,0,0.4515801966190338,0,0,0.2855272889137268,0,0,0.4149648249149322,0,0,0.5505037903785706,0,0,0.2466126382350921,0
7803162d59bc010353f64ffbaabc452f,85,0,0.3514151871204376,0,0,0.0160182770341634,0,0,0.4776523113250732,1,0,0.3968472480773926,0,0,0.5627045631408691,0
780f385ed80d16130dad48d823b1ee0f,85,0,0.2696285843849182,0,0,0.0268876198679208,0,0,0.0955789387226104,0,0,0.1639548689126968,0,0,0.3420798480510711,0
781b722e178a483b4781fbd148706b7d,85,0,0.502385675907135,1,0,0.2406776845455169,0,0,0.3851479291915893,0,0,0.5086934566497803,0,0,0.483865350484848,0
7824623176a69a914e31ec8769246ca0,85,0,0.5373479723930359,1,0,0.4801079928874969,1,0,0.2628582119941711,0,0,0.1705478578805923,0,0,0.3673432171344757,0
7849964d63a43175008dd8a127175e19,85,0,0.7747657895088196,1,1,0.2668559849262237,0,0,0.7377840280532837,1,0,0.727595329284668,1,0,0.7060971856117249,0
785140281117595d1818b8133d43d3bc,85,0,0.5572499632835388,1,0,0.033226266503334,0,0,0.1253618001937866,0,0,0.114052914083004,0,0,0.0361778773367404,0
78528b631de407173ba09edd7b465e68,85,0,0.3716658055782318,0,0,0.0096771605312824,0,0,0.2017027139663696,0,0,0.1855730712413787,0,0,0.2387303411960601,0
7858eba2f50d6d515f3ccbbbe9020fa4,85,1,0.5953225493431091,1,1,0.0352531895041465,0,1,0.6146631240844727,1,1,0.9172331690788268,1,0,0.2398861348628997,0
7862687072c60da78260b61a00ddd256,86,0,0.3199861943721771,0,0,0.0055831251665949,0,0,0.0770978331565857,0,0,0.3219346106052398,0,0,0.1611326485872268,0
786fa2f1244ca842e96cc6afb0f28870,86,1,0.6995980739593506,1,0,0.0403343178331851,0,1,0.9766108989715576,1,0,0.7618370056152344,1,0,0.0396587029099464,0
787506d2456ea43f00689850f3a4e797,86,0,0.4181835353374481,0,0,0.2018273770809173,0,0,0.1197460442781448,0,0,0.1670149713754654,0,0,0.0727401226758956,0
7882ac9a9fa79ddd245f540d6f6e4af5,86,0,0.4205874502658844,0,0,0.4148081839084625,1,0,0.2060470879077911,0,0,0.7753236293792725,1,0,0.4813778698444366,0
788c42c6b87bb62f1d5def6b0e7ca9da,86,0,0.3515090644359588,0,0,0.0561562627553939,0,0,0.1953954249620437,0,0,0.3753722012042999,0,0,0.4925121665000915,0
78920201559a84ae65d928a6167b73e8,86,1,0.4690586924552917,0,0,0.0168530102819204,0,0,0.4741106331348419,1,0,0.5523258447647095,0,1,0.8801631331443787,1
789cba61f30c4c087a6cd97def275aca,86,0,0.4641390442848205,0,0,0.0025933142751455,0,0,0.7633795738220215,1,0,0.4632379412651062,0,0,0.9705603122711182,1
78a65ae9e49e19db9eb86324f483fd67,86,0,0.5700929164886475,1,0,0.7335084080696106,1,0,0.4151027500629425,0,0,0.5426792502403259,0,0,0.2125663161277771,0
78b44b96b121d6075d7ae27135278e03,86,0,0.2202339023351669,0,0,0.0079097533598542,0,0,0.0882685855031013,0,0,0.2043678760528564,0,0,0.1037124618887901,0
78dd6b0489bee998af8fb581871942f4,86,0,0.8195048570632935,1,0,0.478789210319519,1,0,0.5804232954978943,1,0,0.5614056587219238,0,0,0.0992051288485527,0
7902baf009b3169371fe1c3de95c3b99,86,0,0.2814774811267853,0,0,0.2930594384670257,0,0,0.1515859514474868,0,0,0.3041621446609497,0,0,0.1857201904058456,0
79054bd52e5f6ebcda94fdc54e2fada5,86,0,0.1407054811716079,0,0,0.0441580154001712,0,0,0.0771916285157203,0,0,0.3433401882648468,0,0,0.2333773821592331,0
7919e0bc92270c1acbd8b124aa5377ef,86,0,0.679673433303833,1,0,0.2318384051322937,0,0,0.4959981143474579,1,0,0.4875839054584503,0,0,0.1755865961313247,0
79272925caa941829eb32e77a0262c3c,86,0,0.362576425075531,0,0,0.1381661295890808,0,0,0.1565816104412078,0,0,0.1828877478837967,0,0,0.5439189076423645,0
7928b9dff786e3dc4951c30dd911ba2d,86,0,0.6031525135040283,1,0,0.1388315260410308,0,0,0.3464004099369049,0,0,0.6959089040756226,1,0,0.7910249829292297,0
793aa89237cb495f1b83dcc5a1434934,86,0,0.772068440914154,1,0,0.7350813746452332,1,0,0.2850859463214874,0,0,0.0746528431773185,0,0,0.0196355935186147,0
793e92503fb0cf3462a21406e3cb19a2,87,0,0.4750995337963104,0,0,0.3267835080623626,0,0,0.3231872320175171,0,0,0.669862687587738,0,0,0.1770851016044616,0
79558608235e4a27758e516419f54bc2,87,0,0.3637006878852844,0,0,0.5666947960853577,1,0,0.3511572778224945,0,0,0.2262234985828399,0,0,0.3578862249851227,0
7989ee219436f5636916b09612055915,87,0,0.2388036251068115,0,0,0.3392427265644073,0,0,0.1623493283987045,0,0,0.330885648727417,0,0,0.2713055908679962,0
79b547f424c97c52e714d6e808035787,87,0,0.4778638184070587,0,0,0.0387901961803436,0,0,0.302550345659256,0,0,0.544354259967804,0,0,0.3092045783996582,0
79b6946338c30268ead5a6253484f852,87,0,0.5739203691482544,1,0,0.07776740193367,0,0,0.1277949213981628,0,0,0.2868964672088623,0,0,0.1367398351430893,0
79c75c4aed44b844eca14be58a9deb9f,87,1,0.7525279521942139,1,0,0.0443051047623157,0,0,0.812277615070343,1,0,0.5897627472877502,0,0,0.3854498863220215,0
79d2a2619a836e33f35407b0bba32eca,87,0,0.4579763412475586,0,0,0.1614547818899154,0,0,0.316219687461853,0,0,0.591188907623291,0,0,0.3958957493305206,0
79dc479648b23db3616339b4a79011b8,87,0,0.4903737604618072,0,0,0.4953406751155853,1,0,0.3813657462596893,0,0,0.3060989081859588,0,0,0.2920778095722198,0
79dfadb515464474f984451c2dc2fc34,87,0,0.3654112219810486,0,0,0.0614844933152198,0,0,0.1291259378194809,0,0,0.3930645585060119,0,0,0.5742401480674744,0
79f184fea084f17c4e91a6cd2f0f91f7,87,0,0.74537593126297,1,0,0.1006428077816963,0,0,0.3679814338684082,0,0,0.5435895919799805,0,0,0.3936515152454376,0
7a14d694617e5bc2aa937e16bbfd213c,87,0,0.2934295833110809,0,0,0.0071752923540771,0,0,0.716363787651062,1,0,0.3794734477996826,0,0,0.3314114212989807,0
7a1b5a16dc4c8de5f96c282480bb02cd,87,0,0.5569790005683899,1,1,0.8459693789482117,1,0,0.5795205235481262,1,0,0.2997798323631286,0,0,0.589296817779541,0
7a4af4d5b559ac1a4f9dd849c0aec107,87,0,0.4449422657489776,0,0,0.0297031681984663,0,0,0.3256116509437561,0,0,0.4365612268447876,0,0,0.307346910238266,0
7a4e9f9b2fd1e2423d98dbaa316d199f,87,0,0.5036977529525757,1,0,0.2068473249673843,0,0,0.2567080855369568,0,0,0.2759926319122314,0,0,0.2118544578552246,0
7a5e63853f72b1cf6180e4d33aecbf93,87,0,0.3721839487552643,0,0,0.0039419941604137,0,0,0.0785172656178474,0,0,0.1809004992246627,0,0,0.033398512750864,0
7a74f4e463b72f018838f26cf7aabdf2,87,0,0.2922559678554535,0,0,0.2138483822345733,0,0,0.1234101429581642,0,1,0.2992452979087829,0,0,0.2388327270746231,0
7a8b67a254b16ef9e2b863ba65f7e011,88,0,0.7387151122093201,1,0,0.4747631847858429,1,0,0.4738290011882782,1,1,0.723108172416687,1,0,0.3554944694042206,0
7a9a75ad8f406d7561aa2f0ef7000933,88,0,0.3991841077804565,0,0,0.0128350844606757,0,0,0.1893690079450607,0,0,0.2063653469085693,0,0,0.4055953323841095,0
7aa301c90a61603f9b5e2e05a88b4204,88,1,0.3943436443805694,0,0,0.0247539225965738,0,1,0.6824119687080383,1,0,0.5445706248283386,0,0,0.9417318105697632,1
7ac10f1986662a02a6448205578299c9,88,0,0.2153607159852981,0,0,0.0126456758007407,0,0,0.1342786848545074,0,0,0.1438780277967453,0,0,0.1010924652218818,0
7acd6422a97d08046db58687e5c4b2d1,88,0,0.678010880947113,1,0,0.3403877913951874,0,0,0.5714040994644165,1,1,0.822645366191864,1,0,0.1254463493824005,0
7af230c8f8329e6f69996ab7ebfc97aa,88,0,0.4851311147212982,0,0,0.1595728099346161,0,1,0.5011944770812988,1,0,0.4633606970310211,0,0,0.7619275450706482,0
7b29ce6b9a2822aadc7ef891bd2ee88b,88,0,0.4919939339160919,0,0,0.5658766627311707,1,0,0.4671927392482757,1,0,0.2353635132312774,0,0,0.5207041501998901,0
7b377cc85094e39b186b83c181b17642,88,1,0.6143032312393188,1,0,0.119358405470848,0,0,0.504041314125061,1,0,0.6077223420143127,0,0,0.6276220679283142,0
7b45d75262ca16f5bb6b4d05bc9ff151,88,0,0.3760640621185303,0,0,0.0215955507010221,0,0,0.1945677548646927,0,0,0.423371821641922,0,0,0.8389235734939575,0
7b45ef51255aae696c5e6ee47ab2c631,88,1,0.4498729407787323,0,0,0.2428155243396759,0,0,0.4820110499858856,1,0,0.2922080755233764,0,0,0.352056086063385,0
7b579c49ced6cef817e42812d6b78f1b,88,0,0.2878937423229217,0,0,0.7207778096199036,1,0,0.2546695470809936,0,0,0.1984539479017257,0,0,0.1662215590476989,0
7b60d69158c11381cad26574b327c723,88,0,0.4955171644687652,0,0,0.7880287170410156,1,0,0.3666939735412597,0,0,0.229684293270111,0,0,0.1248819455504417,0
7b821bff27b2f1508035d5d50a16cbcf,88,1,0.5712015628814697,1,0,0.1420512050390243,0,1,0.5865890979766846,1,1,0.8745443820953369,1,1,0.2495768368244171,0
7b90ce31f08d1207a851a97626ccbea0,88,0,0.2320048362016677,0,0,0.0012613588478416,0,0,0.0107888001948595,0,0,0.1589379906654358,0,0,0.0076064672321081,0
7b9e39af7921e086e5904755d5535b31,88,0,0.4234791100025177,0,0,0.8307430148124695,1,0,0.2224824726581573,0,0,0.2531040012836456,0,0,0.1937431097030639,0
7bab78cfe1dc3376741a24ac708d75be,88,1,0.7277066707611084,1,0,0.0032603663858026,0,1,0.5599356293678284,1,0,0.7251234650611877,1,0,0.119655929505825,0
7bbef01d8c97746a9cf656bc9748bee2,89,0,0.3937489986419678,0,0,0.1811480671167373,0,0,0.0924237370491027,0,0,0.3149290680885315,0,0,0.0750094726681709,0
7bc161c0c2403c7724f4fcbe41b0d322,89,1,0.5637956857681274,1,0,0.6988780498504639,1,1,0.9267390370368958,1,0,0.6759964227676392,0,1,0.6585543751716614,0
7bca1be5f1f3c14c49be003896da9b27,89,0,0.4650270342826843,0,1,0.4279765784740448,1,0,0.4643850028514862,1,0,0.3645682632923126,0,0,0.5110914707183838,0
7bd7de8ab22bc204acdede9af49eb354,89,0,0.4122200906276703,0,0,0.4901028275489807,1,0,0.3195233643054962,0,0,0.3433206081390381,0,0,0.6061366200447083,0
7befd6661fd921f67f8d9cb84f98868f,89,0,0.3162544667720794,0,0,0.0338099375367164,0,0,0.104389913380146,0,0,0.3399393856525421,0,0,0.1906001716852188,0
7bf0f93d42efd25936029bd1082d88a2,89,1,0.5827022790908813,1,0,0.1056063845753669,0,0,0.5322918891906738,1,1,0.6051194071769714,0,1,0.949170470237732,1
7bf93eba889e845d016704b49103f283,89,1,0.5699538588523865,1,0,0.0989522039890289,0,0,0.5490888953208923,1,0,0.8850831985473633,1,0,0.4951421916484833,0
7c010308edc7a272bb8c67dc6024d989,89,0,0.3469982445240021,0,0,0.0295569207519292,0,0,0.1338409036397934,0,0,0.2439999282360077,0,0,0.2023592442274093,0
7c0e3ff480b02e9e709884f7f0e17864,89,0,0.606187105178833,1,0,0.4341297745704651,1,0,0.3952930569648742,0,0,0.4338533282279968,0,0,0.4719658195972442,0
7c56886a38be164d138314b50e7a20a3,89,0,0.3958804309368133,0,0,0.0164824612438678,0,0,0.1401550620794296,0,0,0.2627808749675751,0,0,0.1953716278076172,0
7cb9202d9a00b7bbab241e5870d56de2,89,0,0.3958324491977691,0,0,0.0160414781421422,0,0,0.2248514592647552,0,0,0.335585355758667,0,0,0.4351069927215576,0
7cb9c95b8dea0469ced903df944b2b58,89,0,0.2781744003295898,0,0,0.0410252921283245,0,0,0.0704903006553649,0,0,0.2346968501806259,0,0,0.0843200907111167,0
7ce84780a2d602c08c800ff2e769514c,89,0,0.7091709971427917,1,0,0.6037441492080688,1,0,0.6351584792137146,1,0,0.1403623521327972,0,0,0.0238638818264007,0
7d1370ec3e5406ad436adf55a3bcf6f4,89,0,0.3839247226715088,0,0,0.017928097397089,0,0,0.2832095623016357,0,0,0.4306857585906982,0,0,0.6432273387908936,0
7d67ef151eaba48db4c8a4ea60d0c670,89,0,0.3501724302768707,0,0,0.0090940091758966,0,0,0.1264703720808029,0,0,0.3137876987457275,0,0,0.0575561560690403,0
7d6d84f1373f54e8b4a7c72e4b0be842,89,0,0.4377702474594116,0,0,0.0888629257678985,0,0,0.1700605005025863,0,0,0.4323103129863739,0,0,0.0299726594239473,0
7d9e13dac6ed48dbd0577c3c65b214eb,90,0,0.6841277480125427,1,0,0.4214709401130676,1,0,0.4410949647426605,1,0,0.2052738964557647,0,0,0.6107242703437805,0
7daad4dedca1737fe750c7ce8df6fa88,90,0,0.7762079238891602,1,0,0.1967058479785919,0,0,0.3703291416168213,0,0,0.3168900310993194,0,0,0.1438938826322555,0
7db8d2571612fa51c3fea231524803cc,90,0,0.1614525765180587,0,0,0.0021088235080242,0,0,0.0280006024986505,0,0,0.1860147416591644,0,0,0.1298126727342605,0
7dcb78885da74ebf4adb54042bd23d5b,90,0,0.3739782869815826,0,0,0.5227856636047363,1,0,0.3431128263473511,0,0,0.2536686062812805,0,0,0.3030591607093811,0
7dd7cdbd80b2580c8c031d6d863a4b2c,90,0,0.3797231912612915,0,0,0.0520542711019516,0,1,0.429535299539566,0,0,0.6616606712341309,0,0,0.6851654052734375,0
7ddcf554c85d4a2bfc3803d448247e8f,90,0,0.2925451993942261,0,0,0.0199359003454446,0,0,0.2336739748716354,0,0,0.5207988023757935,0,0,0.491143137216568,0
7e090684cddb682dd8d56ad47b20a89d,90,1,0.4933602213859558,0,0,0.005516355857253,0,0,0.462579071521759,1,0,0.6974534392356873,1,0,0.6707282066345215,0
7e198e152ead58293763b80301b53ea7,90,0,0.5240961313247681,1,0,0.0164117906242609,0,0,0.1634817719459533,0,0,0.2395756244659423,0,0,0.1126088872551918,0
7e3f715d72ac1d6f114d973493d7b26c,90,0,0.1630895733833313,0,0,0.0374514162540435,0,0,0.1532194763422012,0,0,0.3471257090568542,0,0,0.2511485517024994,0
7e406876f2125c3be2c61f32965384c4,90,0,0.2885650992393493,0,0,0.0231151897460222,0,0,0.139023408293724,0,0,0.1804843544960022,0,0,0.280378520488739,0
7e5b17cc5c955fc4f8e9a626ab69295e,90,1,0.542466402053833,1,0,0.3050106465816498,0,1,0.64875727891922,1,0,0.6347995400428772,0,0,0.0457431189715862,0
7e5d928dcce24b3553e87d501a263b33,90,0,0.3527027368545532,0,0,0.4764642715454101,1,0,0.2506328821182251,0,0,0.6036438345909119,0,0,0.4916253983974457,0
7e6998dc71a747ce227b50463c4e79b4,90,0,0.5832773447036743,1,1,0.9159024953842164,1,0,0.4838756024837494,1,0,0.4493189752101898,0,0,0.1672453135251999,0
7e8d4dedd33473b5b4b247b9301d0bd7,90,0,0.4218463003635406,0,0,0.125220850110054,0,0,0.1772682964801788,0,0,0.5925528407096863,0,0,0.4045762717723846,0
7ea00a8beb600a6de0cf70cc166b0b5c,90,1,0.7648413777351379,1,1,0.592388391494751,1,0,0.9148749113082886,1,0,0.7459086775779724,1,0,0.498082160949707,0
7eab979ca2f6044cb662b86b414dac67,90,0,0.7883198857307434,1,0,0.0659077763557434,0,0,0.3529773354530334,0,0,0.1709935367107391,0,0,0.0656157582998275,0
7f15c433dbc249a491b86b27e5a6c180,91,0,0.5378022193908691,1,0,0.1208588555455207,0,1,0.595510721206665,1,0,0.5285279750823975,0,1,0.6925796866416931,0
7f1a8fc7aa0e045c3da67f710bbb0006,91,0,0.2750232219696045,0,0,0.0033605210483074,0,0,0.1181508973240852,0,0,0.5033541321754456,0,0,0.1660373508930206,0
7f48ff3a2eeb49be6ab8de17ffbd97b6,91,0,0.2474451959133148,0,0,0.1255179196596145,0,0,0.099616602063179,0,0,0.167337954044342,0,0,0.095782347023487,0
7f5503caa936a623b4388fbd88e890c5,91,0,0.4911419451236725,0,0,0.2600584030151367,0,0,0.4083435535430908,0,0,0.3143720626831054,0,0,0.3487809002399444,0
7f6b660751fb873941366907f14d16d3,91,0,0.5803608894348145,1,1,0.9410864114761353,1,1,0.5991992354393005,1,0,0.4025096595287323,0,0,0.8669173717498779,0
7f710543e44f0c12db0ecda25a727602,91,0,0.6409307718276978,1,0,0.5801985263824463,1,0,0.2047770768404007,0,0,0.4436300992965698,0,0,0.0352010689675807,0
7f941b941253b7e3e6d14b5b472cd109,91,0,0.449309766292572,0,0,0.1004529744386673,0,0,0.2767131626605987,0,0,0.601863443851471,0,0,0.8092421293258667,0
7ffbfdf7d18e416baa1e663bc0bb022c,91,0,0.4328398108482361,0,0,0.0378350056707859,0,0,0.2720007002353668,0,0,0.7555035352706909,1,0,0.6508212089538574,0
800ba8f1fac83f75a00762f415780e9f,91,0,0.4063926041126251,0,0,0.1784651279449463,0,0,0.133050337433815,0,0,0.2049792408943176,0,0,0.0682768449187278,0
800f63115427cc92aeed7046fd6028a2,91,0,0.5594027042388916,1,0,0.0352619588375091,0,0,0.1489031016826629,0,0,0.3129647076129913,0,0,0.1767341941595077,0
801877d4b0ea3c93d4a926091916eebe,91,0,0.4976688027381897,0,0,0.0183247793465852,0,0,0.4037086963653564,0,0,0.2618801593780517,0,0,0.0349241830408573,0
802ee38a7da17f26985c121f68bb9d26,91,0,0.4094472527503967,0,0,0.3338182866573334,0,0,0.2211982607841491,0,0,0.2866427600383758,0,0,0.3049616515636444,0
8058546ca8e9113170abd89d0009b58e,91,0,0.6117030382156372,1,1,0.992478847503662,1,0,0.5924582481384277,1,0,0.3743880093097687,0,0,0.4335264265537262,0
805adafed138091a3781447c33e1a600,91,0,0.4224241077899933,0,0,0.0254596583545207,0,0,0.400191068649292,0,0,0.6583617329597473,0,0,0.436247169971466,0
806771c21d67c39c6b251a8ef624b04b,91,0,0.3214622735977173,0,0,0.0019589513540267,0,0,0.0889585316181182,0,0,0.3274913728237152,0,0,0.1012143269181251,0
8071111321da026443f7b87a0b41b089,91,0,0.5316330194473267,1,0,0.0035254599060863,0,0,0.6685754060745239,1,0,0.3459028601646423,0,0,0.4890463352203369,0
80820dadb9d227da10376b7de5dc8e4d,92,0,0.4927931129932403,0,0,0.4017437994480133,1,0,0.2984869182109833,0,0,0.2869239449501037,0,0,0.0931041166186332,0
808b71dc92d1c05ff78bbe98894c7b1a,92,0,0.3836065828800201,0,0,0.0334537662565708,0,0,0.1452023684978485,0,0,0.2850628495216369,0,1,0.5574766993522644,0
80a409944c5ca4ecd39a7af44592d392,92,0,0.4887542128562927,0,0,0.1873472183942794,0,0,0.5522667765617371,1,0,0.3923454582691192,0,0,0.20307257771492,0
80ad748edd617396cc973d20b4e481fb,92,0,0.3575299084186554,0,0,0.0849592760205268,0,0,0.1940842866897583,0,0,0.5158470869064331,0,0,0.443520188331604,0
80bc7a1af89f2b8b60ed33c83ae8ed5d,92,0,0.4056495428085327,0,0,0.6245359182357788,1,0,0.3935471177101135,0,0,0.3241805732250213,0,0,0.0938923135399818,0
80c68d62bf257cb6e0ab4f99b907d846,92,0,0.3255724906921386,0,0,0.7129846215248108,1,0,0.2971689999103546,0,0,0.3053158819675445,0,0,0.3533003330230713,0
80dc592ace52d1e591f23042125f3aba,92,0,0.4841756224632263,0,0,0.2649183571338653,0,0,0.3680702447891235,0,0,0.4026932716369629,0,0,0.4092747271060943,0
80e46bd152ba3cc5a6e63683a0923ac1,92,0,0.5933845639228821,1,0,0.1567722856998443,0,1,0.8948923349380493,1,1,0.9310941696166992,1,1,0.6070314049720764,0
80f3da71b6af9134388dee22f0d386d9,92,0,0.5740491151809692,1,0,0.2038908302783966,0,0,0.2089173048734665,0,0,0.3883268237113952,0,0,0.1501788794994354,0
81197e05ed18bedd54749a955c2f88d4,92,0,0.3165589272975921,0,0,0.016765009611845,0,1,0.1409052312374115,0,0,0.4239144325256347,0,0,0.7197747826576233,0
81228a9f8fca8710e0f6f9aedf9bd667,92,0,0.3042115867137909,0,0,0.0022051527630537,0,0,0.0931931212544441,0,0,0.4101801812648773,0,0,0.0617798827588558,0
818a1e7fcce109b3640d73dcf9ae74da,92,0,0.3570666015148163,0,0,0.5078275799751282,1,0,0.116377092897892,0,0,0.1101147904992103,0,0,0.0660822764039039,0
81a4366baeebb4b90a33aa5b9cb99220,92,0,0.619645357131958,1,0,0.1721653193235397,0,0,0.38078773021698,0,0,0.3185898959636688,0,0,0.7643876075744629,0
81a5542dd5a975bc98bf9ea8fe6239b1,92,0,0.496241420507431,0,0,0.0057297903113067,0,0,0.156723216176033,0,0,0.0980517417192459,0,0,0.0276267156004905,0
81fd659ccf1dc3e815032762154a41fc,92,0,0.6740720272064209,1,0,0.1292403191328048,0,0,0.3878357410430908,0,0,0.7622029781341553,1,0,0.6587134599685669,0
8230f568c1e47476de038b0faa3867f2,92,0,0.3662851452827453,0,0,0.1635250449180603,0,1,0.4167675971984863,0,0,0.5036590099334717,0,0,0.608756959438324,0
8234fae0532b776d3ec872a46d34a68c,93,0,0.4663297533988952,0,0,0.282734215259552,0,0,0.3828505575656891,0,0,0.6052865386009216,0,0,0.4738658368587494,0
823c23eae7b2fdf7f2694b8417f961b5,93,0,0.5774195194244385,1,0,0.0187942385673522,0,1,0.2311879843473434,0,0,0.3731359541416168,0,0,0.4696789979934692,0
82913cf4e449decbc5195cffc2422b4d,93,0,0.6831845045089722,1,0,0.0105191152542829,0,1,0.8961828947067261,1,0,0.4582898914813995,0,0,0.3489193618297577,0
82a05fbda7ecdf80c82d6392b4fcb309,93,0,0.2987047731876373,0,0,0.2517822384834289,0,0,0.2402707189321518,0,1,0.6024752259254456,0,0,0.7384694218635559,0
82cb7ac2b8ad46f2be437a640d6744f5,93,1,0.3590967953205108,0,1,0.1038436070084571,0,1,0.5016937255859375,1,0,0.5193163752555847,0,0,0.5724694728851318,0
82e41a990090318996b32addee7ed8af,93,0,0.5921487808227539,1,0,0.2658469080924988,0,0,0.3852878212928772,0,0,0.2346295267343521,0,0,0.3713318705558777,0
82f038aeccacf2b62fe9cd3fdc1776e8,93,1,0.4425931572914123,0,1,0.4649705588817596,1,0,0.2547979056835174,0,0,0.4044016301631927,0,0,0.6163362860679626,0
831d7c9c5ba5b96a73c71e5e2adb9c0f,93,1,0.3408553898334503,0,0,0.0002703172795008,0,0,0.3317071497440338,0,1,0.724944531917572,1,0,0.740167498588562,0
833920cee0073b2295b713e8e99a1183,93,0,0.3392881155014038,0,0,0.2172708213329315,0,0,0.0829285606741905,0,0,0.1966333389282226,0,0,0.0814725533127784,0
833acf5a6565b4457b597d8c79debc51,93,0,0.310604989528656,0,0,0.0460192561149597,0,0,0.0670915246009826,0,0,0.0930157229304313,0,0,0.0061907074414193,0
833c4ee4ef52adb663076af69efe3c22,93,0,0.1853453665971756,0,0,0.027337834239006,0,0,0.0481095425784587,0,0,0.2600757181644439,0,0,0.1548345685005188,0
83918012739ab2906d692171f66a4dcc,93,1,0.7808695435523987,1,1,0.0650735795497894,0,1,0.7737481594085693,1,0,0.8718953728675842,1,0,0.0902324840426445,0
83a4f5f3b182b887bceba354c8721161,93,0,0.4642439186573028,0,0,0.0277571473270654,0,0,0.0963560566306114,0,0,0.5034606456756592,0,0,0.1730729341506958,0
83a70a189e968329c4d30f1866c689a3,93,0,0.7872036099433899,1,0,0.8317490220069885,1,0,0.7031446099281311,1,0,0.3962655067443847,0,0,0.5725107192993164,0
83c6b5dc4e05ffc8df10c81110c43e24,93,0,0.3719795644283294,0,1,0.9012909531593324,1,0,0.481517881155014,1,0,0.3240131139755249,0,0,0.2093545645475387,0
83caa8a85e03606cf57e49147d7ac569,93,0,0.7815201878547668,1,1,0.780653178691864,1,0,0.7136557698249817,1,0,0.2179544866085052,0,0,0.2889659106731415,0
83de33a22bd34496e5a48e703757f955,94,0,0.4060198366641998,0,0,0.4316076338291168,1,0,0.151283323764801,0,0,0.3185772895812988,0,0,0.1861958503723144,0
8408eea460f0a9a2f9aec40da98917cb,94,0,0.3964482843875885,0,0,0.3840638101100921,1,0,0.2757650911808014,0,0,0.6828884482383728,1,0,0.3290764689445495,0
841f26fd47640f87331ff714df4d2791,94,0,0.420759916305542,0,0,0.0116475531831383,0,0,0.2348966300487518,0,0,0.4102329015731811,0,0,0.5027393698692322,0
84249d25eb5f4964a316e60d53f71544,94,0,0.4985312521457672,0,0,0.1396723091602325,0,0,0.2921175956726074,0,0,0.4236100614070892,0,0,0.5395142436027527,0
843abeeb7966e7a52cf66352bbdb9edf,94,0,0.3658166229724884,0,0,0.0003498577571008,0,0,0.17901211977005,0,0,0.4435623288154602,0,0,0.7540659308433533,0
8441d98d5b146a30546686ea74f22cb8,94,0,0.2488475143909454,0,0,0.1469423919916153,0,0,0.0957893207669258,0,0,0.1953674554824829,0,0,0.034076739102602,0
844c43d38ba987837ba7d59a2b0c2436,94,1,0.6811072826385498,1,0,0.2405336797237396,0,0,0.5550720691680908,1,0,0.8239858746528625,1,0,0.7078850269317627,0
844c74ccfd247080704e9118a2ef5ee6,94,0,0.6854780316352844,1,0,0.4346326291561126,1,0,0.7040302753448486,1,0,0.3300454318523407,0,0,0.5388138294219971,0
844e0124406c3b8ede871974d4df8fc9,94,0,0.4424328804016113,0,0,0.0278501417487859,0,0,0.2407054007053375,0,0,0.2326867878437042,0,0,0.4488437473773956,0
84564d34f32254f20e49bcb6ab603421,94,0,0.493098646402359,0,0,0.6075347065925598,1,0,0.3211561739444732,0,0,0.3472091555595398,0,0,0.2483320236206054,0
847743152f064b66922857b03babd9b4,94,0,0.2339668720960617,0,0,0.048518992960453,0,0,0.0414940267801284,0,0,0.1109340563416481,0,0,0.0079861199483275,0
84ab46d62cc73aa48c4c219074638067,94,0,0.5582340955734253,1,0,0.0189507137984037,0,1,0.5584928393363953,1,0,0.6251528263092041,0,1,0.6216914057731628,0
84c632197eb00d0bf42931649cf26a84,94,0,0.3215373754501343,0,0,0.1020638570189476,0,0,0.1497752219438552,0,0,0.226350262761116,0,0,0.3171118497848511,0
84d97a74cb6d007c8b4370c07920137c,94,0,0.3860537409782409,0,0,0.7475581169128418,1,0,0.1526096016168594,0,0,0.1130784973502159,0,0,0.03065468929708,0
851111c0d1373209b9cff31baf15dbe2,94,1,0.7543142437934875,1,0,0.1161252856254577,0,1,0.9706805944442748,1,0,0.5594949722290039,0,0,0.4238823652267456,0
852323f1b1d59921ce43fbb0ce7778ef,94,1,0.6008986830711365,1,0,0.0729885995388031,0,0,0.5151309967041016,1,0,0.920092225074768,1,0,0.4500888288021087,0
8523b847bfffd922ccc8748667cb4a6b,95,0,0.391566514968872,0,0,0.6350209712982178,1,0,0.3127432465553283,0,1,0.3457692861557007,0,0,0.1968638449907302,0
8545aad85354b8db7d5ce731a985a5dd,95,0,0.3696891665458679,0,0,0.8024301528930664,1,0,0.3345191478729248,0,0,0.2485329061746597,0,0,0.0628637447953224,0
85718436181b19f2d96683adba71e0fb,95,0,0.6807292699813843,1,1,0.2669849097728729,0,0,0.5176294445991516,1,0,0.5151638388633728,0,0,0.5793602466583252,0
859b2897036f5ebf281996b5c3ed5571,95,0,0.2586699426174164,0,0,0.0012878983980044,0,0,0.0886057317256927,0,0,0.2539938390254974,0,0,0.3970643281936645,0
85bda836908ce9aa420b408de60d12b9,95,0,0.4235223829746246,0,0,0.0102497972548007,0,0,0.3018688559532165,0,0,0.4849289953708648,0,0,0.4955809116363525,0
85c79168f44971d4ed1a4ceb92f52782,95,0,0.2666271328926086,0,0,0.0280375536531209,0,0,0.2284459620714187,0,0,0.3588799834251404,0,0,0.6011210083961487,0
85cfce301b95db7beeaeeee8d9b44b31,95,0,0.495816022157669,0,0,0.4565289318561554,1,0,0.3008228540420532,0,0,0.5094899535179138,0,0,0.1005223914980888,0
85e3f349aa7ffca50350583c0e872b3e,95,0,0.4990705847740173,0,0,0.1608786284923553,0,0,0.3197892308235168,0,0,0.4942218959331512,0,0,0.4773066937923431,0
85ffcfa2cb02025abd57e2ed21ec4aa2,95,0,0.6374566555023193,1,1,0.6570066809654236,1,0,0.3236478567123413,0,0,0.394560307264328,0,0,0.4059629142284393,0
860d962f6bcb589691efe5911ef2c415,95,0,0.5835441946983337,1,0,0.3248785734176636,0,0,0.3021078705787658,0,0,0.3869049251079559,0,0,0.2284372299909591,0
8622b8fb70af2568eb36fe1e9bf944df,95,0,0.642512857913971,1,0,0.0226447824388742,0,0,0.3322136402130127,0,0,0.657275378704071,0,0,0.1977306604385376,0
865f04d531a2cea8ae54bea8419a143b,95,0,0.5324817895889282,1,0,0.0513360016047954,0,0,0.2986738085746765,0,0,0.3741241097450256,0,0,0.4851528406143188,0
8665a7a54f95442fbf721f9865fd2215,95,0,0.3377213478088379,0,0,0.0176465790718793,0,0,0.0702747777104377,0,0,0.3911516964435577,0,0,0.0445300079882144,0
8673c57e2f920c8bb15d3c8a062ee2a2,95,0,0.3727362751960754,0,0,0.0043649096041917,0,0,0.3711468577384949,0,0,0.251948207616806,0,0,0.2178312391042709,0
867fdc610019d6500f0d02205491d6b3,95,0,0.2821572422981262,0,0,0.2759390473365783,0,0,0.2837190926074981,0,0,0.2010217010974884,0,0,0.2629386484622955,0
86a162a046aa05913ec0ea15a37bf6ec,95,0,0.3841403722763061,0,0,0.3125879168510437,0,0,0.3021932244300842,0,0,0.4734983146190643,0,0,0.3644081950187683,0
86b6e82323a0bc62ea29acad47cb8b4b,96,0,0.5317578911781311,1,1,0.2798943519592285,0,0,0.3383893668651581,0,0,0.867175281047821,1,0,0.6838088631629944,0
86c250394507375a62f41b8178cee56b,96,0,0.414998710155487,0,0,0.2987504601478576,0,0,0.3668743669986725,0,0,0.2269883751869201,0,0,0.4372473955154419,0
86d44d9e44347855ffc41410e213f3fc,96,0,0.4323022067546844,0,0,0.0122968070209026,0,0,0.371400386095047,0,0,0.5256698727607727,0,0,0.5884075164794922,0
86f163288f42611c975cbc28990cadd3,96,0,0.8107982873916626,1,0,0.7918806076049805,1,0,0.6740211248397827,1,0,0.2992841005325317,0,0,0.377258151769638,0
86f879c042c8a2860eb6f3177d374998,96,0,0.2511657774448395,0,0,0.0008290786645375,0,0,0.0954919755458831,0,0,0.39632049202919,0,0,0.4546262919902801,0
86f8a2d7a8ea7bc8f1d9410b1434ffca,96,0,0.4502945840358734,0,0,0.0760455429553985,0,0,0.5601559281349182,1,0,0.424200028181076,0,0,0.8055797219276428,0
86fa4d1e5cc255212325d29ff77600fe,96,0,0.3968021273612976,0,0,0.2643859982490539,0,1,0.3350515067577362,0,0,0.5577070116996765,0,0,0.5485705733299255,0
8704b3b6daca3fa2a42630a22b6ded1a,96,0,0.315358817577362,0,0,0.4322141706943512,1,0,0.3103893399238586,0,0,0.4423833787441253,0,0,0.1374451220035553,0
870de757427d966a02d162ae502f6563,96,0,0.8620992302894592,1,1,0.8305296897888184,1,1,0.8644261956214905,1,0,0.1267000883817672,0,0,0.0326194651424884,0
8718fb6c453339e5db252d14328d8ae9,96,0,0.2134111225605011,0,0,0.0221471861004829,0,0,0.0274768825620412,0,0,0.1447668671607971,0,0,0.0180287547409534,0
871a0f6c5f88473af86d1ceab436a040,96,0,0.4487576484680176,0,0,0.0526191927492618,0,0,0.1252219676971435,0,0,0.2908991277217865,0,0,0.2974081635475158,0
871e8ae9dc52f1fd45a7cd3068c71d2e,96,1,0.6038786768913269,1,0,0.1307322680950164,0,1,0.4206566214561462,0,0,0.7812772393226624,1,1,0.5481268167495728,0
8738f1843ea1425fdb36e2b0fac23626,96,1,0.3967033326625824,0,0,0.0349971577525138,0,1,0.3797105550765991,0,0,0.8012570738792419,1,0,0.3880633115768432,0
874ac8cb7b030ee4356d0b1bf54f3bd6,96,1,0.372023195028305,0,0,0.0201281048357486,0,0,0.1228364780545234,0,0,0.1450030505657196,0,0,0.080528013408184,0
87763a0a0edd30e68ff86a100878c3be,96,0,0.3426271080970764,0,0,0.0173438116908073,0,0,0.0747918337583541,0,0,0.25166717171669,0,0,0.1085388138890266,0
878e449975ff3b3fe915c976e7b8349e,96,0,0.5973877310752869,1,1,0.4053528308868408,1,0,0.8393980264663696,1,0,0.610406756401062,0,0,0.6724279522895813,0
879749b06c2dd7de7a76887d7f3dc506,97,1,0.5578791499137878,1,0,0.0032051557209342,0,0,0.4331132769584656,1,1,0.791985273361206,1,0,0.790774941444397,0
879e183709977d43bd02d4e51ef325b4,97,0,0.6479700803756714,1,0,0.9295123219490052,1,0,0.5359691977500916,1,0,0.2010940164327621,0,0,0.1549948155879974,0
879ec35e876a8aa2ca445cc465da8322,97,0,0.3198574781417846,0,0,0.0348985269665718,0,0,0.06279306858778,0,0,0.2376677244901657,0,0,0.0830230265855789,0
87a17e0680f0324fb5e39c610ec1eabc,97,0,0.2878701388835907,0,0,0.0529708974063396,0,0,0.1087402701377868,0,0,0.4096081554889679,0,0,0.2134892642498016,0
87aa2198c942403312bb79486a068fec,97,0,0.5246865749359131,1,0,0.059223860502243,0,1,0.1853571683168411,0,0,0.2771713733673095,0,0,0.1192549914121627,0
87d52b0c51edffcdd87793fe348aed71,97,0,0.3140806853771209,0,0,0.1179125756025314,0,0,0.1781217902898788,0,0,0.2000845372676849,0,0,0.2426416724920272,0
88026d37fe4202ab073fa838da4fa438,97,0,0.5454253554344177,1,0,0.4906150102615356,1,0,0.655928373336792,1,0,0.2940011918544769,0,0,0.6263986825942993,0
880331cec567a33bdfa422b8cae7f77c,97,0,0.4983634352684021,0,0,0.5551818013191223,1,0,0.2974664866924286,0,0,0.3506079018115997,0,0,0.3084615767002105,0
880b327f38330a6d6f8ecd18678ab1eb,97,0,0.3465129137039184,0,0,0.0141773102805018,0,0,0.0979672223329544,0,0,0.2081794142723083,0,0,0.0261627547442913,0
88225a0655ff2e979a4901a74d206118,97,0,0.3672738969326019,0,0,0.1985994428396225,0,0,0.1642958223819732,0,0,0.2348069846630096,0,0,0.556771993637085,0
8833925206c256a23d191bf9e976a37c,97,0,0.2728727161884308,0,0,0.0328986495733261,0,0,0.1508002579212188,0,0,0.4975010454654693,0,0,0.2072647362947464,0
884f2b574d9600dd52f4a04c9aa3a230,97,0,0.4980305135250091,0,0,0.3393399119377136,0,1,0.5134566426277161,1,1,0.5760884881019592,0,0,0.5527153015136719,0
88555f70eddbd1b7f5153f78c180a3f3,97,0,0.5526859164237976,1,0,0.1363209187984466,0,0,0.6010423898696899,1,1,0.9280025959014891,1,0,0.4541177153587341,0
885cb27d4cf51dc3aa6fa71b3aff08d8,97,1,0.7363863587379456,1,0,0.1315375566482544,0,1,0.8755385279655457,1,0,0.8004715442657471,1,0,0.4254589974880218,0
8861966283668b026211d4789e556e32,97,0,0.3439717292785644,0,0,0.0027745582628995,0,0,0.2484738379716873,0,0,0.2331863343715667,0,0,0.6024491786956787,0
887371388c9802ebf6e18d617d1c9ead,97,0,0.4812975525856018,0,0,0.1542800664901733,0,0,0.1486756801605224,0,0,0.241471529006958,0,0,0.0964521095156669,0
889347926c284c6c61234b357153d327,98,1,0.6571815013885498,1,0,0.8233140110969543,1,0,0.3708210289478302,0,0,0.5408065319061279,0,0,0.5344616174697876,0
889c383884d98ca6c0f3ef7e5c988f47,98,0,0.3416373431682586,0,0,0.0015427984762936,0,0,0.1164846941828727,0,0,0.3520773649215698,0,0,0.3896940648555755,0
88b95ee8ca5cf416d2d4eefe6fdda544,98,0,0.4544557631015777,0,0,0.012697278521955,0,0,0.2882986664772033,0,0,0.4642681181430816,0,0,0.6405666470527649,0
88c170fc29bb285ec48a809de2d206cd,98,0,0.3538742065429687,0,0,0.0063888686709105,0,1,0.1385539174079895,0,0,0.3843154907226562,0,0,0.3495616912841797,0
88cd5c503ff4f6309fd2b7b38ac71788,98,0,0.3315999507904053,0,0,0.2191331535577774,0,0,0.2290091216564178,0,0,0.3977081477642059,0,0,0.2519157230854034,0
88d2ce200de6d068f75bd22fe9c9ff99,98,0,0.3711747229099273,0,0,0.2340364605188369,0,0,0.3447409868240356,0,0,0.3472394943237304,0,0,0.5955970287322998,0
88e1a8afc53c842ef8b8f8d6a3aed32b,98,1,0.6371069550514221,1,0,0.1434082239866256,0,1,0.9444783329963684,1,0,0.5671777725219727,0,0,0.3578957915306091,0
89026693453e72d07cdccd6a98999fd5,98,0,0.3727156519889831,0,0,0.4108762741088867,1,0,0.3562952578067779,0,0,0.2513909339904785,0,0,0.2739613056182861,0
8915d3a6c700fd26eddb5c5d7f67571c,98,0,0.4331015944480896,0,0,0.2115401923656463,0,0,0.1860358119010925,0,0,0.4858818352222442,0,0,0.1980562359094619,0
89712ddf9e0bcf39f38d7fb0c174b316,98,0,0.2579432725906372,0,0,0.7844418883323669,1,0,0.1820124089717865,0,0,0.4593368470668793,0,0,0.1730200499296188,0
897bb7685ab7e0b33ffd63d8a8c602af,98,1,0.5143299102783203,1,0,0.0235345494002103,0,0,0.1668329685926437,0,0,0.4032829999923706,0,0,0.0348009467124938,0
897c9283fc1e7c7c9c27db654aec8d73,98,0,0.638400673866272,1,0,0.0336904898285865,0,0,0.4376022815704345,1,0,0.3223607838153839,0,0,0.1396419256925583,0
898f3a2c28f2267652a51a0163da0a19,98,0,0.641900897026062,1,0,0.4457926154136657,1,0,0.4576402604579925,1,0,0.6167609095573425,0,0,0.5064783692359924,0
899071c789c858f5f18e7bb8cc01e9d8,98,0,0.479778528213501,0,0,0.0444742627441883,0,0,0.1880310624837875,0,0,0.183684766292572,0,0,0.366969347000122,0
8997b6c26e44ce628e1eb711d11823fc,98,0,0.5529587268829346,1,1,0.7150053381919861,1,0,0.4932505190372467,1,0,0.500055193901062,0,0,0.3406248092651367,0
89d69479402c09787ae6663d2536a200,98,0,0.2789849638938904,0,0,0.0160422082990407,0,0,0.109741598367691,0,0,0.2096863090991974,0,0,0.1177834868431091,0
89ed046a7e6ea0bf90a90d41c93838fa,99,0,0.2344526797533035,0,0,0.5363046526908875,1,0,0.0739735290408134,0,0,0.1682418584823608,0,0,0.0623778402805328,0
89f04f147e058dd9899c3868fc135e4f,99,0,0.1818407028913498,0,0,0.0047304723411798,0,0,0.1959778815507888,0,0,0.3981475532054901,0,0,0.5655665993690491,0
89f132e2e7c2ba998aca172c2ac942b6,99,0,0.5494512319564819,1,0,0.0648446381092071,0,0,0.0445030331611633,0,0,0.0542313903570175,0,0,0.0117506673559546,0
89f9bf838081221588361f1da1e9a81a,99,0,0.4757633507251739,0,0,0.048238631337881,0,0,0.3442780375480652,0,0,0.624556303024292,0,0,0.5947445631027222,0
89fe3306458a22b4872928854c8d7a93,99,0,0.5619179606437683,1,0,0.1385822892189026,0,0,0.6966843605041504,1,0,0.4820902645587921,0,0,0.7975876927375793,0
8a03b8aacb12ad5740f7d6d236631937,99,0,0.3788487315177917,0,1,0.5986708402633667,1,0,0.2395821362733841,0,0,0.3852439224720001,0,0,0.3928719460964203,0
8a0914af872a03770cd65e63ac220504,99,0,0.7403891682624817,1,0,0.4597239196300506,1,0,0.3945599496364593,0,0,0.2770239114761352,0,0,0.1978156268596649,0
8a135433be4f3db4c84dd0c17fd49bd5,99,1,0.476945012807846,0,0,0.0268001649528741,0,1,0.8926450610160828,1,0,0.7820273041725159,1,0,0.0399597734212875,0
8a1b171f8f5fff7acafec5dcb11b67da,99,0,0.3706701397895813,0,0,0.1003480404615402,0,0,0.2081271409988403,0,0,0.5173220634460449,0,0,0.3642925322055816,0
8a21e0bb68cd729b2108a80faf955b7d,99,0,0.4299737811088562,0,0,0.1304932981729507,0,0,0.2209541648626327,0,0,0.5821031928062439,0,0,0.2838332653045654,0
8a28453b44f960e96195ef63a19eef4d,99,1,0.7531876564025879,1,1,0.3743031620979309,1,1,0.4707837700843811,1,0,0.3160742521286011,0,0,0.3916045427322387,0
8a4ebdea1fd73168d73755a4335b6ac6,99,0,0.6790833473205566,1,0,0.101790577173233,0,0,0.3311816155910492,0,0,0.2376670241355896,0,0,0.4629300236701965,0
8a56a454dfea716a4d249144054974c1,99,0,0.5871806740760803,1,1,0.8831403851509094,1,0,0.5400349497795105,1,0,0.2628376483917236,0,0,0.0939951390027999,0
8ae22bee34bbc561f7ce751a893a2715,99,1,0.280657947063446,0,0,0.0002550917852204,0,0,0.1796437948942184,0,0,0.549921989440918,0,0,0.6485546827316284,0
8b0d1968a2f5c7d6f4fd31b9b6fa37d0,99,0,0.4235956966876983,0,0,0.1119102984666824,0,0,0.3148667216300964,0,0,0.812433660030365,1,0,0.7126229405403137,0
8b1be486cd3aa270873ee8bce40084a0,99,0,0.4810281693935394,0,0,0.2458874285221099,0,0,0.498087465763092,1,0,0.3869284987449646,0,0,0.4776652455329895,0
8b20c3eebf97ebe4a939ec16f1be2ccf,100,0,0.7598970532417297,1,0,0.2865826785564422,0,0,0.3775276839733124,0,0,0.1199336946010589,0,0,0.0609095953404903,0
8b367525fe691a088991bf7ceb7b0ba9,100,0,0.6681931614875793,1,0,0.1140679493546485,0,0,0.3338991999626159,0,0,0.2170465588569641,0,0,0.0993263348937034,0
8b44752d98acbc233b093260c0f2061d,100,0,0.3515337109565735,0,0,0.1255694031715393,0,0,0.3361526131629944,0,0,0.3209303319454193,0,0,0.6503602266311646,0
8b783188befa28d99bbf268a7f30bf0c,100,0,0.3525577485561371,0,0,0.5569230914115906,1,0,0.1642180234193802,0,0,0.1979402899742126,0,0,0.1747421622276306,0
8b80c6d513fcc465dee24402e8431bd3,100,0,0.2063248753547668,0,0,0.0519329793751239,0,0,0.06680828332901,0,0,0.1664954721927642,0,0,0.0968354567885398,0
8b83b4587641993e3b01daa61e207ba9,100,0,0.4189770221710205,0,0,0.0649481639266014,0,0,0.3277080655097961,0,0,0.5522691011428833,0,0,0.6845632791519165,0
8b92de834e67f5a072af66d59aacc825,100,1,0.6096587181091309,1,1,0.6264280080795288,1,1,0.8793630003929138,1,0,0.576190710067749,0,0,0.6774242520332336,0
8b9c9d55bd03bf92f252c764bdc05bcf,100,0,0.3098888993263244,0,0,0.1183723881840705,0,0,0.0910198837518692,0,0,0.3045160472393036,0,0,0.3973868787288666,0
8b9ea72de468504f3dbc3fc711f905a3,100,0,0.3978133797645569,0,0,0.0050313756801187,0,0,0.0907618105411529,0,0,0.2552739679813385,0,0,0.0179568063467741,0
8bb8636f45e172949bb99b3d5dd715fd,100,0,0.2519647777080536,0,0,0.018383964896202,0,0,0.3571997880935669,0,0,0.4553721845149994,0,0,0.4699777662754059,0
8bdba2010a4775f16a711feab58b8c1c,100,0,0.3946361839771271,0,0,0.006778435781598,0,0,0.1593081504106521,0,0,0.2883842289447784,0,0,0.1472390741109848,0
8bf191972855f263e27d2239d753e622,100,1,0.5299750566482544,1,0,0.2392128258943557,0,0,0.1871787458658218,0,0,0.3786748945713043,0,0,0.4065417945384979,0
8bfad13f75648d94cdc8fc5f988f701f,100,0,0.6795180439949036,1,1,0.8455018997192383,1,0,0.4897466599941253,1,0,0.2877227962017059,0,0,0.3667740523815155,0
8c199df8b4209bac0e289a8fc63f46fc,100,0,0.385694146156311,0,0,0.0721627175807952,0,0,0.6449587345123291,1,1,0.991258442401886,1,0,0.3324193954467773,0
8c1da0c0eb67a8b7bb7cfac84ecb1cc9,100,0,0.6740772128105164,1,0,0.0202640146017074,0,0,0.4499095678329468,1,0,0.3443422317504883,0,0,0.296694278717041,0
8c40cb4ad9be5f24327c1b188f14b81b,100,0,0.4600902199745178,0,0,0.2694189250469208,0,0,0.356309562921524,0,0,0.4962146580219269,0,0,0.5837384462356567,0
8c5f21ee2a5e13f48eddb5877084a11f,101,0,0.5649315714836121,1,0,0.0886510834097862,0,0,0.1407170742750167,0,0,0.2417037189006805,0,0,0.0587932467460632,0
8c6139a7a9ea206b16b3a0d330ad6c02,101,0,0.2193385958671569,0,0,0.0216128472238779,0,0,0.1756385862827301,0,0,0.4376468360424042,0,0,0.6076958775520325,0
8c6c6d7609f644dea5044ac56725cf3a,101,0,0.3293783664703369,0,0,0.0103524923324584,0,0,0.1580847650766372,0,0,0.233294740319252,0,0,0.2200541794300079,0
8c7341b62afed8980c0cfa1659909be3,101,0,0.5827189683914185,1,1,0.9086476564407348,1,0,0.7714908123016357,1,1,0.5437989830970764,0,0,0.7603836059570312,0
8ca35bde756454ae2789f75ad12dfa1a,101,0,0.2342274039983749,0,0,0.595437228679657,1,0,0.2062342911958694,0,0,0.4238817393779754,0,0,0.059015680104494,0
8cdb33b248a22754d1c2d8b409695a23,101,0,0.335730493068695,0,0,0.0013414027635008,0,0,0.141358807682991,0,0,0.3820622563362121,0,0,0.4037769436836242,0
8d14c321b87595be89926a9b5219150b,101,0,0.7476761341094971,1,0,0.4424638152122497,1,0,0.5006989240646362,1,0,0.2691923081874847,0,0,0.2906297743320465,0
8d1cee8994769d8a74512426fb45cd98,101,0,0.334004133939743,0,0,0.0976155996322631,0,0,0.1480636298656463,0,0,0.3154909610748291,0,0,0.3917241096496582,0
8d320a31edbc7f28ea0e329c5a91c55c,101,0,0.5395162105560303,1,1,0.8330514430999756,1,0,0.3598962426185608,0,0,0.2569397389888763,0,0,0.4382153749465942,0
8d53f1f5d327b1e1642bdb63d697c4fe,101,1,0.6906477212905884,1,0,0.0047558746300637,0,0,0.6750386953353882,1,1,0.8195711374282837,1,1,0.7408995032310486,0
8d598771f57b55e64a2ecd048ac42194,101,0,0.2446257919073104,0,0,0.2955089807510376,0,0,0.110736183822155,0,0,0.3174813389778137,0,0,0.5333124995231628,0
8d612aaeaf1b5a01971cbdba49b37fdb,101,1,0.626330554485321,1,0,0.255022644996643,0,1,0.8055427670478821,1,0,0.2954698801040649,0,0,0.1426005214452743,0
8d677aa2749132774b4bb1400351e097,101,0,0.5550567507743835,1,0,0.1851767897605896,0,0,0.2389599084854126,0,0,0.3939874768257141,0,0,0.1224005073308944,0
8d87354fed4d79fe6e33267600d66adf,101,0,0.3972886800765991,0,0,0.134734034538269,0,0,0.158630833029747,0,0,0.5260037183761597,0,0,0.1996901035308838,0
8d8830c35ca3c9b01c3dd33eb4fabc00,101,1,0.8156561851501465,1,0,0.0606176853179931,0,0,0.8565694093704224,1,0,0.8285054564476013,1,0,0.2504505515098572,0
8d92d5da9bcba061cf36ee0a6c4d5d45,101,0,0.2191526591777801,0,0,0.0092288302257657,0,0,0.0449277870357036,0,0,0.1497994661331176,0,0,0.0626995489001274,0
8db4cbed642a41074ac5acdb0be452e4,102,0,0.3947773575782776,0,0,0.7631184458732605,1,0,0.2906084358692169,0,0,0.2063038051128387,0,0,0.1904215216636657,0
8db986c7dad6ac1f5b3bcbf23b358d63,102,0,0.4006693065166473,0,0,0.005116204265505,0,0,0.1714252680540084,0,0,0.2907339632511139,0,0,0.7352496981620789,0
8de301615cf3fca4c747a87d9b9505c1,102,0,0.5768003463745117,1,0,0.0713236182928085,0,0,0.3869056403636932,0,0,0.4523292183876037,0,1,0.6228449940681458,0
8dec5497ecc246766acfba5a4be4e619,102,0,0.2134922593832016,0,0,0.0076440325938165,0,0,0.105232372879982,0,0,0.3143112957477569,0,0,0.2450826317071914,0
8e3d51015dcc574507110141019bc77a,102,1,0.6570769548416138,1,0,0.3869460225105285,1,0,0.3379548192024231,0,0,0.8095397353172302,1,0,0.2270812392234802,0
8e45289dba71354bafe44794b7d60d2c,102,0,0.3388007283210754,0,0,0.2715139389038086,0,0,0.1854095607995987,0,0,0.2299404889345169,0,0,0.129056304693222,0
8e6dca156b7d89a13ab8849b30bf511f,102,0,0.4708022773265838,0,0,0.0060222945176064,0,0,0.237179547548294,0,0,0.1401573568582534,0,0,0.1577465236186981,0
8e9dbebe9681191780dd66779a27a663,102,0,0.5019474625587463,1,0,0.1279004216194152,0,0,0.4167886972427368,0,0,0.4938712120056152,0,0,0.7544857263565063,0
8ea15d8dffaccc803d343596092354b5,102,1,0.816243052482605,1,1,0.057168859988451,0,1,0.8810212016105652,1,0,0.8120026588439941,1,0,0.2248249351978302,0
8eac0d67c1763bf49cff773d0acce819,102,0,0.2718934416770935,0,0,0.2336244136095047,0,0,0.1325102001428604,0,0,0.233942911028862,0,0,0.1726970970630645,0
8ecee848dad45a30b6a0f80f6524a3cd,102,0,0.4202407598495483,0,0,0.4475848376750946,1,1,0.2139279991388321,0,0,0.3495457768440246,0,1,0.0437864065170288,0
8edb79319d71c1813e91d049d466e237,102,0,0.5683452486991882,1,1,0.7266488075256348,1,0,0.6313458681106567,1,0,0.4929248094558716,0,0,0.5053987503051758,0
8ee3612f9072477512f638498c50d788,102,0,0.4635013043880462,0,0,0.2358997166156768,0,0,0.415374606847763,0,0,0.2985409498214721,0,0,0.4737917482852936,0
8eea7c2445255538d0785405b6832ff9,102,1,0.4621822535991668,0,0,0.1055535599589347,0,0,0.642744243144989,1,0,0.895599901676178,1,0,0.4901734590530395,0
8f0e9a83c1e26189ede1bd22fd751ead,102,0,0.1709793806076049,0,0,0.0057035703212022,0,0,0.0293754804879426,0,0,0.1716124862432479,0,0,0.0162381399422884,0
8f21e046be34b9fd8fe5a3f6bff1b139,102,0,0.6836699843406677,1,0,0.1856174021959304,0,0,0.2829777002334595,0,0,0.3389039933681488,0,0,0.6606560945510864,0
8f4074350997e3cac1a8714363ce4069,103,0,0.3353946506977081,0,0,0.4927040636539459,1,0,0.1824208945035934,0,0,0.2090340405702591,0,0,0.2032531648874282,0
8f83a4da5d18bff5a21d5caaef7d38ae,103,0,0.5240039229393005,1,0,0.769250214099884,1,0,0.5498153567314148,1,0,0.288288414478302,0,0,0.1653217673301696,0
8f87062bcd359f1d6ba0c6ab4e1ce2aa,103,0,0.3460464775562286,0,0,0.2997231483459472,0,0,0.3576740622520447,0,0,0.250590831041336,0,0,0.186925783753395,0
8f90c2f3fa222eac7b59911267d00322,103,0,0.2618396878242492,0,0,0.004006611648947,0,0,0.0696916952729225,0,0,0.223101794719696,0,0,0.1418456882238388,0
8fa99ab9d23eba8869ed9acd6429a0d5,103,0,0.2281832098960876,0,0,0.0249777752906084,0,0,0.424414724111557,0,0,0.3640487790107727,0,0,0.4638906121253967,0
8fc6580091f8d24be3dbd700d4630833,103,0,0.4719636440277099,0,0,0.003261393867433,0,0,0.2765164375305176,0,0,0.3767325580120086,0,0,0.182384192943573,0
8fc78cbddaaed14a33267a0b3e4094e3,103,0,0.5217730402946472,1,0,0.1922042816877365,0,0,0.2603314220905304,0,0,0.4423601329326629,0,0,0.2599993050098419,0
900b1f760a359497ccf2a17d08413357,103,0,0.3117669820785522,0,0,0.0083010140806436,0,0,0.0570660568773746,0,0,0.2321135550737381,0,0,0.020043721422553,0
9021a7769e065e341d0893fac8250f2f,103,0,0.5770029425621033,1,1,0.7816869616508484,1,0,0.4580820798873901,1,0,0.4072059094905853,0,0,0.4205956161022186,0
902475b417c3d15c12706001292aa02e,103,0,0.5692889094352722,1,0,0.1312194615602493,0,0,0.4443361461162567,1,0,0.3078149259090423,0,0,0.5564780235290527,0
90298b04a0c568ee2144c3431711b30e,103,1,0.7583873867988586,1,1,0.2512149512767792,0,0,0.5884471535682678,1,0,0.4888991117477417,0,0,0.44075807929039,0
9045dfc3d4a724a051e85b331af35116,103,1,0.7758254408836365,1,0,0.0335497744381427,0,0,0.4292405545711517,0,1,0.8688279986381531,1,0,0.380685806274414,0
9046a6b2fb904a20e144f9c26ac86ea7,103,0,0.583093523979187,1,0,0.0087172873318195,0,0,0.4842177629470825,1,0,0.6165263652801514,0,0,0.6121008396148682,0
904c597a439d56ab663e0b5cc5422924,103,0,0.3387567102909088,0,0,0.5492384433746338,1,0,0.1697938442230224,0,0,0.1872949004173278,0,0,0.437055230140686,0
9055b296acf42185d29edd60dfdc6c50,103,0,0.3912988901138305,0,1,0.7467468976974487,1,0,0.461017906665802,1,0,0.4621867835521698,0,0,0.6278955340385437,0
9060abafbf20514eb23dacaec98e5001,103,0,0.2958131432533264,0,0,0.072579525411129,0,0,0.1756040006875991,0,0,0.6470165252685547,0,0,0.3231832683086395,0
90a2ee123827454effd1632e5a0d2214,104,0,0.4329983592033386,0,0,0.0574931167066097,0,0,0.1412921249866485,0,0,0.3290596604347229,0,0,0.036987766623497,0
90fcb945ce4bd77f9d7eb0cf3b7c0c75,104,0,0.3912405669689178,0,0,0.0051514403894543,0,0,0.2190189659595489,0,0,0.8336781859397888,1,0,0.3482781052589416,0
90ff0f6edbdb16fdeeaf3a8471f576ff,104,0,0.3492060601711273,0,0,0.0127455610781908,0,0,0.1562149226665496,0,0,0.2701541483402252,0,0,0.495523601770401,0
9105b96b6fdcb0dc599dc279b23c524e,104,1,0.4560582637786865,0,1,0.5500376224517822,1,0,0.4359830319881439,1,0,0.4899356663227081,0,0,0.205885112285614,0
91123b24b8a4c289820bbb2dc6dabdfe,104,0,0.3347664773464203,0,1,0.3866118192672729,1,0,0.3351792097091675,0,0,0.6637556552886963,0,0,0.4429288506507873,0
9112756a7e8b3ae899c07ee78f42ba65,104,0,0.6222752928733826,1,1,0.2819492518901825,0,0,0.3647095263004303,0,0,0.5099060535430908,0,0,0.3865343332290649,0
91283908618845879937985817083c93,104,0,0.6672071218490601,1,0,0.4395560324192047,1,0,0.507841169834137,1,0,0.2591536939144134,0,0,0.1267479956150055,0
912a20a92e3eec09b59aad46c4451241,104,0,0.2784207165241241,0,0,0.8900170922279358,1,0,0.1853621900081634,0,0,0.121678426861763,0,0,0.0370515473186969,0
915e148ea37918f74554937db82e0bef,104,1,0.69783616065979,1,0,0.033400360494852,0,0,0.5072697401046753,1,0,0.9173311591148376,1,0,0.5697391629219055,0
91666dfbe7cae907ee17c02084290e4b,104,0,0.6514949798583984,1,0,0.022547448053956,0,0,0.5715163946151733,1,0,0.7911850810050964,1,0,0.4633545577526092,0
9166a14e1c348730c4f6a58b91cab35b,104,0,0.4212442338466644,0,0,0.0060203736647963,0,0,0.1648207604885101,0,0,0.3028928935527801,0,0,0.2273950725793838,0
919ae0be4914f8ab1309afd084b552f9,104,0,0.3312335610389709,0,0,0.2767766714096069,0,0,0.0520563535392284,0,0,0.0854484438896179,0,0,0.0238647628575563,0
91a0ba6661f1216e3e0efa1da5085927,104,0,0.5025626420974731,1,0,0.3761530816555023,1,0,0.6136682033538818,1,0,0.4555258154869079,0,0,0.6694758534431458,0
91a8f0bfbcfa86f399c6a1175ce78b48,104,0,0.4615403711795807,0,0,0.1292692422866821,0,0,0.2725354433059692,0,0,0.1121417954564094,0,0,0.3773117363452911,0
91c465dad262c2d07cc9d98ebd3126cf,104,0,0.367603600025177,0,0,0.0060943379066884,0,0,0.3759869039058685,0,0,0.3123745024204254,0,0,0.6383901834487915,0
91fe3b729dcb9a1fe5ddc310893fd339,104,0,0.3989485502243042,0,0,0.2631399035453796,0,0,0.4025377333164215,0,0,0.2910063564777374,0,1,0.6638440489768982,0
920798732c5a28ac4c00a8cf4a49e3ac,105,0,0.3903988301753998,0,0,0.0243618655949831,0,0,0.2169846147298813,0,0,0.3626102805137634,0,0,0.3227538764476776,0
920adb61fe4f2cad8c72b874d2f06653,105,0,0.4230256974697113,0,0,0.8785219192504883,1,0,0.3447932004928589,0,0,0.1494450271129608,0,0,0.1031998321413993,0
920b51a079a6918a500745fd5dcc1c03,105,0,0.286002516746521,0,0,0.160178855061531,0,0,0.1673533320426941,0,0,0.3247149884700775,0,0,0.3293662369251251,0
921ae3e2888fcc1250129a6e8e585350,105,0,0.458665519952774,0,0,0.264378935098648,0,0,0.1288234591484069,0,0,0.4653481245040893,0,0,0.0504982471466064,0
921d2a094965fd081bc7d0d9ac6354b2,105,0,0.4566393494606018,0,0,0.4489259123802185,1,0,0.3801896572113037,0,0,0.3982110917568207,0,0,0.4384519457817077,0
9221b0d7c0029ef3ac6e12f5aa330fa6,105,0,0.5198681950569153,1,0,0.0331341922283172,0,0,0.3788481056690216,0,0,0.5446230173110962,0,0,0.5995590686798096,0
923555428f4043c4b5eac18d242021a7,105,0,0.3500842750072479,0,0,0.1435793340206146,0,0,0.3019300401210785,0,0,0.1747661978006363,0,0,0.1341948956251144,0
923e8cd400a4e914b50f3ee0ee7297e3,105,0,0.2339762449264526,0,0,0.011842094361782,0,0,0.1223075613379478,0,0,0.1682819724082946,0,0,0.1979069262742996,0
925d945d9d6cf5d0f8bb294e8c68fdbc,105,0,0.4985943734645843,0,0,0.000351309630787,0,0,0.2774242758750915,0,0,0.6149707436561584,0,0,0.6368122100830078,0
9261a4818a8933262ea1b9b9bebd2b4d,105,0,0.6095197200775146,1,0,0.8839586973190308,1,0,0.4526499211788177,1,0,0.3731639981269836,0,0,0.1027213931083679,0
9262bfe5dc41410f1725ebdd26a22334,105,0,0.5317635536193848,1,1,0.1479157209396362,0,0,0.3331058025360107,0,0,0.4859243929386139,0,0,0.5606347322463989,0
926787394c8df63b1da0a1cadf1063ee,105,0,0.5186627507209778,1,0,0.1251699924468994,0,0,0.2153193652629852,0,0,0.3412156999111175,0,0,0.1874067336320877,0
926f386ea35e891d7bfbcf9cab111866,105,0,0.5981091856956482,1,0,0.1538007110357284,0,0,0.5004220008850098,1,0,0.468267410993576,0,0,0.3653532862663269,0
9276f93cb5f5b511b7ad3caf71c45f10,105,0,0.285110741853714,0,0,0.005419653840363,0,0,0.1227947697043418,0,0,0.3271214067935943,0,0,0.2963691651821136,0
92a7c4fdc48bc4b5567b292cb57a201d,105,0,0.5685211420059204,1,0,0.3555917143821716,0,0,0.3801966905593872,0,0,0.7623737454414368,1,0,0.4807587265968323,0
92b86dc30366b13fa742c386fb146594,105,0,0.4281488358974457,0,0,0.1083506196737289,0,0,0.3366041779518127,0,0,0.4606348276138305,0,0,0.2643466889858246,0
92e71098a8b0f7e30097a649588a26de,106,0,0.6317120790481567,1,1,0.2657375633716583,0,1,0.8649862408638,1,0,0.5620959401130676,0,0,0.7862217426300049,0
92e85f2d1d6ad5ebe0385ebb1a7868c2,106,0,0.6570476293563843,1,1,0.6164493560791016,1,0,0.5058497786521912,1,0,0.3830790221691131,0,0,0.1184573024511337,0
92fa602b722ed0b664edb0b7ef6efc6e,106,0,0.3848223388195038,0,0,0.0892728865146637,0,0,0.2172310650348663,0,0,0.5475943684577942,0,0,0.3392335176467895,0
9312eef59a2ec95acb7e39d0508d89cc,106,0,0.6929759979248047,1,1,0.8565633893013,1,0,0.4730971157550812,1,0,0.5562992691993713,0,0,0.1544225662946701,0
931dc77300612101a84eff6070ca270a,106,0,0.3643858432769775,0,0,0.0049097230657935,0,0,0.1797841191291809,0,1,0.8290682435035706,1,1,0.3456452786922455,0
93239daad566dbc55904c90e6f74a8f4,106,0,0.4412364959716797,0,0,0.0268326047807931,0,0,0.133166566491127,0,0,0.3796670734882355,0,0,0.1363839209079742,0
933a7e742b3bda1d1e345dd123b5f46a,106,0,0.4767418205738067,0,0,0.0026324915233999,0,1,0.757186770439148,1,0,0.5102432370185852,0,1,0.9950339794158936,1
934e2731a86f3a6d750f7f7d9eaea85c,106,1,0.7225292921066284,1,0,0.0883647948503494,0,1,0.9528087377548218,1,0,0.4375162124633789,0,1,0.2010391801595688,0
937a353dd57519c0757ce2da3ae2bdc2,106,0,0.6032843589782715,1,1,0.419859915971756,1,0,0.2193886637687683,0,0,0.1877534538507461,0,0,0.0762122198939323,0
93c4edb47311463feddf87a0ea36f128,106,0,0.313758373260498,0,0,0.0024827194865792,0,0,0.0654659271240234,0,0,0.2624247670173645,0,0,0.2365691363811493,0
93cdc1245a32efee2b5ec92abe175e8b,106,0,0.5374937653541565,1,0,0.6807178854942322,1,0,0.3646030128002167,0,0,0.2875880300998688,0,0,0.2325950711965561,0
940635db4ae037a40c8a95a81de062d6,106,0,0.6291311979293823,1,1,0.8776313662528992,1,0,0.6458549499511719,1,0,0.3851741552352905,0,0,0.3827280104160309,0
9408e65cccb846a922ba24c1482d1f4e,106,0,0.284171313047409,0,0,0.2879369556903839,0,0,0.0804070383310318,0,0,0.221501886844635,0,0,0.1321742385625839,0
941dc59889449949de70d0b3a545939c,106,0,0.2707291841506958,0,0,0.0020135927479714,0,0,0.128996267914772,0,0,0.686710000038147,1,0,0.5139951109886169,0
945654132299ed39a4001917a63442b5,106,0,0.2765647172927856,0,0,0.0637786462903022,0,0,0.0366961881518363,0,0,0.1473913490772247,0,0,0.0277923941612243,0
94568a546be103177cb582d3e91cd2d8,106,0,0.347648948431015,0,0,0.5839686989784241,1,0,0.1880983412265777,0,0,0.1931968182325363,0,0,0.1342155188322067,0
945e911b21f8a7a61e1828b1b96e9b57,107,0,0.3241109549999237,0,0,0.1851919293403625,0,0,0.4234705567359924,0,0,0.2829969227313995,0,0,0.7114570736885071,0
9466f15cf32369021196e4a474d6864e,107,0,0.3631616234779358,0,0,0.0292852912098169,0,0,0.2160008251667022,0,0,0.2216728031635284,0,0,0.065909519791603,0
94699ec9440ff2d98c16238825994312,107,0,0.6396051049232483,1,0,0.4393162727355957,1,0,0.2585413455963135,0,0,0.3643198013305664,0,0,0.1936851739883422,0
94991be117227a4da154ae9d49583695,107,0,0.4957156777381897,0,1,0.8583117127418518,1,0,0.4958332479000091,1,1,0.218171164393425,0,0,0.1451219022274017,0
94b4487a6f96741da2745343df491908,107,0,0.2752459943294525,0,0,0.0642249956727027,0,0,0.1622504293918609,0,0,0.3205995857715606,0,0,0.3734847903251648,0
950259de679bcbb923e69129ef6640d5,107,0,0.7358267903327942,1,0,0.1282089203596115,0,0,0.7002221345901489,1,0,0.4956977665424347,0,0,0.6360460519790649,0
950f7420fe9cb8a960a5c3ca47c35748,107,0,0.5715426206588745,1,0,0.3514918088912964,0,0,0.4490846395492553,1,0,0.3382658958435058,0,0,0.6071916818618774,0
95108d231a9fd10ed3d5594c3e7f41e1,107,0,0.4273037612438202,0,0,0.0149671928957104,0,0,0.2282117158174514,0,0,0.5156136155128479,0,0,0.3297096192836761,0
95202c6e6cf656274adf379f419ab244,107,0,0.3117119967937469,0,0,0.0087904529646039,0,0,0.0530980266630649,0,0,0.2208559215068817,0,0,0.0562901422381401,0
953e9c48167874db643fd1dc010605c1,107,0,0.5522271394729614,1,0,0.051753357052803,0,0,0.0968006402254104,0,0,0.2852292358875274,0,0,0.0390801094472408,0
9575166c507d7862f5924bc606eb6c1d,107,0,0.2956929206848144,0,0,0.050536461174488,0,0,0.1299603581428527,0,0,0.4756058156490326,0,0,0.6450037360191345,0
958a4c63f5e4151e78a7a3684eb4616f,107,0,0.5527051091194153,1,0,0.6965028047561646,1,1,0.5839489698410034,1,1,0.8490294814109802,1,1,0.2454811036586761,0
95c1cb84d859b7ef18e61b5e2d052bb5,107,0,0.511762797832489,1,0,0.0369161516427993,0,0,0.292930006980896,0,0,0.7340076565742493,1,0,0.4914112389087677,0
95c7dd4307b9ab126fe347ba6e57dd7e,107,0,0.3411072492599487,0,0,0.1625025421380996,0,0,0.2376625537872314,0,0,0.2029725015163421,0,0,0.1458883881568908,0
95eb9d1e5697e1c665253e05dcf5a464,107,0,0.3101096749305725,0,0,0.1316671520471573,0,0,0.3869706690311432,0,0,0.1957456320524215,0,0,0.3235167562961578,0
96171d4df35e0bb38fd6df7e7b6f35e9,107,0,0.5910550355911255,1,0,0.0163411702960729,0,0,0.5648205280303955,1,1,0.7390498518943787,1,0,0.6366291642189026,0
96601ac112a5e37c51dabe61bf063a8e,108,0,0.5729489326477051,1,0,0.6264200806617737,1,0,0.4996891021728515,1,0,0.2615141570568084,0,0,0.1177256107330322,0
967a55293ed97ec1447c0da5162a430e,108,0,0.4340134263038635,0,0,0.2446929216384887,0,0,0.4663258492946625,1,0,0.7026306390762329,1,0,0.2031991183757782,0
967cc2106c325f85a5447798328f5d33,108,0,0.7802605628967285,1,0,0.7881622910499573,1,0,0.521950900554657,1,0,0.3253027200698852,0,0,0.3648630380630493,0
968735441bd2c77d7cfcf4d504b1fd5b,108,0,0.3217741250991821,0,0,0.2515942454338074,0,0,0.31109419465065,0,0,0.5810577273368835,0,0,0.5245522856712341,0
968a90b80ec6b68aae9703ff30509acc,108,0,0.2505637109279632,0,0,0.0189866200089454,0,0,0.0650785565376281,0,0,0.2429677098989486,0,0,0.0649155899882316,0
969570a649d3d7f430dd2e4ec11b7bc4,108,0,0.4688679873943329,0,0,0.4344977438449859,1,0,0.3695500195026397,0,0,0.6272539496421814,0,0,0.4254237711429596,0
96b106d836d2b4f16362d3a1d1f767a5,108,0,0.6038796305656433,1,1,0.1823674440383911,0,0,0.5481323003768921,1,0,0.4610840976238251,0,0,0.5430006980895996,0
96ccdf8a8c6680b235e532b179a89285,108,0,0.3115432262420654,0,0,0.0098489457741379,0,0,0.2519098818302154,0,0,0.4069209098815918,0,0,0.6842934489250183,0
96d1504f104b0b4ad88de4a50d413197,108,0,0.4629617035388946,0,0,0.0569791495800018,0,0,0.309388667345047,0,0,0.321632832288742,0,0,0.3774351477622986,0
96d4d2d2fff41438e38075881b7b0d58,108,0,0.3000015020370483,0,0,0.0212898515164852,0,0,0.0832836627960205,0,0,0.2542107403278351,0,0,0.2390346676111221,0
973b316bee7e6ccda97c07d096008fea,108,0,0.3832486569881439,0,0,0.0142316482961177,0,0,0.080176830291748,0,0,0.2041644006967544,0,0,0.0367837138473987,0
97c27cc1254725212a62ca9af162d54d,108,0,0.5417690873146057,1,0,0.0293964371085166,0,0,0.4932582974433899,1,0,0.4330333173274994,0,0,0.6258581280708313,0
