image_id,batch_index,y_true_Airspace_Opacity,prob_Airspace_Opacity,pred_Airspace_Opacity,y_true_Cardiomediastinal_Abnormality,prob_Cardiomediastinal_Abnormality,pred_Cardiomediastinal_Abnormality,y_true_Pleural_Abnormality,prob_Pleural_Abnormality,pred_Pleural_Abnormality,y_true_Focal_Lesion,prob_Focal_Lesion,pred_Focal_Lesion,y_true_Chronic_Parenchymal_Change,prob_Chronic_Parenchymal_Change,pred_Chronic_Parenchymal_Change
002a34c58c5b758217ed1f584ccbcfe9,0,0,0.3761177062988281,0,0,0.7413859963417053,1,0,0.2922310531139374,0,0,0.4773147404193878,0,0,0.4368647038936615,0
004f33259ee4aef671c2b95d54e4be68,0,0,0.4435020089149475,0,0,0.0623547472059726,0,0,0.1164771243929863,0,0,0.5093370676040649,0,0,0.4036104083061218,0
008bdde2af2462e86fd373a445d0f4cd,0,0,0.682794451713562,1,0,0.3403980731964111,0,0,0.5570576190948486,1,0,0.4669846594333648,0,0,0.5900341868400574,0
009bc039326338823ca3aa84381f17f1,0,0,0.6651493310928345,1,0,0.0804420262575149,0,0,0.6209250688552856,1,0,0.7564586997032166,1,0,0.535784125328064,0
00a2145de1886cb9eb88869c85d74080,0,0,0.557584822177887,1,1,0.5943933725357056,1,0,0.2716153562068939,0,0,0.2722166180610657,0,0,0.4587721824645996,0
00b7e6bfa4dc1fe9ddd0ce74743e38c2,0,0,0.5553680062294006,1,0,0.2366337031126022,0,0,0.4264465570449829,0,0,0.789122998714447,1,0,0.725040078163147,0
011295e0bcdc7636569ab73bfdcc4450,0,0,0.2718955278396606,0,0,0.0481023788452148,0,0,0.1937227100133896,0,0,0.3918973505496979,0,0,0.8377293348312378,0
013c169f9dad6f1f6485da961b9f7bf2,0,0,0.3245656788349151,0,0,0.0012941955355927,0,0,0.4172999560832977,0,0,0.6484403014183044,0,0,0.5886880159378052,0
01431a2618c0ace741e4e270a37e20b9,0,0,0.4955596029758453,0,1,0.7386705279350281,1,0,0.5349093675613403,1,0,0.4439339637756347,0,0,0.5300231575965881,0
0168eb925aa6f28a78b16134792f5d0e,0,0,0.3333569169044494,0,0,0.0017868009163066,0,0,0.092107854783535,0,0,0.4126982986927032,0,0,0.1737231761217117,0
016bc723c3ceedb78e27ebfe7032498e,0,0,0.5086540579795837,1,0,0.2163150608539581,0,0,0.4165962934494018,0,0,0.6873963475227356,1,0,0.437940388917923,0
0171021638f9272a34a41feb84ed47a0,0,0,0.5016782879829407,1,0,0.0952429473400116,0,0,0.0900182425975799,0,0,0.0968738868832588,0,0,0.0453874543309211,0
019df578e38053e614d483f7fb347b26,0,0,0.3706813454627991,0,0,0.0377001874148845,0,0,0.1365099102258682,0,0,0.3537874519824981,0,0,0.3773445785045624,0
01ded16689539deb30d0981fafd18465,0,0,0.3303057253360748,0,0,0.0046590445563197,0,0,0.3457657098770141,0,1,0.7543865442276001,1,1,0.5989271402359009,0
01eb30a37b6f5fed8a8d3ab2d1c0a7d6,0,0,0.4693106114864349,0,1,0.7935171723365784,1,0,0.6817014217376709,1,0,0.4638582766056061,0,1,0.748953640460968,0
01f8f17dba6c5e67ba5bcf30ce70ea3f,0,0,0.4249350130558014,0,0,0.2970786392688751,0,0,0.2726942300796509,0,0,0.4778662323951721,0,0,0.4784104228019714,0
02199417ff2a400cff64249f0399f0d7,1,0,0.5055578947067261,1,0,0.1734953969717025,0,0,0.5216600894927979,1,0,0.5840147733688354,0,0,0.8019822835922241,0
022a62478444fedf2dea1ba91aafdc48,1,0,0.1598336100578308,0,0,0.2233590483665466,0,0,0.0467740185558795,0,0,0.1234120875597,0,0,0.0205152500420808,0
02425334e92510da663eb913ad0632ea,1,0,0.2316256910562515,0,0,0.0620217099785804,0,0,0.1321777254343032,0,0,0.3374412655830383,0,0,0.4610086679458618,0
024e693014e70d448f650267bed661ae,1,0,0.4487846791744232,0,0,0.5426719784736633,1,0,0.470292866230011,1,0,0.2927768528461456,0,0,0.282055526971817,0
0271d381c3e88527721efcfaf518be71,1,0,0.3841420114040375,0,1,0.3795095384120941,1,0,0.4120148420333862,0,0,0.5274689793586731,0,0,0.8156304955482483,0
0291515f5d14c34180a15712a55bf7bd,1,0,0.4770308136940002,0,0,0.3498238027095794,0,0,0.2420053482055664,0,0,0.1832045614719391,0,0,0.2322101593017578,0
02b0ad6e22487b7e3f08093c42444b0f,1,0,0.2882013916969299,0,0,0.150086224079132,0,0,0.4500152468681335,1,1,0.965719997882843,1,0,0.4906191527843475,0
02d04b6b6883fd92c12a3dde5d2ff6c0,1,0,0.2496426105499267,0,1,0.5555204153060913,1,0,0.1610469222068786,0,0,0.2073055803775787,0,0,0.2018521875143051,0
034814210bf2105ecb3e7ed6876f43e9,1,0,0.1947962641716003,0,0,0.0075505524873733,0,0,0.0231774151325225,0,0,0.2327049374580383,0,0,0.0495698116719722,0
034b98d64dc012298afb3d33fe880193,1,0,0.4356246590614319,0,0,0.0459451638162136,0,0,0.5544058680534363,1,0,0.5293940305709839,0,0,0.3167121112346649,0
037503b94eb68a16587a78bce365e681,1,0,0.5038920640945435,1,1,0.7556279897689819,1,0,0.2887768745422363,0,0,0.6571801900863647,0,0,0.5959789156913757,0
037dc0be7504c7d1c5ff967f4a0a491a,1,0,0.5478634834289551,1,0,0.3281005024909973,0,0,0.1448474526405334,0,0,0.1385399997234344,0,0,0.0517095774412155,0
0386d9b8234215dc50eb1f66eb206d85,1,0,0.1817173957824707,0,0,0.0123634357005357,0,0,0.1775799244642257,0,0,0.2493237107992172,0,0,0.3312952220439911,0
038f69f3cf0aaa00c9d7337be434f316,1,0,0.4457965493202209,0,0,0.0363476276397705,0,0,0.2751105725765228,0,0,0.3479035198688507,0,0,0.2464975416660308,0
03a2e400656f58841beb7f62584ee3e9,1,0,0.226948469877243,0,0,0.1285857707262039,0,0,0.0637050718069076,0,0,0.1449673324823379,0,0,0.1511216759681701,0
03a395d9fc03a6f8c5a50e693c20ab15,1,0,0.4569586813449859,0,0,0.5583171844482422,1,0,0.1982938200235366,0,0,0.3889151811599731,0,0,0.5154591798782349,0
03aca410943c7f131b16572f03ee2cf6,2,0,0.4755105972290039,0,0,0.6600643992424011,1,0,0.4373848736286163,1,0,0.3820458948612213,0,0,0.6320880651473999,0
03b796fd180662c4e579a4b8894486a9,2,0,0.4396160244941711,0,0,0.2722531855106354,0,0,0.3560476005077362,0,0,0.7454487681388855,1,0,0.8234501481056213,0
03caacd475acb947a2f11d1a0d76a971,2,0,0.2913154363632202,0,0,0.1251841187477111,0,1,0.5208013653755188,1,0,0.6259036064147949,0,0,0.8393326997756958,0
03da4593b25a2e0095170197050cb551,2,0,0.5129181146621704,1,0,0.3800721764564514,1,0,0.154939517378807,0,0,0.0731829479336738,0,0,0.016574079170823,0
03ea976a276b66285825246525357949,2,0,0.3152528703212738,0,0,0.3855896592140198,1,0,0.1974978148937225,0,0,0.3697574138641357,0,0,0.6479848027229309,0
03f00327702f48c4b6726a0e1649a157,2,0,0.6461367607116699,1,1,0.5565242171287537,1,0,0.4882040023803711,1,1,0.5451264381408691,0,0,0.6284090876579285,0
03f4ef7ff19190f220b13c0059ac506b,2,0,0.1914572566747665,0,0,0.0040080747567117,0,0,0.0171305630356073,0,0,0.1461131870746612,0,0,0.0468154437839984,0
03f9ce3f34a38cf5c6411acd8fd4c5ff,2,0,0.1259822398424148,0,0,0.571013867855072,1,0,0.1280336529016494,0,0,0.2064839750528335,0,0,0.434013158082962,0
0403dda5a9bf46457517b604869d530d,2,0,0.5484657287597656,1,0,0.0268298424780368,0,0,0.1248232573270797,0,0,0.1796888262033462,0,0,0.1186290010809898,0
041c40e3f03d9af32b594c5186575a61,2,0,0.4189586639404297,0,0,0.59099942445755,1,0,0.2006530612707138,0,0,0.2063649445772171,0,0,0.5247095823287964,0
043111cdad4d26204503d3396876046f,2,0,0.6828778982162476,1,0,0.1610829532146453,0,0,0.3859773874282837,0,0,0.1365052908658981,0,0,0.1520329266786575,0
045a16fa7dd72c16b7b7d44ff10be428,2,0,0.4750196635723114,0,0,0.076992429792881,0,0,0.2715852856636047,0,0,0.4813235998153686,0,0,0.6324737668037415,0
0461006c3061e71f2cf28da9565d7288,2,1,0.7573736310005188,1,0,0.5201669335365295,1,0,0.5368578433990479,1,0,0.2812097072601318,0,0,0.2221094816923141,0
04669ec4821d2dde14eb2f9a3f47eb7e,2,0,0.3672425448894501,0,0,0.2028005868196487,0,0,0.3578844964504242,0,0,0.4398896694183349,0,0,0.8766758441925049,1
047815a469503dfe21da4a12e2514a15,2,0,0.3588539063930511,0,0,0.572110652923584,1,0,0.4265129864215851,0,0,0.2816348969936371,0,0,0.6613641381263733,0
048ce999447fbb6a58ea17fac775288b,2,0,0.4273146688938141,0,0,0.4227857887744903,1,0,0.2442996501922607,0,0,0.6703628897666931,0,0,0.2488518357276916,0
0493431e2beef20230dfc2837e95fe7b,3,0,0.2940776348114013,0,0,0.1751442402601242,0,0,0.1112161353230476,0,0,0.1581936031579971,0,0,0.3105903565883636,0
0493df0059bd251e6dbb0dc71f5c5b45,3,0,0.4995700120925903,0,1,0.9539563059806824,1,0,0.6429950594902039,1,0,0.6804924607276917,1,0,0.8165101408958435,0
04b68e83e611caf345b0a1dc9c65ec88,3,0,0.6584407091140747,1,0,0.6588888764381409,1,0,0.409497857093811,0,0,0.3692837655544281,0,0,0.1700881570577621,0
04b700c4815f088728db9f093c739707,3,0,0.2745377123355865,0,0,0.1571179330348968,0,0,0.0967100039124488,0,0,0.2242061346769333,0,0,0.2584616541862488,0
04c6efbd31a676bb888a4f5bf53d03c1,3,0,0.2305116355419159,0,0,0.040377490222454,0,0,0.16968934237957,0,0,0.5432608127593994,0,0,0.6155454516410828,0
04cc236166c1ff638ff6200f2f2a397d,3,0,0.4859148859977722,0,0,0.0999087765812873,0,0,0.215807557106018,0,0,0.3651097416877746,0,0,0.1436463892459869,0
04da0054eed9aa1c8b95ade5e6c16a00,3,0,0.2910221517086029,0,0,0.0257046055048704,0,0,0.1468463242053985,0,0,0.4067245721817016,0,0,0.4010105729103088,0
051b1b1edcbaa44059c7b3edbe70c3b8,3,1,0.5702018737792969,1,0,0.0738694816827774,0,1,0.9422707557678224,1,0,0.6315367221832275,0,0,0.6454824805259705,0
0538230ced64be2db111ff5d07624db1,3,0,0.3001280725002289,0,0,0.0187463033944368,0,0,0.124396376311779,0,0,0.2137004137039184,0,0,0.0941410139203071,0
056815f22ac3de9b9eb6fb963d4cfa5a,3,0,0.2518115043640136,0,0,0.0185043457895517,0,0,0.2111148536205291,0,0,0.4068525433540344,0,0,0.2965029180049896,0
05711a72a0819422965daa93f30b6f75,3,0,0.2254615724086761,0,0,0.0034095738083124,0,0,0.112403780221939,0,1,0.7494642734527588,1,0,0.6387355327606201,0
057afd48abd153972bb91397b71b66b8,3,0,0.4587703645229339,0,0,0.0024501720909029,0,0,0.2986993193626404,0,1,0.9272102117538452,1,0,0.577243447303772,0
05857909cbf214a6cbdef5306e18d48e,3,0,0.4701689183712005,0,0,0.1343432813882827,0,0,0.2968656122684479,0,0,0.4862262010574341,0,0,0.7780420184135437,0
059ad332961631d8d2f4ab468a7e42d3,3,0,0.3366073071956634,0,0,0.3743399679660797,1,0,0.1747303158044815,0,0,0.3114201128482818,0,0,0.5505540370941162,0
05a548fd37b6e44ab97a48dabee57c21,3,0,0.337247222661972,0,0,0.0105656329542398,0,0,0.2667494714260101,0,0,0.6136924624443054,0,0,0.7968618869781494,0
05a7460866e0d128b5db471431675483,3,0,0.2610601186752319,0,0,0.0203358624130487,0,0,0.1045905202627182,0,0,0.2586568593978882,0,0,0.578708827495575,0
05dbd765ff84cbb24759b0c135ba4447,4,0,0.195219874382019,0,0,0.002677243668586,0,0,0.1045180410146713,0,0,0.3816079497337341,0,0,0.5863229632377625,0
05e951c63e80999f13e6e09e7ec8439a,4,0,0.3145214915275574,0,0,0.1568454951047897,0,0,0.4136988222599029,0,0,0.6335434317588806,0,0,0.8615015745162964,0
05fd4bbf127858eb83ae01cd454d3e2a,4,0,0.4079978466033935,0,0,0.4874354302883148,1,0,0.3826750814914703,0,0,0.5417627096176147,0,0,0.6614457964897156,0
065473884bfa339d2e464e5394d56fd6,4,0,0.3189559876918793,0,0,0.676770806312561,1,0,0.1665590703487396,0,0,0.2464090585708618,0,0,0.3353675007820129,0
069198879ff8140bab6c47c58242a0a4,4,0,0.1896144747734069,0,0,0.0622970312833786,0,0,0.0404335968196392,0,0,0.184102863073349,0,0,0.1974751204252243,0
0713502741102f3e494fb39bbd9f9571,4,0,0.2095242440700531,0,0,0.1740940064191818,0,0,0.051544189453125,0,0,0.1632173806428909,0,0,0.0949847698211669,0
071e3d1deecabb75178035e8dbad8b4d,4,0,0.1916457116603851,0,0,0.2941594123840332,0,0,0.1124246418476104,0,0,0.3268555700778961,0,0,0.3427260518074035,0
07229c769cb2c284c1114c6fe7ed3dd6,4,0,0.2965795695781708,0,0,0.0461585186421871,0,0,0.2401750087738037,0,0,0.4642682671546936,0,0,0.7521734237670898,0
07304e029b89fc007bd64b7c9bb52979,4,0,0.3154274821281433,0,0,0.0236690491437912,0,0,0.2614980340003967,0,0,0.5022789835929871,0,0,0.6206263303756714,0
074e3cceb0c1677a1ad0dbff31167d7d,4,1,0.6779505014419556,1,0,0.017116006463766,0,1,0.9605987071990968,1,0,0.8468550443649292,1,0,0.2214360237121582,0
0764ce517782604a7b81bb6e17c798e9,4,0,0.4186426103115082,0,0,0.391618400812149,1,0,0.2927638292312622,0,0,0.3722318112850189,0,0,0.3902888000011444,0
0792bb20718b8006f78094ae449c3c96,4,0,0.5451304912567139,1,1,0.8527274131774902,1,0,0.6416699886322021,1,0,0.5750461220741272,0,0,0.6704671382904053,0
0799063103aea263344a77adbde5b7ca,4,0,0.4402777850627899,0,0,0.1866400837898254,0,1,0.7867956757545471,1,0,0.4276850521564483,0,0,0.7013310790061951,0
079de341c7b3804c37114b8da3011b45,4,0,0.3195095956325531,0,0,0.1429000794887542,0,0,0.2216871976852417,0,0,0.4426257610321045,0,0,0.5599145293235779,0
07c1810b7cb0d7ef900ab2b0007784cf,4,0,0.26808762550354,0,0,0.0337751172482967,0,0,0.2776000797748565,0,0,0.6506215929985046,0,0,0.7642313241958618,0
07cdcea9a6c3049d7a02ade9c680d4d7,4,1,0.3326274454593658,0,0,0.4317328333854675,1,0,0.3135052025318146,0,0,0.3735173344612121,0,0,0.7290157079696655,0
07dcda506753ae678e2cc937f1f8ddf2,5,0,0.2510008513927459,0,0,0.0093637118116021,0,0,0.2419357746839523,0,0,0.4190027713775635,0,0,0.7465156316757202,0
07ea0f8d7b7f1fb150c5afb04dc26c9a,5,0,0.3311950266361236,0,0,0.1766508370637893,0,0,0.2953082323074341,0,0,0.4245336055755615,0,0,0.6731885671615601,0
07ee04ca7bb66d99ae283ded05f1af76,5,0,0.3953960239887237,0,0,0.7252548336982727,1,0,0.2489724308252334,0,0,0.2085060775279998,0,0,0.5508993864059448,0
07ee5d541dcbf1131f0b84aee73d7705,5,0,0.3807753920555115,0,0,0.7292976975440979,1,0,0.2225954234600067,0,0,0.4521890580654144,0,0,0.1781599521636963,0
07fecb6f57a3d452c4764b1013740141,5,0,0.7547955513000488,1,1,0.3746263682842254,1,0,0.8260291814804077,1,0,0.7357016205787659,1,0,0.7604275345802307,0
080fd678b461536e6e1b5d9b17093cdb,5,0,0.3102548718452453,0,0,0.4019570052623749,1,0,0.2459420710802078,0,0,0.3584121763706207,0,0,0.7202663421630859,0
08504fa0ea409654d6328e51de2fb3b9,5,0,0.2339592576026916,0,0,0.0249589160084724,0,0,0.2333423197269439,0,0,0.6393693685531616,0,0,0.7570285201072693,0
08534e46be27043b31a2b648d7c62350,5,0,0.2902367711067199,0,0,0.0084338951855897,0,0,0.281579315662384,0,0,0.5240861177444458,0,0,0.6581645011901855,0
08807797eff7d24d76e4817a3a38477e,5,0,0.5744588971138,1,0,0.281461626291275,0,0,0.5182551145553589,1,1,0.4491675496101379,0,0,0.7208361029624939,0
08cad5510452011e9c519bbbc9741fda,5,0,0.3210634291172027,0,0,0.10483318567276,0,0,0.1740460991859436,0,0,0.2225296050310135,0,0,0.3021840751171112,0
08d6125cda5ffceb8f235c96179a7061,5,0,0.3224949240684509,0,0,0.4069929420948028,1,0,0.3438248336315155,0,0,0.3842711150646209,0,0,0.5483629107475281,0
08e4edc0d35455c8e25a74b9ed3137b0,5,0,0.2001103013753891,0,0,0.6507067084312439,1,0,0.1865202486515045,0,0,0.2257265299558639,0,0,0.263321042060852,0
08ee53ea1825d6e2feffc2a6488f2d7d,5,0,0.4615086317062378,0,0,0.0067842775024473,0,0,0.3364264070987701,0,1,0.890002965927124,1,0,0.7985039353370667,0
090a90ca6e01ed9f613578c95c151a01,5,0,0.2553963363170624,0,0,0.9027525782585144,1,0,0.2458854466676712,0,0,0.1510954946279525,0,0,0.0938800349831581,0
0919cca5a55ea3b156f45b5cd14fe8d3,5,0,0.1791796684265136,0,0,0.0052445377223193,0,0,0.0918483212590217,0,0,0.3062821328639984,0,0,0.611432671546936,0
09291f525b50263a1b90764715395311,5,0,0.5337609648704529,1,0,0.1745360195636749,0,0,0.3361477255821228,0,0,0.7869841456413269,1,0,0.5599250197410583,0
094d5c1af40f7f565d8d68cf28c06ba5,6,0,0.2102297395467758,0,0,0.0299903266131877,0,0,0.1415849924087524,0,0,0.383209228515625,0,0,0.7056253552436829,0
094eac6e63db15465c6283c090398aa8,6,0,0.1910921186208725,0,0,0.0021579824388027,0,0,0.0993595123291015,0,0,0.381098210811615,0,0,0.4841771423816681,0
0956d88d67ce080413b1b3ac20ab8622,6,0,0.534145712852478,1,0,0.0041681993752717,0,0,0.584434986114502,1,0,0.6710582971572876,0,0,0.5138944387435913,0
095f8f367727ccd7fc0bf95380399b39,6,0,0.2906349897384643,0,0,0.0033411090262234,0,0,0.255035251379013,0,1,0.9349793791770936,1,1,0.6040839552879333,0
099e4272e7aa6f18b8fa322e1277c6a9,6,0,0.226842775940895,0,0,0.2154597640037536,0,0,0.1395523846149444,0,0,0.2673149704933166,0,0,0.2270287722349167,0
09b017424bf8f0c76ba99e4f0dfc0019,6,0,0.3751484453678131,0,0,0.422199010848999,1,0,0.2611686885356903,0,0,0.2403822541236877,0,0,0.5063309073448181,0
09defc0d2204d156a38f8391e491e7b2,6,0,0.331863135099411,0,0,0.4439995586872101,1,0,0.3518369197845459,0,0,0.5316451191902161,0,0,0.5115117430686951,0
09f6d7dd9a59caf6c35604c0d0d2b74b,6,0,0.4026730060577392,0,0,0.2073012590408325,0,0,0.3070818483829498,0,0,0.6811612248420715,1,0,0.9019253849983216,1
0a08191a658edb1327e7282045ec71cf,6,0,0.1726763993501663,0,0,0.0006713619222864,0,0,0.0198409520089626,0,0,0.1714275479316711,0,0,0.0679365396499633,0
0a1addecfc432a1b425d61fe57bc29d2,6,0,0.311611920595169,0,0,0.353014200925827,0,0,0.2308245152235031,0,0,0.3271011114120483,0,0,0.5204448699951172,0
0a2e45455fe2c76ddbbb5f38ab35f6f2,6,0,0.2861437499523163,0,0,0.0232779160141944,0,0,0.0787490010261535,0,0,0.2646456956863403,0,0,0.1390463262796402,0
0a6fd1c1d71ff6f9e0f0afa746e223e4,6,1,0.4104790091514587,0,1,0.1209962218999862,0,1,0.681272566318512,1,0,0.6493173837661743,0,0,0.2821892201900482,0
0a8dc3de200bc767169b73a6ab91e948,6,0,0.2603806555271148,0,0,0.2950919866561889,0,0,0.202653482556343,0,0,0.4175548255443573,0,0,0.3309817016124725,0
0aa034371e578904c6789c08e4118733,6,0,0.4311507046222687,0,1,0.6675165891647339,1,0,0.2576982080936432,0,0,0.3783887028694153,0,0,0.3519152402877807,0
0aa43b52e98700f8696bf36c10a76cea,6,0,0.289918452501297,0,0,0.0157121792435646,0,0,0.1557085961103439,0,0,0.4774984717369079,0,0,0.7691149711608887,0
0aed23e64ebdea798486056b4f174424,6,1,0.6110920310020447,1,0,0.0371207520365715,0,1,0.9639453291893004,1,0,0.8462876677513123,1,0,0.4341523349285126,0
0aee8c95a5c040407100c1b7dda552ef,7,0,0.2222828567028045,0,0,0.0109952157363295,0,0,0.06232900172472,0,0,0.2977723479270935,0,0,0.3131072521209717,0
0af6decdf00b39d4cd1d35466bd3dff9,7,0,0.2546185255050659,0,0,0.0035434495657682,0,0,0.0443873070180416,0,0,0.2672479152679443,0,0,0.134575679898262,0
0af8628f5cbe0786db483a10934d1be5,7,0,0.227063775062561,0,0,0.136797696352005,0,0,0.1628324091434478,0,0,0.5251564383506775,0,0,0.5598123073577881,0
0b11df4854ce5671a6abcac2c43b0590,7,0,0.1867004781961441,0,0,0.0052167545072734,0,0,0.0259303841739892,0,0,0.1572591513395309,0,0,0.0533010624349117,0
0b16787b884e51fec691c45ca92c884b,7,0,0.2682045698165893,0,0,0.0717040300369262,0,0,0.1512485295534134,0,0,0.4356703758239746,0,0,0.5147958993911743,0
0b1f7b86b0ddb459fb779c6d473d96ad,7,0,0.4433887302875519,0,0,0.3046943247318268,0,1,0.7908579111099243,1,0,0.4008767008781433,0,0,0.5888309478759766,0
0b2105548746dc55aa03324d07e2a2ed,7,1,0.3395366668701172,0,0,0.0190266370773315,0,0,0.1982858628034591,0,0,0.6967718601226807,1,0,0.6549137234687805,0
0b2cc81ad04ca2e91f2a8626b645cad8,7,0,0.3163517713546753,0,0,0.0348541624844074,0,0,0.1576762050390243,0,0,0.5797393321990967,0,0,0.4288077354431152,0
0b3f7238925b27dfb99c7e53a6db52c7,7,0,0.3691040277481079,0,0,0.0126455686986446,0,0,0.1602084934711456,0,0,0.7954079508781433,1,0,0.4000086486339569,0
0b4888cfca12e55c3020026d4a0c33a4,7,0,0.1702837944030761,0,0,0.0292865540832281,0,0,0.0191338825970888,0,0,0.1350083500146865,0,0,0.0325362235307693,0
0b4e8de571c66cf889f2beb35182974b,7,0,0.2495629042387008,0,0,0.1376356333494186,0,0,0.1809917092323303,0,0,0.4312511086463928,0,0,0.3906913101673126,0
0b7b8344c7c39373cfddf21a7339f206,7,0,0.3636637330055237,0,0,0.0785702913999557,0,0,0.187573954463005,0,0,0.4409055411815643,0,0,0.6315997838973999,0
0b877b934aada3284ac13cfa74b5419c,7,0,0.3921278715133667,0,0,0.8237244486808777,1,0,0.3057647049427032,0,0,0.27013099193573,0,0,0.2670754492282867,0
0b8ec8f17db23936e86de9ca3f36d206,7,0,0.2880369126796722,0,0,0.0042399298399686,0,0,0.0318289026618003,0,0,0.2662728726863861,0,0,0.1165120080113411,0
0b9f58b6f12a231738723f4d2dda0312,7,0,0.6946025490760803,1,0,0.5120113492012024,1,0,0.2541083097457886,0,0,0.3960658311843872,0,0,0.2382978349924087,0
0bfd35d7f2b63b1ef799fefb18605191,7,0,0.3513765037059784,0,1,0.3332196176052093,0,0,0.378587543964386,0,0,0.482035756111145,0,0,0.8075991272926331,0
0c0097d1ce174bc3bd6a0268b01ea90f,8,0,0.3374211490154266,0,0,0.59309321641922,1,0,0.0585780143737793,0,0,0.0666428580880165,0,0,0.0392436571419239,0
0c03e73d43ad216fb293bdb7666439be,8,0,0.255739152431488,0,0,0.0013499214546754,0,0,0.0821406617760658,0,0,0.3560375273227691,0,0,0.3212631046772003,0
0c0b8e98262a662c362929aa60e6bed9,8,0,0.5249947309494019,1,0,0.0817339047789573,0,0,0.0710434168577194,0,0,0.0811908245086669,0,0,0.0223234687000513,0
0c15e19c74ef8ddd9bed0a4fc7f4b5a8,8,0,0.2523626089096069,0,0,0.0271805748343467,0,0,0.0970335453748703,0,0,0.2229665070772171,0,0,0.3164091110229492,0
0c187ebe652499a7e28fd93da2e42ebb,8,0,0.3172590136528015,0,0,0.6225966215133667,1,0,0.3010260760784149,0,0,0.2782981395721435,0,0,0.4273315370082855,0
0c26e997c79d2a3149cf1a62c9444554,8,0,0.5069540143013,1,0,0.028667164966464,0,0,0.1379555463790893,0,0,0.4074681103229522,0,0,0.2445912510156631,0
0c5bc5fdf756d1251e431c9281349376,8,0,0.2766040563583374,0,0,0.0996946617960929,0,0,0.1192691549658775,0,0,0.4162338078022003,0,0,0.3086941838264465,0
0c6036df3708fe77c1c76498240d6774,8,0,0.4643574953079223,0,0,0.5418498516082764,1,0,0.4281980991363525,0,0,0.578313946723938,0,0,0.7489109039306641,0
0c6f7b76bcc012fc5a9af4470f735aba,8,0,0.2576982080936432,0,0,0.0062838369049131,0,0,0.1888781785964965,0,0,0.4082209765911102,0,0,0.4572044610977173,0
0c785dff51447d6e689e15dcfe10c8e2,8,1,0.448907732963562,0,0,0.1255950778722763,0,0,0.3708314299583435,0,1,0.9278793931007384,1,0,0.5955895781517029,0
0c803c4810a8c5ec362f5d4504489431,8,0,0.3130125403404236,0,0,0.085001066327095,0,0,0.1690802127122879,0,0,0.3195772469043731,0,0,0.3424080312252044,0
0c84dad44979c3a7777a8f4f4d9f5f7a,8,0,0.5274829864501953,1,0,0.3993860185146332,1,0,0.3556662201881408,0,0,0.4925376772880554,0,0,0.7609632611274719,0
0c8cb29888d314a0a8cfd0f8278af74c,8,0,0.2717776596546173,0,0,0.0251416154205799,0,0,0.3479127585887909,0,0,0.5201616287231445,0,0,0.6712349057197571,0
0c9ba9fe4ff5e339f3a71d1a58824392,8,0,0.1154093146324157,0,0,0.0678574293851852,0,0,0.0183284804224967,0,0,0.1149850711226463,0,0,0.038103237748146,0
0cadc7fd92caf5c27d7ce718d089897d,8,0,0.3433447778224945,0,0,0.5488961338996887,1,0,0.3609282076358795,0,0,0.4724444150924682,0,0,0.6637533903121948,0
0cbb68610a123b21defa9410699b0bb5,8,0,0.5597657561302185,1,0,0.5029481649398804,1,0,0.3884319067001343,0,1,0.4859510660171509,0,0,0.8441717624664307,0
0cc3831c89471998bee7a1fa78d0aa19,9,0,0.2477186918258667,0,0,0.0013375913258641,0,0,0.1333228498697281,0,0,0.4704157412052154,0,0,0.7317363619804382,0
0cc5600e54fe599fefce87de375268e3,9,0,0.5539532899856567,1,0,0.04065952450037,0,0,0.378323346376419,0,0,0.4454783201217651,0,0,0.8804152607917786,1
0ccde8751e5952ea6bb047378dcbabba,9,0,0.5041645169258118,1,0,0.0969212502241134,0,0,0.4976074695587158,1,1,0.9118829369544984,1,0,0.4518467783927917,0
0cd194f171015c0eb824a1bd057f440b,9,0,0.4815362393856048,0,0,0.5881633162498474,1,0,0.2217646539211273,0,1,0.376282125711441,0,0,0.225988283753395,0
0ce1b656d171e2e760340f29f4a064e9,9,0,0.2902942299842834,0,0,0.0051426086574792,0,1,0.4181970655918121,0,0,0.4945567846298218,0,0,0.9273766875267028,1
0ce3ae82d1f5c69f253432c5ec47c1be,9,0,0.5399008989334106,1,0,0.5769652724266052,1,0,0.3119581937789917,0,0,0.1503844559192657,0,0,0.0999696850776672,0
0d0561a5e6379aba13d71e50b6b70747,9,0,0.4965398013591766,0,0,0.0232423301786184,0,0,0.3623383641242981,0,1,0.7789954543113708,1,0,0.7472363710403442,0
0d60b79ab9aee1e4687e17fdc56ead06,9,0,0.4287367165088653,0,0,0.191261813044548,0,0,0.2502500712871551,0,0,0.3029149174690246,0,0,0.7705042362213135,0
0d61bab6add9d96f656dbc7ee9d56e23,9,0,0.4060845971107483,0,1,0.9080581068992616,1,0,0.4600005149841308,1,0,0.4289982914924621,0,0,0.5269075036048889,0
0d6d426159c634f71eb7fa9bf6f9e84a,9,0,0.5827813148498535,1,0,0.6617666482925415,1,0,0.456221729516983,1,0,0.5454583168029785,0,0,0.3476878106594085,0
0d825340b08e816f7d8f28c7c7809a31,9,1,0.5740613341331482,1,0,0.0463955961167812,0,1,0.6551393270492554,1,1,0.7730506062507629,1,0,0.8502165675163269,0
0d8b5533f40cf4b0c3f2d86b1d61d6bc,9,0,0.6408349871635437,1,0,0.3010285198688507,0,0,0.5792015194892883,1,0,0.1615312993526458,0,0,0.082818254828453,0
0dc4847520090c7a38b61beb38d28963,9,0,0.1937868148088455,0,0,0.0540220960974693,0,0,0.0847761556506156,0,0,0.198508009314537,0,0,0.2222934514284134,0
0dc797718326e05d1decd2996f748fc7,9,0,0.2628956437110901,0,0,0.0507120788097381,0,0,0.1261505633592605,0,0,0.1669183820486068,0,0,0.4852148592472076,0
0e033fc78ddfc67dbd8382a8b3198e5a,9,0,0.3405952155590057,0,0,0.0459067858755588,0,0,0.2155745327472686,0,0,0.4323564767837524,0,0,0.6868206262588501,0
0e109d0f36cc8d66a4cac6bf50de3069,9,0,0.2067414969205856,0,0,0.0009895354742184,0,1,0.1155236959457397,0,0,0.4074165821075439,0,1,0.7543068528175354,0
0e2a6f637bc997be18ec30687bdc3762,10,0,0.617175281047821,1,0,0.3014987707138061,0,0,0.3407819271087646,0,0,0.3279179334640503,0,0,0.497467428445816,0
0e2bcdee2343352fe40df470e046ea01,10,0,0.1776400953531265,0,0,0.0261828675866127,0,0,0.1138877347111702,0,0,0.400411456823349,0,0,0.4821322858333587,0
0e302ce9dc207afa54c8661ebdfc9051,10,0,0.3053764402866363,0,0,0.0463239401578903,0,0,0.2018117308616638,0,0,0.512347400188446,0,0,0.8286626935005188,0
0e36597f559be16b6304f3771082c82a,10,0,0.1569412648677826,0,0,0.0054967007599771,0,0,0.066751554608345,0,0,0.1051710397005081,0,0,0.0927902832627296,0
0e4736c7f5fab2998a3ef0e51fe48953,10,0,0.4675317108631134,0,0,0.004281994421035,0,0,0.5433229804039001,1,0,0.6665443778038025,0,0,0.655058741569519,0
0e48bfb79ac12bbcce9b66cc9f14544c,10,0,0.2721292078495025,0,0,0.0486067235469818,0,1,0.3055484592914581,0,0,0.6461664438247681,0,0,0.9029611349105836,1
0e580dda54b8d1df7e3a888c41e69704,10,0,0.2304746061563491,0,0,0.0066236234270036,0,0,0.0753330439329147,0,0,0.2716802060604095,0,0,0.2505529224872589,0
0e5f2fdf49cbfdbe2a7c0861d15a73ff,10,0,0.5216785073280334,1,1,0.157744288444519,0,0,0.2643531858921051,0,0,0.2474163621664047,0,0,0.7762451171875,0
0e68445ef76f193664ea018630544d95,10,1,0.514647901058197,1,0,0.3955998718738556,1,0,0.343883752822876,0,0,0.2805663049221039,0,1,0.3423936665058136,0
0e6d7de1c4b73e5a5a12d6a5f20f9711,10,0,0.1711626946926117,0,0,0.1245046332478523,0,0,0.1134393438696861,0,0,0.3526019752025604,0,0,0.3769592940807342,0
0e7c94db444735ae4b8dfc72ae62ff3e,10,0,0.2779285013675689,0,0,0.0745154321193695,0,0,0.188073843717575,0,0,0.5472912788391113,0,0,0.6824546456336975,0
0e8b4d8bb1a8719e9e8f4755f13e34c4,10,0,0.4383565783500671,0,1,0.6604307889938354,1,0,0.3113581538200378,0,0,0.6110469698905945,0,0,0.668520987033844,0
0e8d4e702da9eefdbb2696a98006ec55,10,0,0.4716421365737915,0,0,0.2637059688568115,0,0,0.2286282926797866,0,0,0.378217488527298,0,0,0.5086132884025574,0
0ea56c754d072508fc28428b2f6a0a30,10,0,0.3114071190357208,0,0,0.0108338501304388,0,0,0.2462749928236007,0,1,0.596607506275177,0,0,0.5147920250892639,0
0eca5bbff12b841c18d231fc8cda0eeb,10,0,0.4208074510097503,0,0,0.8456777930259705,1,0,0.1699802130460739,0,0,0.3434413969516754,0,0,0.2397422939538955,0
0ecaae458f6ca4c8f4dd9975d62a6fa4,10,0,0.4294453263282776,0,1,0.6916396617889404,1,0,0.3760649263858795,0,0,0.6552402973175049,0,0,0.440134048461914,0
0ecb6d6e449d5f71b183a6f7fe214c10,11,0,0.4674412906169891,0,0,0.0078945234417915,0,0,0.240999162197113,0,0,0.6116708517074585,0,0,0.5773032903671265,0
0ed15ab15f2304a9a811d7fa6ce843de,11,0,0.4655581712722778,0,0,0.8429955840110779,1,0,0.465644508600235,1,0,0.3541132807731628,0,0,0.4727872908115387,0
0eddd00dffcdacb1c8ac0d0547c545a7,11,0,0.3127857744693756,0,0,0.0282921530306339,0,0,0.2513498663902282,0,0,0.4899846017360687,0,0,0.3672820031642914,0
0ef99f92d68d16b8912cc073731ffad1,11,0,0.3595465421676636,0,0,0.0195527505129575,0,0,0.1815336346626281,0,0,0.381297618150711,0,0,0.5197341442108154,0
0f0e0e7e8ab91026bb659e58297b88d5,11,0,0.1832051575183868,0,0,0.0073413839563727,0,0,0.1013597398996353,0,0,0.2187321782112121,0,0,0.230887159705162,0
0f4fd9b975fc4cc80c28b9539769f8e6,11,0,0.4604218900203705,0,0,0.0268277823925018,0,0,0.2271463125944137,0,0,0.3758265376091003,0,0,0.3625428676605224,0
0f62d0a08f8d384a1ab5b78e83554e29,11,0,0.429318755865097,0,0,0.0231390334665775,0,0,0.2687090337276459,0,0,0.4791875779628753,0,1,0.6779535412788391,0
0f723c32aa819f9a24aed2fd407e3ff4,11,0,0.3269093036651611,0,0,0.1934303194284439,0,0,0.1558186560869217,0,0,0.4324404597282409,0,0,0.2666712403297424,0
0f8e45ea561be377320632bcb7348f72,11,0,0.3620557785034179,0,0,0.3548136353492737,0,0,0.2398083209991455,0,0,0.3441873788833618,0,0,0.5797675251960754,0
0fa816512a0a0342b0cf87fcaa672dab,11,0,0.352574348449707,0,0,0.4379288554191589,1,0,0.3309073746204376,0,0,0.466198980808258,0,0,0.7617709040641785,0
0fbf80807ef3fdece30d9356a171ae3d,11,0,0.1713710129261016,0,0,0.1347940117120742,0,0,0.1128304824233055,0,0,0.2226161658763885,0,0,0.5381889939308167,0
0fe282f8066ff835e063ddaaa27e4af7,11,0,0.3024020195007324,0,0,0.0703838616609573,0,0,0.160549521446228,0,0,0.4156517088413238,0,0,0.4423229992389679,0
100a27b68566d2e53cf8c3822e2c7e30,11,0,0.2694407999515533,0,0,0.0007300060824491,0,0,0.2378973811864853,0,0,0.5531591176986694,0,0,0.807162880897522,0
100c6c7390eec8d9548306514d80fd53,11,0,0.2539139986038208,0,0,0.0005082018324173,0,0,0.2725839614868164,0,0,0.5474490523338318,0,0,0.5441388487815857,0
1033a2e669d3f19f68e6c8a2b5085661,11,0,0.1367764919996261,0,0,0.0021446612663567,0,0,0.0585556551814079,0,0,0.2446961551904678,0,0,0.3434482514858246,0
10344d2fdc514205d230de6319408ecd,11,0,0.5233126878738403,1,0,0.2404214441776275,0,0,0.6300091743469238,1,0,0.4207407534122467,0,0,0.6461560130119324,0
104a4ddb44890a3289f04dc395741ef6,12,0,0.2424073666334152,0,0,0.0033323776442557,0,0,0.1327419728040695,0,0,0.3223863840103149,0,0,0.6539658308029175,0
10cba931b86360874e0905f97737d1f4,12,0,0.3016198873519897,0,0,0.1336829662322998,0,0,0.131669282913208,0,0,0.1524893790483474,0,0,0.3446924090385437,0
10d3204872c83731aeaee57e020b768a,12,0,0.305333137512207,0,0,0.1582014113664627,0,0,0.2287599146366119,0,0,0.4905864298343658,0,0,0.4059653282165527,0
10fc9d37a7f2808a1c41da80d81a291f,12,0,0.196700245141983,0,0,0.2408047765493393,0,0,0.1080187782645225,0,0,0.2380958497524261,0,0,0.1988950669765472,0
114f3a0eabc40429a50aba292a9147bd,12,0,0.5703492760658264,1,0,0.3487442135810852,0,0,0.6462641358375549,1,0,0.3972800076007843,0,0,0.5065756440162659,0
11548ab15b1e24e1daa31af618ef9468,12,0,0.2449904978275299,0,0,0.1047348156571388,0,0,0.1176392585039138,0,0,0.4340478777885437,0,0,0.5710235238075256,0
116bad01608f53b0e0a859461b3d5a76,12,0,0.6703434586524963,1,0,0.3761937022209167,1,0,0.290925532579422,0,0,0.1597282886505127,0,0,0.1357322335243225,0
1179e8bc6d3b41207a2140674c5ef1d0,12,0,0.3925629258155823,0,1,0.7840394377708435,1,1,0.5063999891281128,1,0,0.4129450917243957,0,0,0.888164758682251,1
119a7830be7eaba5f4feb67d1ee9011e,12,0,0.2763036489486694,0,0,0.0505117811262607,0,0,0.1095513850450515,0,0,0.1872834265232086,0,0,0.1946574002504348,0
11b8e52dde21c314c67ead9547b1002a,12,0,0.3558928370475769,0,0,0.0222700182348489,0,0,0.1709426939487457,0,0,0.4370988607406616,0,0,0.6861562132835388,0
11c92d8711765e3f16b0be225d7d5c03,12,0,0.3889786899089813,0,0,0.003336087334901,0,1,0.5730426907539368,1,0,0.5188510417938232,0,1,0.850348949432373,0
11ccd9217ba74bcc1021e91024591ba3,12,0,0.3142546415328979,0,0,0.0062910947017371,0,0,0.247130274772644,0,0,0.6532576084136963,0,0,0.688534140586853,0
1205221385629d1199a6ed82fff7c18f,12,0,0.4542118906974792,0,0,0.8174055218696594,1,0,0.2837314307689667,0,0,0.3586660027503967,0,0,0.8502313494682312,0
121e650bba0d2537b821fb20bcc0db86,12,0,0.2990933060646057,0,0,0.3943406343460083,1,0,0.2811974287033081,0,0,0.5268629193305969,0,0,0.4627652168273926,0
12202997d3fc0d506d2514a4c1995d15,12,0,0.5882134437561035,1,0,0.3901442885398865,1,1,0.909614622592926,1,0,0.6527425050735474,0,0,0.4344463348388672,0
12237409e14e5a96605c4fb7613c35a1,12,0,0.3310517370700836,0,0,0.4154387712478637,1,0,0.2992906272411346,0,0,0.4580923020839691,0,0,0.4143100380897522,0
122b52a4ec108c2ed3e934b4abfcaac0,13,0,0.3357442021369934,0,0,0.0611365586519241,0,0,0.1131091117858886,0,0,0.3172432780265808,0,0,0.4071666896343231,0
122d5a9f1b5bd22f6ddad0fd5e47c001,13,0,0.3416327834129333,0,0,0.0488209836184978,0,0,0.145607128739357,0,0,0.3183547258377075,0,0,0.1061864048242569,0
1264a14de4ec7c401eaf55b1440e2d20,13,0,0.3693031668663025,0,0,0.0937562510371208,0,0,0.264091819524765,0,0,0.3664585947990417,0,0,0.811424970626831,0
127c6048347e41fd040ae79d76fdfb3e,13,0,0.3274504840373993,0,0,0.6838177442550659,1,0,0.2431699335575103,0,0,0.2311793267726898,0,0,0.3101127445697784,0
127e2784b91becce4ac297255904033e,13,0,0.1368299722671508,0,0,0.1062105819582939,0,0,0.0969937145709991,0,0,0.2282114624977111,0,0,0.3546400070190429,0
12cea68e4b795e545877708c16b8dbdd,13,0,0.290554940700531,0,0,0.0239801090210676,0,0,0.3952193558216095,0,0,0.336161732673645,0,0,0.7076249718666077,0
12d5529941b5a673cb50f4e1e8c502de,13,0,0.371091365814209,0,0,0.0238098949193954,0,0,0.3439034223556518,0,0,0.3566226661205292,0,0,0.6998759508132935,0
12d598be7970fc60aa76bd7c21eef405,13,0,0.1660340726375579,0,0,0.1455154716968536,0,0,0.1149598360061645,0,0,0.2761763036251068,0,0,0.1036241948604583,0
12df63c7ee868a1677ba273c3c775476,13,0,0.415615051984787,0,0,0.2197171151638031,0,0,0.1455537229776382,0,0,0.3716208338737488,0,0,0.3405742347240448,0
12e58d45f46e91b639072bd5a86bea3e,13,1,0.5454081892967224,1,0,0.1749725043773651,0,1,0.2452386617660522,0,1,0.3004191219806671,0,1,0.5994141101837158,0
12ed43ece0b7bff835c1461a7f501cdb,13,0,0.3619969487190246,0,0,0.6492879986763,1,0,0.2957439124584198,0,0,0.3396775126457214,0,0,0.3367296755313873,0
1310d74e9fdeb707f12ef28daeb3c090,13,0,0.5989368557929993,1,1,0.3379975259304046,0,1,0.7280276417732239,1,0,0.5850194692611694,0,1,0.7638474702835083,0
134214ffc7f507842719617ecd5bfc52,13,0,0.2044441998004913,0,1,0.255411148071289,0,0,0.0792403444647789,0,0,0.5266523361206055,0,0,0.3655193746089935,0
13775f4e51c24f0cd01ba11398e2caeb,13,0,0.2900324165821075,0,0,0.0006674270844087,0,0,0.0438717603683471,0,0,0.2471910715103149,0,0,0.1876187771558761,0
13789084b882efd4810ca26dbfff3858,13,0,0.4643961191177368,0,0,0.0061933360993862,0,1,0.2691271305084228,0,0,0.6019760370254517,0,1,0.6500771045684814,0
137ac53870d1ad70a105130b93774949,13,0,0.7155702114105225,1,0,0.0313894227147102,0,0,0.4565118551254272,1,0,0.5413848757743835,0,0,0.3374782800674438,0
137f41dd06d51d9d230b6b65740097c2,14,0,0.369350790977478,0,0,0.6089832186698914,1,0,0.1269455254077911,0,0,0.3297396004199981,0,0,0.1921980082988739,0
13a6d3d468c044807b06e160c0723c33,14,0,0.3956558406352997,0,0,0.1854011118412017,0,0,0.1871598809957504,0,0,0.3219311535358429,0,0,0.5762515664100647,0
13b9d029ff4c874e22f539c174ae96ff,14,0,0.60165935754776,1,1,0.8931358456611633,1,0,0.4800834059715271,1,0,0.740041971206665,1,0,0.5166868567466736,0
13db1898f2d711db4aaf0b2a9a4059cd,14,0,0.7153067588806152,1,0,0.331316590309143,0,0,0.4214808940887451,0,0,0.3943555355072021,0,0,0.0935053303837776,0
1417df96cf0ef3878d5be9cbf5b03b0b,14,0,0.7826636433601379,1,1,0.9928512573242188,1,0,0.8870519399642944,1,0,0.7117862701416016,1,0,0.4649794995784759,0
1426d221af945559896985caa24d02a9,14,0,0.256055474281311,0,0,0.3796453177928924,1,0,0.1630743443965912,0,0,0.2814310789108276,0,0,0.2593894004821777,0
14ca70006ecaf4d16690279c2ef6b6d5,14,0,0.3394329845905304,0,0,0.0172423254698514,0,0,0.3296533823013305,0,0,0.476178377866745,0,0,0.708279013633728,0
14d7ac411bb2c8faf13ae0de31e4cf7a,14,0,0.2985725998878479,0,0,0.4624966979026794,1,0,0.2468903362751007,0,0,0.2861515879631042,0,0,0.4985865950584411,0
14d90cb65cec1138f6bcb97bd7892393,14,1,0.6288284063339233,1,0,0.0668995603919029,0,0,0.2737748324871063,0,1,0.8156050443649292,1,0,0.3497339785099029,0
14da9051525bd2504dd56938f92644ef,14,0,0.3577970266342163,0,0,0.0047948122955858,0,0,0.2757173180580139,0,0,0.5201641917228699,0,0,0.6915813684463501,0
150ae0840d191a04af860941593c5fc5,14,0,0.2094072848558426,0,0,0.0857520177960395,0,0,0.0525467619299888,0,0,0.1705259531736374,0,0,0.1996731013059616,0
154dca2bde84a7434044daf0e61c5b69,14,1,0.5242511630058289,1,0,0.1392221748828888,0,1,0.908711850643158,1,1,0.8849998116493225,1,1,0.7982027530670166,0
158c6d4adf43b8fb9c3c51bd47180e9e,14,0,0.249537780880928,0,0,0.0527203753590583,0,0,0.0709507837891578,0,0,0.1904128938913345,0,0,0.0832254663109779,0
15bb0fd575ecbe78c812dfb4eedd4b77,14,0,0.2196451127529144,0,0,0.0016435838770121,0,0,0.032881312072277,0,0,0.2612849175930023,0,0,0.120871365070343,0
15ebe1d755c0b7598be716ef950308d4,14,0,0.2909669578075409,0,0,0.1209201216697692,0,0,0.2326189875602722,0,0,0.8440364599227905,1,0,0.5024372339248657,0
15fb0d3878a7df2897e387cdd592577f,14,0,0.2816465198993683,0,0,0.0199689175933599,0,0,0.329503059387207,0,0,0.4796599447727203,0,0,0.3421721458435058,0
15fd19174078e6e85ca8a6521a367ae6,15,1,0.5084449648857117,1,1,0.6221416592597961,1,0,0.2926077246665954,0,0,0.4583894610404968,0,0,0.383280873298645,0
16351a9a4a8dcf423a92f1b87d181389,15,0,0.2821410298347473,0,0,0.0361942574381828,0,0,0.1743173599243164,0,0,0.4918267130851745,0,0,0.2870161533355713,0
163c884cba35d5d5ca50b7b8ea36a1fa,15,1,0.5879482626914978,1,1,0.4919179081916809,1,1,0.8149016499519348,1,0,0.4660802781581878,0,0,0.3102289736270904,0
165f2b132c2942833ab8138d48c96800,15,0,0.3225127160549164,0,0,0.0128940343856811,0,0,0.1382743418216705,0,0,0.4276547133922577,0,0,0.6934729218482971,0
16606aa288e909f4defdba599487c365,15,0,0.4250228404998779,0,0,0.0017884676344692,0,0,0.1605538725852966,0,0,0.6003119349479675,0,0,0.6344267725944519,0
1663ffcf2520d42473b572deb56b2497,15,0,0.3217362463474273,0,0,0.0025161313824355,0,0,0.0444798842072486,0,0,0.3033461272716522,0,0,0.2395864576101303,0
16d21d110cfc96417f66e1fef6c7b59c,15,0,0.3711300790309906,0,0,0.0382202342152595,0,0,0.4422689974308014,1,1,0.9209489226341248,1,0,0.8300624489784241,0
16df71f433fedfbc6c67cc338137d7e4,15,0,0.4236381351947784,0,0,0.0676790624856948,0,0,0.7232776880264282,1,1,0.9020633101463318,1,0,0.8672612905502319,0
16e2409846b221679644329b0b682617,15,0,0.5424137115478516,1,1,0.2490856796503067,0,0,0.4529563188552856,1,0,0.5056619048118591,0,0,0.8557900190353394,0
16eadc24e658018c787bf7dfc30ee144,15,1,0.2795612812042236,0,0,0.1278281062841415,0,0,0.2087554186582565,0,1,0.4594300389289856,0,0,0.6749280095100403,0
16f1811f5ce5fef3f8ef60b2fc675af5,15,0,0.5444834232330322,1,1,0.8840118050575256,1,0,0.559675931930542,1,0,0.4231075346469879,0,0,0.6780747771263123,0
16f3b4f52a2cbf5357547ca83cab6caf,15,0,0.2770388126373291,0,0,0.0049024876207113,0,0,0.0691480189561843,0,0,0.418855220079422,0,0,0.0773093551397323,0
171388f8091a33de18fa9def04b01042,15,0,0.5146863460540771,1,0,0.0115214465185999,0,0,0.3508895337581634,0,0,0.6201197504997253,0,0,0.9037684798240662,1
171dff98d336340bca7e12645e0a5a41,15,0,0.3883196413516998,0,0,0.0044429684057831,0,1,0.355732262134552,0,0,0.5021146535873413,0,1,0.9035906195640564,1
17201bfb22f098b084c8b355cfc45c97,15,0,0.3662376999855041,0,0,0.3887123167514801,1,0,0.0744916647672653,0,0,0.3379981219768524,0,0,0.086424320936203,0
173a25467a671ab8f44a8c1e9e02d5e1,15,1,0.4858724474906921,0,1,0.1533003449440002,0,0,0.8052088022232056,1,0,0.798620343208313,1,0,0.3675612807273865,0
173f8f59c15a521dc3ea16ee8783159c,16,0,0.2274589538574218,0,0,0.0298194382339715,0,0,0.2092364281415939,0,0,0.3606519997119903,0,0,0.602087140083313,0
17520d7b23b5a393d697ecf139b736fc,16,0,0.2041391432285308,0,0,0.0759067088365554,0,0,0.0947280749678611,0,0,0.2262563705444336,0,0,0.1417940258979797,0
17566869460d2082f1436ffc837f0c2a,16,0,0.490970104932785,0,0,0.1648554503917694,0,0,0.2534316182136535,0,0,0.5479202270507812,0,0,0.6296225786209106,0
1782aa7185480390105391366e207a8d,16,0,0.2293852567672729,0,0,0.0057498705573379,0,0,0.1036799028515815,0,0,0.2516418099403381,0,0,0.1104481890797615,0
1797ac887e393a0e25ebb44b3125f0c1,16,1,0.6316252946853638,1,0,0.0293156690895557,0,0,0.3216936588287353,0,0,0.5830647945404053,0,0,0.3442123830318451,0
17cb989569ca6ef46e1066b0cec22304,16,1,0.4022969007492065,0,0,0.2737546265125274,0,1,0.710429847240448,1,0,0.5021449327468872,0,0,0.8914216756820679,1
17d06e7d3f142ebb8f50088b417df79a,16,0,0.2289919704198837,0,0,0.0132663957774639,0,0,0.0793540105223655,0,0,0.1198161989450454,0,0,0.0927141234278678,0
17d82f2fa525a8d3b7e868aad6e85d7d,16,0,0.3835520446300506,0,0,0.0185720436275005,0,0,0.3114174306392669,0,0,0.688324511051178,1,0,0.7125630974769592,0
17df698e956c640c7aad338afb841679,16,0,0.435242623090744,0,0,0.6743223667144775,1,0,0.2958061099052429,0,0,0.2624290585517883,0,0,0.2661210000514984,0
17e37e29b02ef0f01a1e9e5e0c0e9d6e,16,0,0.3079604804515838,0,0,0.0302677191793918,0,0,0.1211969926953315,0,0,0.2475172728300094,0,0,0.3546258509159088,0
17ead023e20603e9df9f2a3f326b2344,16,0,0.5061190724372864,1,0,0.2515866160392761,0,0,0.3057573437690735,0,0,0.8241448402404785,1,1,0.6171208620071411,0
17eefd92847c5a56c84990047ab2d5ae,16,0,0.4207735955715179,0,0,0.1836022287607193,0,0,0.2765741646289825,0,0,0.4247791469097137,0,0,0.8588414788246155,0
186398ac83152a0870a3c329646e66ae,16,0,0.1940143704414367,0,1,0.6023366451263428,1,0,0.1120193228125572,0,0,0.1954692751169204,0,0,0.256449431180954,0
1863dc75544ef9c4fed99adc7148d45b,16,0,0.3623251914978027,0,0,0.2192370146512985,0,0,0.1932207345962524,0,0,0.4810177981853485,0,0,0.2112311422824859,0
1870fb4ff8d9cd26be7ba8bc7959e4d7,16,0,0.2803101539611816,0,0,0.000553906254936,0,0,0.1919489949941635,0,0,0.5305851697921753,0,0,0.6158897280693054,0
187b41878d6dfc41488d4f1f379bbdc1,16,0,0.2746558487415313,0,0,0.6216549277305603,1,0,0.2264414280653,0,0,0.3148346841335296,0,0,0.3901550471782684,0
1887e016e569b354a55e3fb4313def83,17,0,0.3851722478866577,0,0,0.237686887383461,0,0,0.1789585500955581,0,0,0.3347744345664978,0,0,0.2749888598918915,0
18beac8a923ed6b1e08cb5a631a73e76,17,0,0.6340391635894775,1,0,0.0689134523272514,0,0,0.2418944686651229,0,0,0.2555263340473175,0,0,0.4110206663608551,0
18c93180fe5e1c5658a5d7ad18d7c26f,17,0,0.2346844524145126,0,0,0.1285399794578552,0,0,0.075442798435688,0,0,0.1500453352928161,0,0,0.1758233159780502,0
18d6003908775a049bc2c25e5c68c925,17,0,0.5750980377197266,1,0,0.2321049720048904,0,1,0.4005956649780273,0,0,0.6768741011619568,0,0,0.5439538955688477,0
18e12fb03036d68da9f672073967c753,17,0,0.3869273662567138,0,0,0.0064968634396791,0,0,0.2695800065994262,0,0,0.6483142375946045,0,0,0.7681196928024292,0
18f0e2093719a4b98c7e79d4f202b33f,17,0,0.3700153529644012,0,0,0.0988752543926239,0,0,0.2100298702716827,0,0,0.5231512188911438,0,1,0.7142797708511353,0
191b17a545a133660df08ad6b228c7ea,17,0,0.2010579705238342,0,0,0.6835253834724426,1,0,0.169668048620224,0,0,0.2793326377868652,0,0,0.3321087062358856,0
19956c66c5528604e1043c766eeba90f,17,0,0.3821803629398346,0,0,0.1030931919813156,0,0,0.181545004248619,0,0,0.3903229236602783,0,0,0.6081987619400024,0
19c44a83a0b26af42aefbcbf7b9f9380,17,1,0.5547115802764893,1,0,0.0122461132705211,0,1,0.4241208434104919,0,0,0.7204221487045288,1,0,0.7682512402534485,0
19c904c92f411c3bccc89f0024587543,17,0,0.363557368516922,0,0,0.225684106349945,0,0,0.2266101390123367,0,0,0.4933733940124511,0,0,0.8572555184364319,0
19d24dee80c92094175c10817959c5fa,17,0,0.541607677936554,1,0,0.2049424797296524,0,0,0.1065155267715454,0,0,0.1034581437706947,0,0,0.0307902824133634,0
19e0d6ab0dc61189088d0e149c5871ac,17,1,0.6635081768035889,1,0,0.0562217198312282,0,1,0.7462370991706848,1,0,0.8071326613426208,1,1,0.4429967701435089,0
1a215224bd3e29b6e8e691893181bd21,17,0,0.2736526131629944,0,1,0.1814457476139068,0,0,0.4037304222583771,0,0,0.3985158205032348,0,0,0.834801435470581,0
1a43b8deb6025a95ea74603d897c95a5,17,0,0.3382556736469269,0,0,0.0146716693416237,0,0,0.0762808173894882,0,0,0.3507820665836334,0,0,0.1754218339920044,0
1a43f9283adf717d36e65e0951afc629,17,0,0.1866663843393325,0,0,0.0064739342778921,0,0,0.0439396798610687,0,0,0.2415220290422439,0,0,0.1895892769098281,0
1aa1da1bf045b4eea350b501b1548351,17,0,0.5656542778015137,1,0,0.5706765055656433,1,0,0.2095691114664077,0,0,0.2398017942905426,0,0,0.3846770823001861,0
1aa44e88c12853c45ac703f24309ac3e,18,0,0.1612966358661651,0,0,0.0069196042604744,0,0,0.0308984462171793,0,0,0.2824110388755798,0,0,0.062037818133831,0
1aa707b195e1f6efffd8c17ca926eeef,18,0,0.37691730260849,0,1,0.9631117582321168,1,0,0.4344081282615661,1,0,0.3366347551345825,0,0,0.5833461284637451,0
1aac6d9d0a45609aa2771e91e59451da,18,0,0.4271911084651947,0,0,0.0954752191901207,0,0,0.2862719297409057,0,0,0.3210991024971008,0,0,0.1613521575927734,0
1abf74c3876f61b3e19194846043e889,18,0,0.2047462612390518,0,0,0.0013668382307514,0,0,0.1210873946547508,0,0,0.3818378150463104,0,0,0.4899175763130188,0
1ac0078bcb5550b9dc4f0dbfade6eb4d,18,0,0.4191352427005768,0,0,0.7192578911781311,1,0,0.318537175655365,0,0,0.6516143083572388,0,0,0.6138691306114197,0
1b13d20e122a770f28228027f03a010c,18,0,0.2556822896003723,0,0,0.0902724340558052,0,0,0.1718807816505432,0,0,0.3534377813339233,0,0,0.5388622879981995,0
1b26be04540ce7c6b0618a57cb295d13,18,0,0.2369028925895691,0,0,0.0069567128084599,0,0,0.2534845471382141,0,0,0.2829214036464691,0,0,0.656807005405426,0
1b2df8b1ebcd4cf26b828e96dd54304a,18,0,0.6189306378364563,1,0,0.7974231243133545,1,0,0.5492425560951233,1,0,0.4975249469280243,0,0,0.2653084099292755,0
1b3810d022fb64d409d7d579f7739b14,18,0,0.1870385259389877,0,0,0.0189905371516942,0,0,0.0286102574318647,0,0,0.2519401609897613,0,0,0.0545249171555042,0
1b3e916aa92b328e17f24d1c892cb749,18,0,0.3915339112281799,0,0,0.0522742457687854,0,0,0.185324564576149,0,0,0.3156945407390594,0,0,0.7629538178443909,0
1b4407d5e1e9ec1e602c75fc80b7b001,18,0,0.2074610292911529,0,0,0.4064661562442779,1,0,0.1052578315138816,0,0,0.1723397076129913,0,0,0.4242359697818756,0
1b6a707131f787fe37d3ea40d2011d43,18,0,0.3323888778686523,0,0,0.788037896156311,1,0,0.1753649711608886,0,0,0.2219704985618591,0,0,0.3060509860515594,0
1b78d27f9d6dbeb9296c6b610262c95e,18,0,0.1929998844861984,0,0,0.013977512717247,0,0,0.072259671986103,0,0,0.1857443898916244,0,0,0.1876453310251236,0
1bd17c03a70dbb1e8f4723d5aacb1e52,18,0,0.3433110117912292,0,0,0.2794940173625946,0,0,0.2470535933971405,0,0,0.2590055465698242,0,0,0.2342315912246704,0
1bffe6caf3de56fc4ffcf7ce4176e757,18,0,0.3544439375400543,0,0,0.0321218259632587,0,0,0.3211290538311004,0,0,0.5582308769226074,0,0,0.7038903832435608,0
1c04f08e163f0fdb38461013b2f6f9b9,18,0,0.5408782362937927,1,1,0.5853075385093689,1,0,0.4782854318618774,1,0,0.4110231399536133,0,0,0.4289101660251617,0
1c0edcab874f51772ec86ac6405a0a69,19,0,0.3832180798053741,0,0,0.3052926957607269,0,0,0.2318548113107681,0,0,0.26886847615242,0,1,0.5052337646484375,0
1c146ccd983da39b62f2e2d9857e8d2a,19,0,0.4190500974655151,0,0,0.0162904765456914,0,0,0.3069593608379364,0,0,0.3978478610515594,0,0,0.6790212392807007,0
1c23c0b48f19721b171febe638673eec,19,1,0.4703247547149658,0,0,0.0084358258172869,0,1,0.1303170770406723,0,0,0.3717641532421112,0,1,0.7351954579353333,0
1c2898a294e3a212280feeac16396e7c,19,0,0.310600608587265,0,0,0.2809814810752868,0,0,0.0708600953221321,0,0,0.2022590488195419,0,0,0.1071581691503524,0
1c41827efd6e236f8b05c6524f1a43c3,19,0,0.4307450950145721,0,0,0.4297342300415039,1,0,0.2499151527881622,0,0,0.3868122398853302,0,0,0.8596312999725342,0
1ca15cd9835324d8a30bd20544a9cab8,19,1,0.4946985840797424,0,0,0.2789345383644104,0,0,0.7313524484634399,1,0,0.8223857283592224,1,0,0.955128848552704,1
1ca5675a7a3042ccb0334a42d14d145f,19,0,0.2898251116275787,0,0,0.6753278374671936,1,0,0.1106222718954086,0,0,0.3139046728610992,0,0,0.1619938164949417,0
1cc1ed63475e99d32f1884762955effc,19,0,0.3363126516342163,0,0,0.0993918403983116,0,0,0.1061746776103973,0,0,0.4203214943408966,0,0,0.3558820188045501,0
1ccc9029a1f9a8cb57a4913a7c239acc,19,0,0.2030265778303146,0,0,0.0138599006459116,0,0,0.2165460586547851,0,0,0.4140441119670868,0,0,0.659041702747345,0
1cd859e3b7a6ea36735fa06b03fcbdd7,19,0,0.3417852222919464,0,0,0.5383456349372864,1,0,0.397461324930191,0,0,0.3823882341384887,0,0,0.5747208595275879,0
1d12b94b7acbeadef7d7700b50aa90d4,19,0,0.4123153984546661,0,0,0.2662450969219208,0,0,0.250587910413742,0,0,0.4787637889385223,0,0,0.3708049356937408,0
1d1fcf6654f7d727aafae5c5eba5fd7f,19,0,0.5048138499259949,1,0,0.1288471668958664,0,0,0.4340180158615112,1,0,0.6496676206588745,0,0,0.7183493375778198,0
1d6476853a2aaaf281c1be2e2584e383,19,1,0.5040284395217896,1,0,0.0384403616189956,0,0,0.1875693500041961,0,1,0.3927602469921112,0,0,0.4135810136795044,0
1da78a23d8738003d24bdeb4a47c07ba,19,0,0.2798218727111816,0,0,0.2114758640527725,0,0,0.0671143308281898,0,0,0.2367275655269622,0,0,0.1494462639093399,0
1db20acd44b0e120b91f137a46da1ff6,19,0,0.639409065246582,1,0,0.3196533918380737,0,0,0.1929677277803421,0,0,0.0938463881611824,0,0,0.052759114652872,0
1ddd49f2867bac4430aaad6d35445a61,19,0,0.2204286307096481,0,0,0.0849452763795852,0,0,0.1456982046365738,0,0,0.1846975982189178,0,0,0.2979053258895874,0
1deb5e6595022e9cad8cb8fb00863e8f,20,0,0.385733425617218,0,0,0.7304558157920837,1,0,0.3771409094333648,0,0,0.4107789099216461,0,0,0.5627573728561401,0
1deeb557e49b03764d434bad3c7bdd35,20,1,0.5648184418678284,1,0,0.2263813465833664,0,1,0.571726381778717,1,0,0.4622245728969574,0,1,0.7291116714477539,0
1e2a07154cad985c88bf3668850c3587,20,0,0.4146767854690552,0,0,0.0289273206144571,0,0,0.2392406612634658,0,0,0.5504827499389648,0,0,0.4744482338428497,0
1e335e2b51bd598406b39b4f3974ea79,20,0,0.6310473084449768,1,0,0.0356043018400669,0,0,0.365045964717865,0,0,0.4830738306045532,0,0,0.2549589276313782,0
1e3741152ae10349083bdf40ef01789e,20,0,0.2578687369823456,0,0,0.0028636080678552,0,0,0.1665656268596649,0,0,0.6014739274978638,0,0,0.733291506767273,0
1e3fadece3c8d4259c2b5a7de61e12ef,20,0,0.2948518693447113,0,0,0.1395509243011474,0,0,0.1611227840185165,0,0,0.8529632687568665,1,0,0.4921868443489074,0
1e4029a54dd47b7223885e14cc0e020f,20,0,0.5404172539710999,1,1,0.9073253273963928,1,0,0.5328212976455688,1,1,0.4356416761875152,0,0,0.6878042817115784,0
1e41c551c741b13ef41f540a6428058b,20,0,0.436452716588974,0,1,0.9441870450973512,1,0,0.3455691039562225,0,0,0.4151933491230011,0,0,0.4853803813457489,0
1e56d718a35fc14e4461717c9664c4c2,20,0,0.3305360674858093,0,0,0.2767804563045501,0,0,0.3422109484672546,0,0,0.6485396027565002,0,0,0.8146565556526184,0
1e5df6a5f0edfdce728581219123811f,20,0,0.3309747576713562,0,0,0.3103551864624023,0,0,0.2418844848871231,0,0,0.5050657391548157,0,0,0.5540376901626587,0
1e87b2befde0db02bf14e75e798e4269,20,0,0.4194821715354919,0,1,0.253338485956192,0,1,0.5820173621177673,1,1,0.6299481987953186,0,0,0.7114976048469543,0
1eb469f4d7f3c627bd265a57dbbf91b4,20,0,0.4849049746990204,0,1,0.9225014448165894,1,0,0.4999205470085144,1,0,0.5710789561271667,0,0,0.6536576747894287,0
1ee597e9da780a7c2e68a78fdaae42fc,20,1,0.435784250497818,0,0,0.0313108898699283,0,0,0.4930272400379181,1,0,0.3870437443256378,0,0,0.5911697745323181,0
1f2238036d246a568553191ed099c1e3,20,0,0.302282303571701,0,0,0.0056717442348599,0,0,0.0394757390022277,0,0,0.1931385099887848,0,0,0.1243241354823112,0
1fad8a04142b39fb650138dc933334b3,20,0,0.3414680063724518,0,0,0.4950358271598816,1,0,0.2170627266168594,0,0,0.4518352448940277,0,0,0.7747642993927002,0
1fae839a73abec3f3d7436fa2bce4630,20,0,0.429666519165039,0,0,0.053805761039257,0,1,0.4516120851039886,1,0,0.7452359199523926,1,1,0.7408445477485657,0
1fcc1cd57e0ce38aa0b72b3a6996015a,21,1,0.2910041511058807,0,0,0.0054436051286756,0,0,0.2919195294380188,0,0,0.9072068333625792,1,1,0.7806803584098816,0
1fd9d5d1bb0ce0f60396950f07270c09,21,0,0.2699083089828491,0,0,0.0709503144025802,0,0,0.1979357451200485,0,0,0.3454454243183136,0,0,0.5893399119377136,0
1fffff933eea7cb619d35e5ae18920d5,21,0,0.2724089026451111,0,0,0.0715998187661171,0,0,0.2129008173942566,0,0,0.5606903433799744,0,0,0.5124731659889221,0
20085587273eae1d4ea461ee23b18fe3,21,0,0.3385595679283142,0,0,0.0009461372974328,0,0,0.0888365432620048,0,0,0.5826950073242188,0,0,0.3684200048446655,0
2021c6c746096cd28002e71ceb992c69,21,1,0.5171893239021301,1,0,0.0233810469508171,0,1,0.5339025855064392,1,1,0.7343491315841675,1,1,0.8191472887992859,0
202dc97c4b3ec7e50f4813456938500a,21,0,0.3122823536396026,0,1,0.7841195464134216,1,0,0.2736155986785888,0,0,0.3697297573089599,0,0,0.6461870670318604,0
203e51fe440b4468f4142d795d381cb4,21,0,0.2886713147163391,0,0,0.0642219260334968,0,0,0.0897725448012352,0,0,0.3488808870315552,0,0,0.2109325379133224,0
204c690fdc9b400342f9b5a271523bfe,21,0,0.2898231446743011,0,0,0.1544850915670395,0,0,0.1157428547739982,0,0,0.3552723228931427,0,0,0.6033473014831543,0
2051a04c05ac229fd9a1f16a4a493f64,21,0,0.426091581583023,0,1,0.7295838594436646,1,0,0.2784876525402069,0,0,0.3034526407718658,0,0,0.4282906949520111,0
20614fb1b38f8b6d81830b92068b19e7,21,1,0.6819742321968079,1,0,0.0079949423670768,0,0,0.5726286172866821,1,0,0.8440191745758057,1,0,0.6864359974861145,0
206a3bdb39970f971f505da837a5bfd4,21,0,0.2968267500400543,0,0,0.069784790277481,0,0,0.1622790843248367,0,0,0.6457583904266357,0,0,0.356068879365921,0
20a92721508c6b74dac74143d3221152,21,0,0.38342946767807,0,0,0.0344493053853511,0,0,0.316123217344284,0,0,0.6554424166679382,0,0,0.7553691864013672,0
20adb39b3684a4a5315c6c07c11f6a85,21,0,0.3594639003276825,0,0,0.6153706312179565,1,0,0.189504861831665,0,0,0.2661519646644592,0,0,0.338204950094223,0
20b35d7ea287071b586c37690162b556,21,0,0.4559754729270935,0,0,0.0645202025771141,0,0,0.185560330748558,0,0,0.3381654620170593,0,0,0.3739486634731293,0
20b7a770145a276ab4f3ccd12e28aa45,21,0,0.2530310750007629,0,0,0.0548812113702297,0,0,0.0425355322659015,0,0,0.2687115371227264,0,0,0.1140877306461334,0
20c2fc9d1babf3f47d4bf2e2d4fa0d2c,21,0,0.1746954172849655,0,0,0.9284655451774596,1,0,0.146171823143959,0,0,0.2078833281993866,0,0,0.1780165284872055,0
20d0c4e2d3473e9f1f2891f01d5edf63,22,0,0.393215924501419,0,0,0.0718694925308227,0,0,0.3011129796504974,0,0,0.659831702709198,0,0,0.5310642719268799,0
20d208807c641afba1698d8f35aa8713,22,1,0.6587007641792297,1,0,0.4111296236515045,1,0,0.2735224962234497,0,0,0.4294041693210602,0,0,0.5558090209960938,0
2127bbf73b1d0f150ca12bfa5ca2b91d,22,1,0.3649497628211975,0,0,0.0420977175235748,0,1,0.5480025410652161,1,1,0.8918938040733337,1,0,0.2640787959098816,0
212dc39b6ba6941b034c2cd92cf97a8d,22,0,0.2259673774242401,0,0,0.0077148461714386,0,0,0.0593331642448902,0,0,0.2771764099597931,0,0,0.1460490673780441,0
2149d92bf6e0a54eefb4ad12a24decd9,22,0,0.2442984879016876,0,0,0.0149202486500144,0,0,0.1983070820569992,0,0,0.3864061832427978,0,0,0.7052047252655029,0
21764c704337db3cee5beb063a7f84f8,22,1,0.7616822719573975,1,1,0.2505148649215698,0,1,0.6939772367477417,1,0,0.84514981508255,1,0,0.6174579858779907,0
218e819ed8c0fe25c92ee7f1d5b993c7,22,0,0.3976251184940338,0,0,0.0509380884468555,0,1,0.7870373129844666,1,0,0.4236401617527008,0,0,0.864757776260376,0
21a3312b6e4ab747c09c526b77cb0716,22,0,0.4028067290782928,0,0,0.0193704348057508,0,0,0.2726746499538421,0,0,0.4448200166225433,0,0,0.4426098763942718,0
21adda7cffdfc008f99e15f8608f389e,22,0,0.3437241911888122,0,0,0.0689364969730377,0,0,0.3503512740135193,0,0,0.6673537492752075,0,0,0.455601304769516,0
21e82a2a2a98836a5932f08ae4538bdd,22,0,0.2319727838039398,0,0,0.0011001790408045,0,0,0.0497659966349601,0,0,0.2834260165691376,0,0,0.2538107633590698,0
21ef0a13b87ffc2026f003dbb27f8b68,22,1,0.8167862296104431,1,0,0.5141261219978333,1,0,0.7709030508995056,1,0,0.8102388978004456,1,0,0.6063946485519409,0
21f45752082fdc5ce1cb3fb413b1b3de,22,0,0.5072813034057617,1,1,0.9750401973724364,1,0,0.5299844145774841,1,0,0.4191179573535919,0,0,0.5703715085983276,0
2204fe4a8d1b984f7b6b9951e5f11c79,22,0,0.2486532032489776,0,0,0.0021878422703593,0,0,0.2011040896177292,0,0,0.3772216439247131,0,0,0.7660959959030151,0
2214888f670a14cfa4f4e7223e814b40,22,0,0.3043486475944519,0,0,0.0382496565580368,0,0,0.1571468859910965,0,0,0.5678423047065735,0,0,0.6203119158744812,0
2218a9269d253e672bbf6dbe8da48f8f,22,1,0.4646236896514892,0,0,0.0125756729394197,0,0,0.3732975423336029,0,1,0.9077166318893432,1,0,0.5639448165893555,0
2220f4ec338e6fa4f139d9b91aca9da3,22,1,0.6114950180053711,1,0,0.0706866383552551,0,0,0.4849349856376648,1,0,0.9266745448112488,1,0,0.4615052342414856,0
222d99d554686c4ab478f830fa25028e,23,0,0.2900592982769012,0,0,0.3622272610664367,1,0,0.2513300478458404,0,0,0.4204101264476776,0,0,0.6150556802749634,0
22470824d6539f5aae6f5df896e49630,23,0,0.3006960451602936,0,0,0.015870364382863,0,0,0.0735065564513206,0,0,0.3357321619987488,0,0,0.2798270285129547,0
22477897ac65a32a47a81707bd7a3a25,23,0,0.6388968825340271,1,0,0.1527906060218811,0,0,0.4204835295677185,0,0,0.5754844546318054,0,0,0.6173287034034729,0
2249e2c552b44d15f36f05266a7d2b7c,23,0,0.2317583858966827,0,0,0.0073310155421495,0,0,0.0250141341239213,0,0,0.1306877732276916,0,0,0.0902754887938499,0
225590024026b2900f745a21e5f86e45,23,0,0.3791335821151733,0,0,0.5901564955711365,1,0,0.3213177025318146,0,0,0.8339517712593079,1,0,0.7026453614234924,0
225792d8531c9bee52c674cc975f689d,23,0,0.2702929675579071,0,0,0.1822460293769836,0,0,0.1715193837881088,0,1,0.467332661151886,0,1,0.5462559461593628,0
225ee6b33560f3903d0427ea721e0690,23,0,0.2665015161037445,0,0,0.024393830448389,0,0,0.2297705858945846,0,0,0.3723303079605102,0,0,0.5711021423339844,0
225fa92b59afa8d1e96a9b3a5291aaaf,23,0,0.3028196096420288,0,0,0.5700832009315491,1,0,0.3516416847705841,0,0,0.2501297891139984,0,0,0.572177529335022,0
22e777d8cb8506360407e800070e6ed4,23,0,0.5657406449317932,1,0,0.1272106617689132,0,1,0.6790275573730469,1,0,0.7078516483306885,1,1,0.7696172595024109,0
230ced5935d8f83f1b9f52bb95059263,23,0,0.5114138126373291,1,0,0.0832337066531181,0,0,0.3549053370952606,0,0,0.5169717073440552,0,0,0.6784458160400391,0
230d775afe6d5f2f23515152d2a030d3,23,0,0.1721320301294326,0,0,0.0024331016466021,0,0,0.0248934049159288,0,0,0.2248234897851944,0,0,0.0443777590990066,0
232e100235a5357cf19c135892af7d83,23,0,0.3446991443634033,0,0,0.0570307113230228,0,0,0.0829120427370071,0,0,0.1720756441354751,0,0,0.0958222150802612,0
234c0ca0777f8614476112bc7412caa5,23,0,0.3383072912693023,0,0,0.0036741809453815,0,0,0.2637456059455871,0,0,0.4312151670455932,0,0,0.5209439396858215,0
235d5a43e07233fa0117ed8a185c06bf,23,0,0.2545304596424103,0,0,0.0222369953989982,0,0,0.051325686275959,0,0,0.2016104459762573,0,0,0.1368787586688995,0
235fa5309a20f02f306297fee158a109,23,0,0.2467545121908188,0,0,0.1292880773544311,0,0,0.3734701871871948,0,0,0.4308917224407196,0,0,0.7991816401481628,0
2362bae8a9b107f454ce8bcb5dd80180,23,0,0.161562830209732,0,0,0.0092175491154193,0,0,0.1742452681064605,0,0,0.4607528448104858,0,0,0.638103187084198,0
24151df5b3919093e2c97bc6647260fb,24,0,0.5028113722801208,1,0,0.5792382955551147,1,0,0.3480744361877441,0,0,0.4870889484882355,0,0,0.642766535282135,0
24263689acdde18b84fc1f464c908ccf,24,0,0.2457584887742996,0,0,0.2675471901893616,0,0,0.1263586282730102,0,0,0.2350805103778839,0,0,0.5057030320167542,0
242e05a5782d6682a43999a2e21096e6,24,0,0.4610757827758789,0,0,0.2357912808656692,0,0,0.4125501215457916,0,0,0.4402908384799957,0,0,0.7266005277633667,0
24671577f584d6b49ad97e5d49321fa5,24,0,0.3465325534343719,0,0,0.5754795074462891,1,0,0.2649392783641815,0,0,0.4761191308498382,0,0,0.2147853523492813,0
247d4f43ebb5cef2dec03ec8afaff90a,24,0,0.6446155309677124,1,0,0.1902381479740142,0,0,0.3622076213359833,0,0,0.3688754141330719,0,0,0.3083122670650482,0
24bc34d29332c13d3cf82c783d92d8ad,24,0,0.5115188956260681,1,0,0.5189050436019897,1,0,0.4221267700195312,0,0,0.613057017326355,0,0,0.4408060610294342,0
24d7e092a75fbc3f8756a6785a4d97c6,24,0,0.3483996987342834,0,0,0.3392731845378876,0,0,0.2075662612915039,0,0,0.3549370467662811,0,0,0.407059758901596,0
24dc9a75eac9086166bd3ea01ae2cd2c,24,0,0.2677204012870788,0,0,0.1985426843166351,0,0,0.1215095594525337,0,0,0.2591696679592132,0,0,0.1518010348081588,0
253feb1e5d47eb3543d0cd0b072df5e5,24,0,0.6076551675796509,1,0,0.0341546609997749,0,0,0.1602345407009124,0,0,0.6128770112991333,0,0,0.6113155484199524,0
2562f346ed3db617c6cf209d6fbfd384,24,0,0.3833586871623993,0,0,0.040255781263113,0,0,0.0558532103896141,0,0,0.2080431580543518,0,0,0.1079832389950752,0
2578863f0f367acbce6b260b31470ff1,24,0,0.3204661309719085,0,0,0.353772222995758,0,0,0.308657705783844,0,1,0.6814034581184387,1,1,0.7808500528335571,0
25aec56a720623274a5d51c6faa764b4,24,0,0.4057112038135528,0,0,0.0115206530317664,0,0,0.0998894423246383,0,0,0.343036949634552,0,0,0.2741944193840027,0
25d536e3c96e22c7c258d2ed859c304a,24,0,0.2339225262403488,0,0,0.2100646048784256,0,0,0.2018550634384155,0,0,0.3869611024856567,0,0,0.3487071692943573,0
25e40d94f13653fcd2b829c45cb18e3f,24,1,0.3520255386829376,0,0,0.0078185517340898,0,1,0.3897322118282318,0,0,0.6303252577781677,0,1,0.8983675241470337,1
25e8a01e7de94f8874d34b9afdd593c5,24,0,0.6275659203529358,1,0,0.681144654750824,1,0,0.2859637141227722,0,0,0.5728720426559448,0,0,0.520301342010498,0
25f51d768c59ed4ac52079177d45479f,24,0,0.3457663059234619,0,0,0.0263310950249433,0,0,0.0859661474823951,0,1,0.5836196541786194,0,0,0.4014241099357605,0
25f92d35866a758f4175812fe3f7f47c,25,0,0.389113038778305,0,0,0.0184003394097089,0,1,0.178664743900299,0,0,0.5243176817893982,0,1,0.5298449397087097,0
261fb3e27745849bd6bf75c65166ccbf,25,0,0.1965701431035995,0,0,0.0003372867358848,0,0,0.095634639263153,0,0,0.3794862031936645,0,0,0.1834090650081634,0
262f42441f1d7479e741f624becd54cb,25,0,0.5669991374015808,1,0,0.0074212215840816,0,0,0.0925057604908943,0,0,0.360513836145401,0,0,0.0982710942625999,0
2634fcd5139b26569a4d3ad23ee1beb9,25,0,0.4254735708236694,0,0,0.1796174347400665,0,0,0.449249267578125,1,0,0.7373369336128235,1,1,0.7476736307144165,0
269af0bfa0e3246aa7b7330a3c510030,25,1,0.4719599783420563,0,1,0.8142485618591309,1,0,0.8802136778831482,1,0,0.677115797996521,0,1,0.7977937459945679,0
26a5285339df294ce288663b092c23c3,25,0,0.3083948791027069,0,0,0.2428269982337951,0,0,0.3582310676574707,0,0,0.4143808484077453,0,0,0.5917617082595825,0
26b335d3fb7b871bc7714c05421de9a5,25,0,0.193664863705635,0,0,0.0102057298645377,0,0,0.0615029297769069,0,0,0.3205723464488983,0,0,0.3744592070579529,0
26ca88b5b40079f5627ef686bcc945fe,25,0,0.5312375426292419,1,1,0.7247762084007263,1,0,0.4999715089797973,1,0,0.5534539222717285,0,0,0.907754361629486,1
26ec05d5a77e04dac78841fcab729d17,25,0,0.4129546582698822,0,1,0.0607233121991157,0,1,0.7169609069824219,1,0,0.7433023452758789,1,0,0.8994487524032593,1
26fa2f95e008965bec79eddf40220618,25,0,0.2832526266574859,0,0,0.511017382144928,1,0,0.1426590979099273,0,0,0.1913150697946548,0,0,0.2682255804538727,0
271290de7e7e4fb8aa1c31327f48f4b5,25,0,0.4277655780315399,0,0,0.068336047232151,0,0,0.3736538290977478,0,0,0.578221321105957,0,0,0.6309999227523804,0
2719b0f265ede38083eb9558a9b325dc,25,0,0.4237962663173675,0,0,0.3188560009002685,0,0,0.3005295991897583,0,0,0.2613181173801422,0,0,0.643674373626709,0
271a21b7999e4bf82fb94c8ed51c9e45,25,0,0.2527863085269928,0,0,0.3794685900211334,1,0,0.1689125597476959,0,0,0.2975387573242187,0,0,0.5291529297828674,0
2744fe0f36f0523d926dd8bcca9fb826,25,0,0.2049915343523025,0,0,0.0729402750730514,0,0,0.0965424627065658,0,0,0.5291163325309753,0,0,0.2338907569646835,0
275f8dac86e5b584cf8382e195f3be75,25,0,0.3376077711582184,0,0,0.0025139232166111,0,0,0.0936019569635391,0,0,0.3291246592998504,0,0,0.1120587438344955,0
2764d6e99a99ac47b4a534511fad4db4,25,0,0.7486032843589783,1,1,0.8384713530540466,1,0,0.6386969089508057,1,0,0.6950329542160034,1,1,0.7488361597061157,0
27660605ca5cdffc3a99e9f2f167b1ff,26,0,0.3328396379947662,0,0,0.5623264908790588,1,0,0.2397729158401489,0,0,0.3975720405578613,0,0,0.4901505410671234,0
2790d36fa3cd4d3fa05229d1c693d499,26,0,0.3131157159805298,0,0,0.3439006805419922,0,1,0.1279789507389068,0,0,0.263492226600647,0,0,0.4002367258071899,0
279ec29b29dbdf10c6311439ffaa6e03,26,0,0.2818511128425598,0,0,0.0090135307982563,0,0,0.1864377111196518,0,0,0.416491687297821,0,0,0.8461660146713257,0
27a6da23941b4f586a6812b2d26e61dd,26,0,0.5785322189331055,1,0,0.3799131214618683,1,0,0.3723968267440796,0,0,0.2904986143112182,0,0,0.5175085663795471,0
27ab751530d2e92cd18dd82d47ac22d8,26,0,0.2397415935993194,0,0,0.5221332311630249,1,0,0.1799745261669159,0,0,0.4225677251815796,0,0,0.6320065855979919,0
27c40d7cad10950490cdc81752b328d7,26,0,0.3071886599063873,0,0,0.0063356007449328,0,0,0.1440191566944122,0,0,0.2742149531841278,0,0,0.3718891739845276,0
27d34a0e721626ef60aeb17cb39e8196,26,1,0.4093720018863678,0,0,0.0635103359818458,0,1,0.855029821395874,1,0,0.4758270382881164,0,0,0.9972948431968688,1
27dd187f50de71108de3de2bfa52698c,26,0,0.3246667981147766,0,0,0.1151962801814079,0,0,0.2627993524074554,0,0,0.5395736694335938,0,0,0.88643479347229,1
27f070654756a43ea9ebb71802e8bb2c,26,0,0.2704406082630157,0,0,0.0011168284108862,0,0,0.131101593375206,0,0,0.5419392585754395,0,0,0.5723434090614319,0
281079184d33bc81f9f6ced4771ae746,26,0,0.2886638045310974,0,0,0.5056880712509155,1,0,0.3316095769405365,0,0,0.608130156993866,0,0,0.721855640411377,0
28119d05971cf37e7709c53a5e45c3a8,26,0,0.3339316248893738,0,0,0.4717487394809723,1,0,0.1702843457460403,0,0,0.3236453533172607,0,0,0.2892019152641296,0
281b0e152c84843e22eba8f121592cea,26,0,0.2648078203201294,0,0,0.02079314365983,0,0,0.0266645457595586,0,0,0.1057619377970695,0,0,0.1331429928541183,0
28290df9749ce386affc87de6b7c3a49,26,1,0.4029426276683807,0,0,0.0172922257333993,0,0,0.1347922831773758,0,0,0.4338054656982422,0,0,0.5070924162864685,0
2829ec7e67ae926ce846f71c05b08440,26,0,0.3986855149269104,0,0,0.0212625600397586,0,0,0.1728465259075164,0,0,0.3828929960727691,0,0,0.8025133013725281,0
282dc34d270eccc44a61901afbd4791d,26,0,0.5688380002975464,1,0,0.1577363610267639,0,0,0.2318140268325805,0,0,0.211791455745697,0,0,0.0979780256748199,0
28381c8323917ac88d571e1213a2d382,26,0,0.2480817884206771,0,0,0.0140039827674627,0,0,0.0401504896581172,0,0,0.1764003634452819,0,0,0.0294941663742065,0
285becd123b1dd66f5ce5e51bce073a4,27,1,0.3187521398067474,0,0,0.0016657145461067,0,1,0.2608536183834076,0,0,0.5540754199028015,0,0,0.4079340100288391,0
287422bed1d9d153387361889619abed,27,0,0.5877330303192139,1,1,0.967808187007904,1,0,0.6463986039161682,1,0,0.8336578011512756,1,0,0.5025510191917419,0
28d11d6696649471d0af4e67f7126299,27,0,0.487401008605957,0,0,0.1673813909292221,0,0,0.3882093131542206,0,0,0.80015629529953,1,0,0.8404029607772827,0
28da626e8fb2241c3799343618b7b509,27,0,0.6430061459541321,1,0,0.0353366322815418,0,0,0.3112282454967499,0,0,0.3090600371360779,0,0,0.2498827874660492,0
28e90b2f52b47a0b0398cd6e47abaa0b,27,0,0.318639874458313,0,0,0.0283860024064779,0,0,0.2179152220487594,0,0,0.5187098979949951,0,0,0.7265852093696594,0
28f7374deb70d29031f3c87afa518c68,27,0,0.5123604536056519,1,1,0.2998805940151214,0,0,0.6249600052833557,1,0,0.3683065474033355,0,0,0.6618036031723022,0
2905c37bac1498f5d07b55ecd83bca43,27,0,0.4719426035881042,0,0,0.0741536170244216,0,0,0.5662373900413513,1,0,0.5619871616363525,0,0,0.7334749698638916,0
2936cdce12dc87bb180caac13060ac5f,27,0,0.5287480354309082,1,0,0.5850042104721069,1,0,0.3839156627655029,0,0,0.4292478263378143,0,0,0.4034269452095032,0
293c5203bc1aa6aed90bed875b06dda8,27,0,0.4251947104930877,0,0,0.3704548478126526,1,0,0.364467591047287,0,0,0.449541687965393,0,0,0.6294776201248169,0
293df7b3db7c3d58656e9169abffce81,27,1,0.740695059299469,1,0,0.1956172734498977,0,0,0.3464759588241577,0,0,0.9548110365867616,1,0,0.5290298461914062,0
294caa9ce5e9775c2ef2e3a256927584,27,0,0.6056998372077942,1,1,0.9742952585220336,1,0,0.8072178363800049,1,0,0.4255734980106354,0,0,0.7864092588424683,0
2974f5f19670bae016a24ad38bf9106e,27,0,0.5608074069023132,1,0,0.0305336751043796,0,0,0.2994461059570312,0,0,0.6125084161758423,0,0,0.6294237375259399,0
2979cd224774fef9c95a43c4f1e8e721,27,0,0.6262425184249878,1,0,0.4387972354888916,1,0,0.3345138728618622,0,0,0.2111579626798629,0,0,0.1377042084932327,0
2988971976e06066ddc6934ec6f29aa3,27,0,0.3562517762184143,0,0,0.0785992741584777,0,0,0.1966065615415573,0,0,0.6781811714172363,0,1,0.8852882385253906,1
298ba40fdf4ed6ad85ffd10748e805df,27,0,0.3139961361885071,0,0,0.0591318309307098,0,0,0.1697815060615539,0,0,0.2092873305082321,0,0,0.2544524371623993,0
299a26bc4cc1680b6d22047a5a7aca2a,27,0,0.2753130495548248,0,0,0.2329288870096206,0,0,0.0883065313100814,0,0,0.3114616274833679,0,0,0.1312542110681533,0
29a257cdeae837a1a080c969b40150a3,28,1,0.483539342880249,0,0,0.2456695288419723,0,0,0.2184949815273285,0,0,0.8444538712501526,1,0,0.5549668669700623,0
29b9c96e5b2af75325cad69a8ddab7c7,28,1,0.6600406765937805,1,0,0.0375716090202331,0,1,0.9237329363822936,1,0,0.8669926524162292,1,0,0.69514399766922,0
29c02ba2cb51e8cedbe8165049d37fa5,28,0,0.3069144487380981,0,0,0.0410395413637161,0,0,0.1545286029577255,0,0,0.5468524694442749,0,0,0.435474693775177,0
29d1fbd56a7ba8971054fa9d370e87da,28,0,0.2514663338661194,0,0,0.0065851062536239,0,0,0.1323915421962738,0,0,0.3252890110015869,0,0,0.503600537776947,0
29d5ed367182f9edefd323fc97f0edd6,28,0,0.1903543919324875,0,0,0.0849329829216003,0,0,0.0674168094992637,0,0,0.2321367859840393,0,0,0.0894303545355796,0
29fc11e345d3a084f33fda5c43686076,28,0,0.5478531718254089,1,1,0.7734733819961548,1,0,0.7041977643966675,1,0,0.3117706477642059,0,0,0.5886382460594177,0
2a0554b42dbf31adb9cd5b4d0b865b84,28,0,0.2732456028461456,0,0,0.0111827440559864,0,0,0.0343902595341205,0,0,0.2360663414001464,0,0,0.0721398591995239,0
2a1bf9e93ae38f5c230e5deed9db4182,28,0,0.39002326130867,0,0,0.0191559866070747,0,0,0.2162616997957229,0,0,0.3646126389503479,0,0,0.693621039390564,0
2a3e22dea097a54f357d2634ca9837a1,28,0,0.4213237762451172,0,0,0.4001150727272033,1,0,0.3115424513816833,0,0,0.2463355362415313,0,0,0.6886304616928101,0
2a48953e401d5a9375966491758310a0,28,0,0.386970579624176,0,0,0.2899637520313263,0,0,0.2884027063846588,0,0,0.5362493991851807,0,0,0.5195193886756897,0
2a59884092b4774790654f357628cd77,28,0,0.2666137516498565,0,0,0.7973694205284119,1,0,0.1955801546573639,0,0,0.315999686717987,0,0,0.1829574555158615,0
2a7079dd9e08df7d5ec7db974003d97a,28,0,0.4539524018764496,0,0,0.0024658732581883,0,0,0.2001517117023468,0,0,0.4589543640613556,0,0,0.5970156788825989,0
2a7272f9551b1b6248aba470735154aa,28,1,0.6366481184959412,1,0,0.0142009481787681,0,1,0.443533718585968,1,0,0.8336175084114075,1,0,0.8265828490257263,0
2a7a59327e473f50b0fa174fe0ba6d30,28,0,0.2140614986419677,0,0,0.0004722927114926,0,0,0.1159197762608528,0,0,0.43166583776474,0,0,0.46268230676651,0
2a80feb480fa5f90a50fdd5e2e89833c,28,0,0.3591115772724151,0,0,0.0061021707952022,0,1,0.2842046916484833,0,0,0.7617353796958923,1,0,0.8141480684280396,0
2a974dff02147c8c34b2e5f9f90c312f,28,0,0.3415048122406006,0,0,0.0083846626803278,0,0,0.0595358312129974,0,0,0.3064214289188385,0,0,0.1353774517774582,0
2aa1314e73226a5551d4e27f4925c967,29,1,0.8356156945228577,1,0,0.6357823610305786,1,0,0.6349352598190308,1,0,0.1708313822746276,0,1,0.2629600465297699,0
2aa621807bfa78b2fc36c1ca34962f1c,29,0,0.4009830057621002,0,0,0.5928176641464233,1,0,0.3357039093971252,0,0,0.4178983867168426,0,0,0.6046532392501831,0
2ab2b7040d46ac3babebb3eca1d92b0f,29,0,0.3035265505313873,0,0,0.0032117590308189,0,0,0.1206857934594154,0,0,0.3794651627540588,0,0,0.5729894042015076,0
2af8fdf7c60bd75e480f5d992841a301,29,0,0.2420481145381927,0,0,0.3951149582862854,1,0,0.0769276618957519,0,0,0.221013456583023,0,0,0.2368082404136657,0
2b004c4cb35e703a7b28d5f3d80ac310,29,0,0.3088275790214538,0,0,0.018276983872056,0,0,0.1163064837455749,0,0,0.3518584668636322,0,0,0.3281914591789245,0
2b096376f5a0f62d10847e5d6f540a41,29,0,0.4318154752254486,0,0,0.0988953933119773,0,0,0.435714840888977,1,0,0.4292258620262146,0,0,0.9015823602676392,1
2b2810284313c5547241b38668f67b2c,29,0,0.617953360080719,1,0,0.1255129128694534,0,0,0.4605573415756225,1,0,0.3273516893386841,0,0,0.8015750050544739,0
2b363efe261baca45b7b1033e1a6b7f1,29,0,0.7108816504478455,1,1,0.1800270974636078,0,1,0.9670015573501588,1,0,0.5091516971588135,0,0,0.3720571100711822,0
2b526a754c5cae80c2c45bc85ce95bb6,29,0,0.2363941669464111,0,0,0.0035855015739798,0,0,0.1134846210479736,0,0,0.4505036175251007,0,0,0.3696493506431579,0
2b7ee30a6af65e9d2915764004122b36,29,0,0.1352409273386001,0,0,0.0086566004902124,0,0,0.1215639114379882,0,0,0.5139088034629822,0,0,0.5156081318855286,0
2ba3fde405e8f849abba2c8e87857626,29,1,0.8289117217063904,1,1,0.6761868596076965,1,1,0.9444931745529176,1,0,0.6436346769332886,0,0,0.4949152767658233,0
2ba6db6ed664e2aacd6e274edb609ec1,29,0,0.5156381130218506,1,0,0.1005560085177421,0,0,0.3590602278709411,0,0,0.3742009997367859,0,0,0.6186848282814026,0
2bc8d5ac6ce8651f95b07a2753dcb04b,29,0,0.3434258103370666,0,0,0.0944757908582687,0,0,0.1096061915159225,0,0,0.2674624621868133,0,0,0.1492403447628021,0
2bcbfb940309bc9a3d7cce3378cc877c,29,0,0.4506836831569671,0,1,0.9834126234054564,1,0,0.6569812297821045,1,0,0.3195937573909759,0,0,0.5077827572822571,0
2bcf36484564a6ba7a1bda9c7ae96087,29,0,0.4520155787467956,0,0,0.0514725185930728,0,0,0.5850648880004883,1,0,0.4787599742412567,0,0,0.9136388301849364,1
2c46afc6145ab7743ca9828389a4d892,29,0,0.3434062004089355,0,0,0.5113199949264526,1,0,0.2640961110591888,0,0,0.5607936978340149,0,0,0.8076001405715942,0
2c779143ede5ab9248e40bd83d6b72bf,30,0,0.4442865550518036,0,0,0.0163847859948873,0,0,0.1721978783607483,0,0,0.1902984380722046,0,0,0.1831462383270263,0
2c833f17b079546235157db9e70304ef,30,0,0.3952943086624145,0,0,0.8391929268836975,1,0,0.3114881515502929,0,0,0.4324275255203247,0,0,0.4704187214374542,0
2cad63ccbc654b82534ba31070301835,30,0,0.6526293754577637,1,0,0.5067906379699707,1,0,0.490635335445404,1,0,0.4388334155082702,0,0,0.7712600231170654,0
2cbbb0c958dbc2f4d15171d1fc11ba2a,30,0,0.3379517197608948,0,0,0.022842850536108,0,0,0.3317347764968872,0,0,0.3684718608856201,0,0,0.8002116084098816,0
2ce93e10c745a4e18901ae37073bc29e,30,0,0.1746879965066909,0,0,0.0019343016901984,0,0,0.0158715732395648,0,0,0.0875152274966239,0,0,0.0147740766406059,0
2ce9d73f2f2b9809f54f5ced22abb25e,30,0,0.3246212601661682,0,0,0.0045770937576889,0,0,0.2287018895149231,0,0,0.3664104342460632,0,0,0.789445161819458,0
2d106d30e4ddce3aca77d00715c8a655,30,0,0.2453196197748184,0,0,0.0174573641270399,0,0,0.1452047973871231,0,0,0.4283534288406372,0,0,0.6254369616508484,0
2d2bf2587e5341d8e4ae9c24150efdd9,30,0,0.5678537487983704,1,0,0.3179869353771209,0,0,0.2953971326351166,0,1,0.7543643712997437,1,0,0.8278889656066895,0
2d4a0f76c837262f10a610d8b9c69e5f,30,0,0.4112974405288696,0,0,0.10611093044281,0,0,0.0905896052718162,0,0,0.3403380513191223,0,0,0.1002059429883956,0
2d746a6e9c35faa63f915f17405a7620,30,0,0.4187701940536499,0,0,0.342291384935379,0,0,0.4082973301410675,0,0,0.6658750772476196,0,0,0.9014533162117004,1
2d94fa68576a921838bdfec98d9a3767,30,0,0.314118355512619,0,0,0.0600248612463474,0,0,0.2958881556987762,0,0,0.6609356999397278,0,0,0.5354717969894409,0
2da8f014c4422d4cd59c05ff4518ae1b,30,0,0.4923150837421417,0,0,0.2217873036861419,0,0,0.3165398836135864,0,1,0.4031307697296142,0,0,0.5583981871604919,0
2df0a695053bb26243095e62b3c2cf2c,30,0,0.5075727701187134,1,0,0.0996632948517799,0,0,0.5030230283737183,1,0,0.4024472832679748,0,0,0.3381571173667907,0
2df2669e9b045feb28e5bf4b585f8d2c,30,0,0.3964455127716064,0,0,0.5017409920692444,1,0,0.3600756824016571,0,0,0.4492429792881012,0,0,0.6169072389602661,0
2e2f4e832dc3bd12ddd8d405cbf7fdf5,30,0,0.4083483219146728,0,0,0.2658932209014892,0,0,0.4712716341018677,1,0,0.4444203376770019,0,0,0.8325741291046143,0
2e585169bb0b0f7f6e4875b517f87259,30,1,0.4399274885654449,0,0,0.591450572013855,1,1,0.4734010100364685,1,0,0.8955942988395691,1,0,0.7500148415565491,0
2e65079841bd4b68a51facf322a72cb2,31,0,0.141636312007904,0,0,0.0127560654655098,0,0,0.0552675686776638,0,0,0.376735508441925,0,0,0.2961515784263611,0
2e7031642f0d951eda8e991c77c611c2,31,0,0.208285316824913,0,0,0.0049959658645093,0,0,0.2002370953559875,0,0,0.3473157584667206,0,0,0.7475392818450928,0
2e72c2566be0f82a09336a05d58499af,31,0,0.313671350479126,0,0,0.025548892095685,0,0,0.5016002058982849,1,0,0.4679199159145355,0,0,0.6207391619682312,0
2e73e92e0c1d60ebb2d9a342dd73c277,31,0,0.6867699027061462,1,0,0.3385330438613891,0,0,0.2572274208068847,0,0,0.6662638783454895,0,0,0.165724292397499,0
2eae70b57d68947a20d6d0cc8f9f2e58,31,1,0.4889879524707794,0,0,0.0324254296720027,0,0,0.640529453754425,1,1,0.7222151160240173,1,0,0.896237850189209,1
2ed178b03fe6156fa3f4985d16620094,31,0,0.2442044019699096,0,0,0.0293742921203374,0,0,0.3561431169509887,0,0,0.3932274580001831,0,0,0.7369805574417114,0
2edfac59a792f8bf27a0d5beead24c27,31,0,0.3006543815135956,0,0,0.5335394144058228,1,0,0.2520825862884521,0,0,0.3329491019248962,0,0,0.5947847366333008,0
2f2f368d580b179c65b6ad42f4d529f8,31,0,0.5519348382949829,1,0,0.7857689261436462,1,0,0.7281486988067627,1,0,0.4047636985778808,0,0,0.8582879900932312,0
2f3821fa3729d0814a5dc4890261fa51,31,0,0.3754067420959472,0,1,0.6789852380752563,1,0,0.4005168080329895,0,0,0.6886593103408813,1,0,0.6387106776237488,0
2f49fa57375e32c9d69f8205bd5b0a96,31,0,0.2813081443309784,0,0,0.0431263111531734,0,0,0.1131668016314506,0,0,0.4061944782733917,0,0,0.7331698536872864,0
2f629036ede0886b8a4eef89f6526fc6,31,0,0.2634087800979614,0,0,0.3419624865055084,0,0,0.1578129380941391,0,0,0.1648828983306884,0,0,0.0552648827433586,0
2f775125346cd62232d8e835794941c0,31,0,0.3909273445606231,0,0,0.0072534531354904,0,1,0.3398904502391815,0,0,0.4752705097198486,0,1,0.8035556077957153,0
2f8f4f988fd84809caf191477ebc05db,31,0,0.5757966637611389,1,0,0.5952365398406982,1,0,0.690472424030304,1,0,0.5788387060165405,0,0,0.4456590414047241,0
2f977e3238400bf52f146ed0eb3a57c1,31,0,0.4632794260978699,0,0,0.5839148163795471,1,0,0.2824115753173828,0,0,0.2219902575016021,0,0,0.6850570440292358,0
2fb8c4094b8bd6943407a071dfe6c73d,31,0,0.7181809544563293,1,1,0.6390884518623352,1,1,0.7361122369766235,1,0,0.4349705874919891,0,0,0.8206982612609863,0
2fcfb42d501dd9e3ca9fb94b532cf4de,31,0,0.3703366816043854,0,1,0.4588658213615417,1,0,0.1614370048046112,0,0,0.2094969004392624,0,0,0.2548809349536896,0
2fdc77728d36fdc8506d65520d2aa0d3,32,0,0.4482363164424896,0,1,0.901542901992798,1,0,0.5140130519866943,1,0,0.4125848710536957,0,0,0.594500720500946,0
2ff406f25425c2066fb57e7e534d1c90,32,0,0.3011109232902527,0,0,0.003356440924108,0,0,0.0710118114948272,0,0,0.2925647497177124,0,0,0.1806541234254837,0
2ff4d2a98e787e19d3b853df59493732,32,0,0.3272042870521545,0,0,0.0427532717585563,0,0,0.2942380011081695,0,0,0.4088877141475677,0,0,0.5451325178146362,0
3019aec706bd013e1e3348564fbfd086,32,0,0.4746089577674866,0,0,0.0194233451038599,0,1,0.450347363948822,1,1,0.8336599469184875,1,1,0.8195420503616333,0
3020abca19e8fa4bba62fe583f07050d,32,0,0.3433054089546203,0,0,0.2285354137420654,0,0,0.3097971677780151,0,0,0.5232393741607666,0,1,0.7931686043739319,0
3037b4ac894bd448153d3da7b700f79f,32,0,0.7057583928108215,1,1,0.3091504275798797,0,0,0.8311253786087036,1,0,0.6938568353652954,1,0,0.3837155997753143,0
30475d6d6e3d67d52fc9a1f568eb81e5,32,0,0.5066916942596436,1,0,0.4267738163471222,1,0,0.2821347117424011,0,0,0.4515201151371002,0,0,0.4977839887142181,0
3075716fb54707f068e0ecd8d687f799,32,0,0.2360769212245941,0,0,0.0274511948227882,0,0,0.0821966975927352,0,0,0.5784028172492981,0,0,0.3402506113052368,0
3075e85dda12262bc9e34a5bd518d226,32,0,0.3017378449440002,0,0,0.0194872468709945,0,0,0.1364241391420364,0,0,0.410759836435318,0,0,0.3950475752353668,0
3075ea62bfa39a295cbf419b9248401b,32,0,0.5577803254127502,1,0,0.1409121006727218,0,0,0.5168604850769043,1,0,0.8805283904075623,1,0,0.675294041633606,0
3097b40e5fe9ed1c66ef81dd98ecefec,32,0,0.2319855839014053,0,0,0.1939412355422973,0,0,0.3053741455078125,0,0,0.4797472059726715,0,0,0.46741983294487,0
309ea022e7179851582a662b97ca9ce4,32,1,0.5871919393539429,1,1,0.7472717761993408,1,0,0.5558205246925354,1,0,0.6491144895553589,0,0,0.829082190990448,0
30e41da3ce3686e6e105c8358aed4445,32,0,0.3061333298683166,0,0,0.0060089961625635,0,0,0.2185068875551223,0,0,0.4099341034889221,0,0,0.6895714998245239,0
31043d30ee29726c185d655800f025ec,32,0,0.2673077285289764,0,0,0.0257346034049987,0,0,0.0523479655385017,0,0,0.1818019300699234,0,0,0.0328961424529552,0
31109259018ccc4aefbc2083a608f032,32,0,0.4791743457317352,0,0,0.1126431077718734,0,0,0.4219635725021362,0,0,0.6049802899360657,0,1,0.7735342383384705,0
311301e3ac19b4b8eda85672e625b2e8,32,0,0.3886027038097381,0,0,0.1833305209875106,0,0,0.2879846692085266,0,0,0.5087889432907104,0,0,0.3425226211547851,0
31446c7e7cae2f7aac75a2a922643474,33,0,0.3567712306976318,0,0,0.0159940775483846,0,0,0.3577387630939483,0,0,0.3964686393737793,0,0,0.6142538189888,0
3185bd3972ec4bc6029fbfe00af919f0,33,0,0.415045291185379,0,0,0.1397796273231506,0,0,0.273355096578598,0,0,0.8851829767227173,1,0,0.6830947399139404,0
3198b14b43ec49fdb55d5fe3b03a56f3,33,0,0.446560651063919,0,0,0.0062042050994932,0,1,0.8055405616760254,1,1,0.7568758726119995,1,1,0.8500804901123047,0
31b4de538dd6272b05e295142c5ccc2a,33,0,0.3854144811630249,0,0,0.0449767857789993,0,0,0.4297260046005249,0,0,0.6076517701148987,0,0,0.7873559594154358,0
31ccf1b8a9992b055d0d26043eea3c30,33,0,0.3064483404159546,0,0,0.0442891754209995,0,0,0.2994641065597534,0,0,0.5153917074203491,0,0,0.4954341053962707,0
3210943635d98be46b4864dc5fae5079,33,0,0.3003313243389129,0,0,0.0028711066115647,0,0,0.2040956318378448,0,0,0.4259549081325531,0,0,0.7526583075523376,0
3215a7d4dc49d93b54635b85df536b8f,33,0,0.1993129402399063,0,0,0.0617320984601974,0,0,0.0787702277302742,0,0,0.2635229229927063,0,0,0.3293213844299316,0
3243c41d5e3fb5e6b0ea0f3092adaca5,33,0,0.3569564521312713,0,0,0.0198150388896465,0,0,0.0542431846261024,0,0,0.2575247287750244,0,0,0.3502233326435089,0
325fa15bdeaf8dfe6cf63a82fad30228,33,1,0.2805590629577636,0,1,0.1644375175237655,0,1,0.3628146648406982,0,0,0.802115797996521,1,0,0.7554193139076233,0
3274df5c70fba85244fd07f57dd95e3e,33,0,0.3705195188522339,0,0,0.0320137664675712,0,0,0.232658177614212,0,0,0.6229243278503418,0,0,0.2510956227779388,0
32761b596170dacbce163df97a5d935b,33,0,0.2148051410913467,0,0,0.0635227560997009,0,0,0.2529985308647156,0,0,0.4059183001518249,0,0,0.8343914747238159,0
327f8c6c13ad1a6efefd78409c9f2191,33,0,0.3685523271560669,0,0,0.0040416019037365,0,0,0.2215059846639633,0,0,0.446170836687088,0,0,0.8245887160301208,0
3297d4a571f2259e8699427999a79121,33,0,0.4846234917640686,0,1,0.7978262305259705,1,0,0.4213784635066986,0,0,0.2261500209569931,0,0,0.3717179298400879,0
32b33ed354f4f86cec0a90e53f584d58,33,0,0.5423052310943604,1,0,0.3210013210773468,0,0,0.2934475243091583,0,0,0.452840656042099,0,0,0.6721163988113403,0
32ce0ed98d68f9ed492aa9cdbe8a11fe,33,0,0.6051318645477295,1,1,0.3769412636756897,1,1,0.8387757539749146,1,0,0.4791502356529236,0,1,0.6848100423812866,0
32d6ac0696adc1f9c50d689a97925cf2,33,0,0.5180559754371643,1,0,0.0647300332784652,0,0,0.2812083661556244,0,0,0.567006528377533,0,0,0.3692649304866791,0
32f4fc5f09a10e5dd9bbdf35d7656fb6,34,0,0.3459968268871307,0,0,0.3112947344779968,0,0,0.2095725685358047,0,0,0.4889344274997711,0,0,0.4194573760032654,0
32f991e64870da55f30028f559545973,34,1,0.4333989918231964,0,0,0.0262645129114389,0,1,0.499666303396225,1,0,0.511033833026886,0,1,0.9125936031341552,1
330c8fe642a041f281f7e7cad8ac2f7c,34,1,0.4050304591655731,0,0,0.1248536929488182,0,0,0.889526903629303,1,0,0.5621959567070007,0,0,0.8173631429672241,0
3313b32f4a3d416440ef4509591ecc68,34,0,0.2279630452394485,0,0,0.0089974282309412,0,0,0.0860235095024108,0,0,0.3355022668838501,0,0,0.2528404891490936,0
331d6f73321a73102327f7cff11ec842,34,0,0.5764560103416443,1,0,0.500349760055542,1,0,0.4514415860176086,1,0,0.3873049318790436,0,0,0.5305877327919006,0
331dd7060c9d960473535fdd82355bb0,34,0,0.3642522990703583,0,0,0.0468194000422954,0,0,0.3113057911396026,0,0,0.8500391840934753,1,0,0.5375816822052002,0
33218cf183c1224a74ccfb514e827e15,34,1,0.7486526370048523,1,0,0.0106127830222249,0,0,0.7620421051979065,1,0,0.6449261903762817,0,0,0.2724882066249847,0
333feefeb39e5d2df1e5de640c82a9a4,34,0,0.2010714262723922,0,0,0.052754383534193,0,0,0.0278074294328689,0,0,0.1128218546509742,0,0,0.1380238384008407,0
33475eb6c08efe5e59c243813d3df10e,34,0,0.347238689661026,0,0,0.0312197431921958,0,0,0.2485263049602508,0,0,0.3145778179168701,0,0,0.6208779215812683,0
33710a9edd291057f356433bcb50a632,34,0,0.2735750675201416,0,0,0.0810386538505554,0,0,0.0931673422455787,0,0,0.3257132470607757,0,0,0.4844002425670624,0
33a621bb6474d8000c932ce489c4f734,34,0,0.2551992237567901,0,0,0.4587736427783966,1,0,0.1469179540872573,0,0,0.1912633776664734,0,0,0.2710166275501251,0
33c4b9d23a829868e1418362e4d94500,34,0,0.4907276332378387,0,0,0.0240199882537126,0,1,0.467913806438446,1,0,0.6397650241851807,0,0,0.7373373508453369,0
33d6c3efe631dbef8424df136efa9412,34,1,0.4684266149997711,0,0,0.0155243398621678,0,0,0.2647828757762909,0,0,0.3670575320720672,0,0,0.4332999885082245,0
33e9093de7567d13466efefda65aa682,34,0,0.2876304090023041,0,0,0.0134049765765666,0,0,0.0793467760086059,0,0,0.3183214962482452,0,0,0.2949413359165191,0
33ea04bbc65df11ddd004fbabc94b193,34,0,0.5201642513275146,1,1,0.9809078574180604,1,0,0.6964277029037476,1,0,0.3243204355239868,0,0,0.6611713767051697,0
33ef8fbf5f60047d375274a0a612119e,34,0,0.2758887708187103,0,0,0.1447918564081192,0,0,0.1454443037509918,0,0,0.3308037519454956,0,0,0.4491344094276428,0
33fb234fc2ad20c92d1a556d7c3eb916,35,1,0.4692553579807281,0,0,0.0665584206581115,0,1,0.8153634667396545,1,0,0.6239631772041321,0,0,0.6157563924789429,0
3401e0a653e4b1489ce0d770c0f3748b,35,0,0.1493401080369949,0,0,0.0024695496540516,0,0,0.0633945539593696,0,0,0.4372230172157287,0,0,0.2114032953977584,0
341f942a70c16113f7b1c93c9ca9afb1,35,0,0.5121320486068726,1,0,0.6968879103660583,1,0,0.3240435123443603,0,0,0.3365965485572815,0,0,0.4737035632133484,0
342ac977b5591f53b37f9fcce27bfa2c,35,0,0.5331116318702698,1,1,0.7465423345565796,1,0,0.7313204407691956,1,0,0.679853618144989,0,0,0.7829559445381165,0
342f1081f906354b4cca70450b27d32a,35,0,0.227788358926773,0,0,0.5215256214141846,1,0,0.151620864868164,0,0,0.4086757004261017,0,0,0.1743296086788177,0
3457c18599e510d039aa44c4c3d56e3c,35,0,0.3427089750766754,0,0,0.0646894723176956,0,0,0.157365396618843,0,0,0.5559002161026001,0,0,0.5135312080383301,0
35140570aec20f94b22429d00dc142e9,35,0,0.3081569969654083,0,0,0.0110372481867671,0,0,0.209071472287178,0,0,0.4584151208400726,0,0,0.9026834964752196,1
352ec28500e57fa5c87183f1eb83ffa0,35,0,0.3584236204624176,0,0,0.2482621967792511,0,0,0.1908907741308212,0,0,0.3445267677307129,0,0,0.5863663554191589,0
3533a82817c5bba65a24f2799679fb50,35,0,0.526699960231781,1,0,0.0131547236815094,0,0,0.1039714813232421,0,0,0.4276695251464844,0,0,0.395822525024414,0
35360687c230a5851d43ee95597d7b71,35,0,0.4037711918354034,0,0,0.4048766195774078,1,0,0.2678879797458648,0,0,0.5269516110420227,0,0,0.2471901178359985,0
353d7e4d7a4434ce27c7de1cd151423b,35,1,0.5532441139221191,1,0,0.0412365980446338,0,0,0.5743633508682251,1,0,0.4629498124122619,0,0,0.7107901573181152,0
3540f15d1d45917683cfc818416099ab,35,0,0.2784131467342376,0,0,0.5281174778938293,1,0,0.2174957245588302,0,0,0.4347667992115021,0,0,0.2097052633762359,0
35a7775073c28080ee57ce23585cf17b,35,0,0.2580207586288452,0,0,0.0037985639646649,0,0,0.2370381653308868,0,0,0.3497308492660522,0,0,0.8622599244117737,0
35d9d826e89a38a66484430f6ebf85c9,35,0,0.328785628080368,0,0,0.0206342693418264,0,0,0.0803002268075943,0,0,0.2109290510416031,0,0,0.0840128436684608,0
3600f42e5ab24a48e561618b5ecc125e,35,1,0.3223119378089905,0,1,0.1089197546243667,0,0,0.2581166625022888,0,0,0.56353360414505,0,0,0.1356283873319625,0
360d0940a6a47185b8fea2eccf1d639f,35,0,0.2441497892141342,0,0,0.0040775667876005,0,0,0.1014866828918457,0,0,0.6314177513122559,0,0,0.3815258741378784,0
360dbf51ef9e2c43f06cf3a853dffa3c,36,0,0.6276227235794067,1,0,0.0491208918392658,0,0,0.3802222311496734,0,0,0.6132946014404297,0,0,0.3212068378925323,0
3658d0751f708f6676dce25b328dccca,36,0,0.3738537430763244,0,0,0.0025004644412547,0,0,0.1688717901706695,0,0,0.3191713392734527,0,0,0.5304392576217651,0
366fb4e84d6940ea74267b32edbd1311,36,0,0.6397720575332642,1,0,0.2925385236740112,0,0,0.5407556295394897,1,0,0.195243626832962,0,0,0.2325532883405685,0
367d407eeafceb8dd55ee11f7e52b3d7,36,0,0.2753006219863891,0,0,0.1263825744390487,0,0,0.1991603523492813,0,0,0.4513782262802124,0,0,0.7333388924598694,0
3685798c0a54f17473262707013b594f,36,0,0.3712185025215149,0,0,0.2037829905748367,0,0,0.3474646508693695,0,0,0.3992911577224731,0,0,0.8395070433616638,0
3689f084f7fa4d0f6336cca39a224f22,36,0,0.1815223097801208,0,0,0.0536851026117801,0,0,0.1355935037136078,0,0,0.3281439840793609,0,0,0.4863635599613189,0
36a77e1a171a23bfd214fe07fc90ea2b,36,0,0.3707221150398254,0,0,0.1112871468067169,0,0,0.3313165307044983,0,0,0.5310823917388916,0,0,0.5824030637741089,0
36aa7cdf317c33edc514ef43814d4c9b,36,0,0.3016828596591949,0,0,0.0192187540233135,0,0,0.0817937180399894,0,0,0.2040860503911972,0,0,0.3296931982040405,0
36aec3c16185942a4925ed5f272156b1,36,1,0.4602873027324676,0,0,0.0338710658252239,0,1,0.7624805569648743,1,0,0.9264287948608398,1,1,0.8877710103988647,1
36b6cdc7fa471226b319816a0935d9a3,36,0,0.3342519104480743,0,0,0.2209140360355377,0,0,0.215537428855896,0,0,0.358476310968399,0,0,0.3820197284221649,0
36b6d2736b8b2ec5e60686e06a7199f8,36,0,0.6748208999633789,1,1,0.1784516274929046,0,0,0.7296353578567505,1,0,0.3976174294948578,0,0,0.7585484385490417,0
36b6d5f8f49d605ee5f27fbd80b96d5a,36,0,0.3060274720191955,0,0,0.0056802108883857,0,0,0.0994698703289032,0,0,0.3202948868274688,0,0,0.3819034993648529,0
36cb07063dd0f4f649e5f478d3ec2c72,36,0,0.3225397169589996,0,0,0.6928161382675171,1,0,0.4693523049354553,1,0,0.3749205768108368,0,0,0.8553975224494934,0
36cd56c10616e2089c21010d73d0df3b,36,0,0.3079334497451782,0,0,0.0020869253203272,0,0,0.1141990572214126,0,0,0.5032673478126526,0,0,0.5822194218635559,0
36eaf06f68d1f5eb34e2247a5ffabdb6,36,0,0.3829581439495086,0,0,0.0163683425635099,0,1,0.1488132327795028,0,0,0.7828930020332336,1,1,0.1101582944393158,0
36fc763ac49338f190eeb00404783331,36,0,0.4966157674789428,0,1,0.9082320928573608,1,0,0.4096972644329071,0,0,0.3181875944137573,0,0,0.4391964673995971,0
36ffc780ab3e684e32802143790e5ee1,37,0,0.3341281116008758,0,0,0.0271127671003341,0,0,0.1083732396364212,0,0,0.2641321122646332,0,0,0.1037709489464759,0
375230098adb78e73b6d162c9e30acd6,37,0,0.2160663455724716,0,0,0.0498740039765834,0,0,0.0951304212212562,0,0,0.3058638870716095,0,0,0.2584529817104339,0
378c5843d109c9f0bd82baa85b15dac8,37,0,0.2474932670593261,0,0,0.1185518056154251,0,0,0.131489485502243,0,0,0.3984364569187164,0,0,0.3647161424160003,0
379350d6cca599b6a09c5387c9160aad,37,0,0.4197621941566467,0,0,0.1586430668830871,0,0,0.3877901434898376,0,1,0.7851482033729553,1,1,0.9220906496047974,1
37bf1c43895b0e72e6e6c4de3040bfeb,37,0,0.6793546676635742,1,0,0.1805673390626907,0,1,0.3617797791957855,0,0,0.2958195209503174,0,0,0.7603479027748108,0
37c489f4e9b80a82bfec581082e14dd2,37,0,0.3903044164180755,0,0,0.1280449330806732,0,0,0.1831646561622619,0,0,0.4514348804950714,0,0,0.2424844205379486,0
37e7deb1b1895f2d2648781e426a3460,37,0,0.2907657921314239,0,0,0.3914143741130829,1,0,0.1204613149166107,0,0,0.3091647624969482,0,1,0.5922171473503113,0
37f45b3477ae15855f96dbe3f1f7f9c0,37,0,0.287465900182724,0,0,0.6604139804840088,1,0,0.2148281931877136,0,0,0.3809916973114013,0,0,0.3540683388710022,0
3826548c8fedb944bee4f6eaa5c2090e,37,0,0.2863659262657165,0,0,0.2003657966852188,0,0,0.1950309425592422,0,0,0.4211599230766296,0,0,0.6640849113464355,0
384ee8c20076c44adbe60bfe7e805869,37,0,0.4849255084991455,0,0,0.3031912744045257,0,0,0.3413268327713012,0,0,0.4208914041519165,0,0,0.6356807947158813,0
3857dfdfba3a8a401121776389818b72,37,0,0.3927218914031982,0,0,0.0927850231528282,0,0,0.3445049524307251,0,0,0.596567690372467,0,0,0.8871887922286987,1
3873c2297c6f237f67defb7ef1243a3a,37,0,0.7074254155158997,1,0,0.3764355182647705,1,0,0.3890687823295593,0,0,0.2066226601600647,0,0,0.1353925317525863,0
38ad783850c6ef47e04130ae94af93df,37,0,0.3958268761634826,0,0,0.0141663327813148,0,0,0.1880611777305603,0,0,0.2769961059093475,0,0,0.78633052110672,0
38ca9de33c512c71aa3094a151dd5368,37,0,0.3101754188537597,0,0,0.0076603703200817,0,0,0.1686601042747497,0,0,0.4149685204029083,0,0,0.8326519727706909,0
38d2d9277b7de0d843bb1b283e6814e9,37,0,0.2191438674926757,0,0,0.0170559864491224,0,0,0.1364857703447342,0,0,0.5645774006843567,0,0,0.7572687268257141,0
38d60e4b63eeca0de18a1539dc527c93,37,0,0.1755552738904953,0,0,0.0065852971747517,0,0,0.0527125932276248,0,0,0.2430729568004608,0,0,0.272628903388977,0
38fc380de74d2102e2087e7ba889fd44,38,0,0.5004024505615234,1,0,0.1343428045511245,0,0,0.1755634248256683,0,0,0.4479479193687439,0,1,0.6660245060920715,0
39077a997b195cfedd2287c9e9476b38,38,0,0.5035920143127441,1,1,0.1280012428760528,0,0,0.3525810241699219,0,0,0.6978693008422852,1,0,0.4369376301765442,0
3919111229e688f20ec426237af05162,38,0,0.23814657330513,0,0,0.0059444829821586,0,0,0.1001214757561683,0,0,0.5087645053863525,0,0,0.6682285070419312,0
395f2f015b69bcf2e58fcba55ecb6793,38,1,0.5257936716079712,1,0,0.0188750326633453,0,0,0.1949636042118072,0,0,0.3680139183998108,0,0,0.1687744408845901,0
3975d9bd8377d6cbf2fa92ca2efcfc39,38,0,0.3320824801921844,0,0,0.3594394028186798,0,0,0.2692342400550842,0,0,0.5828273296356201,0,0,0.562423825263977,0
3980fbd0f4f131b672d5dac9b4b044a0,38,0,0.2343478053808212,0,0,0.1558249294757843,0,0,0.1515404731035232,0,0,0.2140173316001892,0,0,0.7484239339828491,0
39949d5d2d8855e391b87d8a932b5aaf,38,1,0.4744633138179779,0,0,0.0082222511991858,0,0,0.4571931958198547,1,1,0.9407829642295836,1,0,0.7434150576591492,0
39af4d0dbe33277af4520b6bdee5e1b2,38,0,0.2870350480079651,0,0,0.0010091229341924,0,0,0.1854285150766372,0,0,0.5448659658432007,0,0,0.7547705769538879,0
39bd0688c096acd60756fc1a7ea39c3b,38,0,0.2929481267929077,0,0,0.1962147951126098,0,0,0.1639996767044067,0,0,0.5196268558502197,0,0,0.4681740999221802,0
39c1050099b63c29f6140e4eea23f8af,38,0,0.3205544054508209,0,0,0.0067959898151457,0,0,0.2157099992036819,0,0,0.4962597489356994,0,0,0.5819383263587952,0
39c48b218f46e9448e1f877de440faec,38,0,0.3388541936874389,0,0,0.2048355638980865,0,0,0.3513881266117096,0,0,0.264678418636322,0,0,0.3936598002910614,0
39d9ea42feb3af75ef0ea3dd91e7e1f5,38,0,0.3025438785552978,0,0,0.4285852313041687,1,0,0.2579492032527923,0,0,0.2870699167251587,0,0,0.4791755378246307,0
39ec5d4083b0ece455f7e87381bbc0a1,38,0,0.3712155222892761,0,0,0.0669430196285247,0,0,0.1960108280181884,0,0,0.6305373907089233,0,0,0.7296528816223145,0
39fb994092b2b3b96068fe06724af10e,38,0,0.2436970174312591,0,0,0.009445141069591,0,0,0.1716808229684829,0,0,0.3887418806552887,0,0,0.4761446714401245,0
3a0135174fe1bec08b8318fba4aa951c,38,0,0.3682315647602081,0,0,0.5735476613044739,1,0,0.2777133882045746,0,0,0.341748297214508,0,0,0.7217945456504822,0
3a14159e53495689a8b21a371aa54ef7,38,0,0.4140695929527282,0,0,0.0341112352907657,0,0,0.4170671999454498,0,0,0.4522223472595215,0,0,0.3102578222751617,0
3a443e2a67c5b0956e461a7fb853bf9e,39,0,0.5179545879364014,1,0,0.030801935121417,0,0,0.136891558766365,0,0,0.1487342715263366,0,0,0.0698447376489639,0
3a515d9ba5419a9f35dc382017d5e98e,39,0,0.3565370440483093,0,0,0.006186144426465,0,0,0.1831082552671432,0,0,0.3671412169933319,0,0,0.5999312996864319,0
3aa53ed6b890f65e41d2d359912626dd,39,0,0.3083298206329345,0,0,0.6003955006599426,1,0,0.2653534114360809,0,0,0.3387708067893982,0,0,0.7590165138244629,0
3aaaa45a86fd160e7c9907b98b8b6c79,39,0,0.3556964099407196,0,0,0.534681499004364,1,0,0.2160803228616714,0,0,0.6655260920524597,0,0,0.5682594776153564,0
3aaefe9e6128e0b34d206e0c86ef3e9c,39,0,0.4017801284790039,0,1,0.4230855703353882,1,0,0.3997403979301452,0,0,0.6404671669006348,0,0,0.7572125792503357,0
3ad213b03c666ce943479e847e102035,39,0,0.4012606739997864,0,0,0.0378885604441165,0,0,0.1478625386953354,0,0,0.3139762282371521,0,0,0.2048365324735641,0
3ad9881c5d75a15454c6c9336362fd46,39,0,0.2568252384662628,0,0,0.0085392501205205,0,1,0.1668365001678466,0,1,0.3569142818450928,0,0,0.528473973274231,0
3b55e52750fa2737857d05526f196b18,39,0,0.2185386270284652,0,0,0.003481201827526,0,0,0.2053056806325912,0,0,0.3428919017314911,0,0,0.6768509149551392,0
3b5957a38160102563037a3769a383be,39,1,0.7835635542869568,1,1,0.8738104104995728,1,1,0.9397966265678406,1,0,0.4714819490909576,0,0,0.3481327295303345,0
3b68bc60f5353a7f3a8c30a99ed5cc3f,39,0,0.468489795923233,0,0,0.0158192533999681,0,0,0.2624655663967132,0,0,0.5792366862297058,0,0,0.8296337127685547,0
3b742aa4d975709f2dada47203639704,39,0,0.2047470510005951,0,0,0.0114591773599386,0,0,0.1482969671487808,0,0,0.2987829744815826,0,0,0.2695944905281067,0
3b74377f53c13dcfcb252294fbc70dde,39,0,0.4520657360553741,0,1,0.104658342897892,0,0,0.3210702240467071,0,0,0.3683039247989654,0,0,0.1874736547470092,0
3b9dc61181ac4c1d78d2ad1431a75a9e,39,0,0.301926702260971,0,0,0.1019201576709747,0,0,0.1675779968500137,0,0,0.3024269938468933,0,0,0.2163942456245422,0
3ba1428b5a468133d0b75b0418514c23,39,0,0.2426342666149139,0,0,0.0225748661905527,0,0,0.2820889353752136,0,0,0.2538639008998871,0,0,0.6055611371994019,0
3bbdbcb655e1cedc451d96b4ab3cf4e0,39,0,0.7333046793937683,1,1,0.6321648359298706,1,0,0.7685800194740295,1,0,0.3493914306163788,0,0,0.4948014914989471,0
3bde9f07f146da27d795709456f6ab17,39,0,0.34424689412117,0,0,0.0792010575532913,0,0,0.1694517135620117,0,0,0.3457178175449371,0,0,0.5591585636138916,0
3be17a7a8e451ec0fb71ef3b8efa9425,40,0,0.3716073930263519,0,0,0.044658213853836,0,0,0.0555745996534824,0,0,0.051563411951065,0,0,0.0385849475860595,0
3beb39b65b26ffb9b93e9f12dd5f07d0,40,1,0.3797815442085266,0,0,0.1284871846437454,0,0,0.4730692505836487,1,1,0.6498328447341919,0,1,0.6650246977806091,0
3c0da76eb43946a1f718198ef00bea1a,40,0,0.257216215133667,0,0,0.4760019481182098,1,0,0.0895206108689308,0,0,0.2313503921031952,0,0,0.0942681729793548,0
3c134ccada9f182596bf6107b0dabb8d,40,0,0.18809774518013,0,0,0.001552686560899,0,0,0.0727763622999191,0,0,0.4043141901493072,0,0,0.2407663613557815,0
3c22b17493566a9bca5ac33f0cd0b42f,40,0,0.3573257625102997,0,1,0.1454917639493942,0,0,0.2939439117908478,0,0,0.6041415929794312,0,0,0.8560497760772705,0
3c2cf7dee8ad4b5b2921c65cc2524ce6,40,0,0.4287517964839935,0,1,0.0854714661836624,0,0,0.4712324142456054,1,0,0.4304660558700561,0,0,0.8364739418029785,0
3c40a353f341731f92fbfe963242e4e7,40,0,0.5781413912773132,1,0,0.2127213329076767,0,0,0.4429285526275635,1,0,0.2766579687595367,0,0,0.7214722037315369,0
3c4375177b66fa5e8914d22b1556dd48,40,0,0.2211360782384872,0,0,0.0023928757291287,0,0,0.0341654755175113,0,0,0.2099883705377578,0,0,0.0281908940523862,0
3c507def3894eeaba8be81a1e2cf1f38,40,1,0.5006791949272156,1,1,0.9137223362922668,1,0,0.5646222233772278,1,0,0.3141141235828399,0,0,0.6024823188781738,0
3c620ca6be5c87ad9f167e85b43defc2,40,0,0.2220836579799652,0,0,0.2742387056350708,0,0,0.2034007906913757,0,0,0.4241493940353393,0,0,0.2339526265859604,0
3c6f70f56258cad13d74e7f17da1c7c5,40,0,0.488893061876297,0,0,0.8391383290290833,1,0,0.3366505205631256,0,0,0.3901535272598266,0,0,0.3221804797649383,0
3c8a5906888ab86560daf594daf3b3c2,40,0,0.2733931541442871,0,0,0.678841769695282,1,0,0.2087016254663467,0,0,0.383507639169693,0,0,0.244987815618515,0
3c948bc922d30f6c7ed39df29f5cd989,40,0,0.5823233723640442,1,0,0.5330979228019714,1,0,0.2442898005247116,0,0,0.0999583303928375,0,0,0.05786694586277,0
3ca907c03b1409d8a703591f6ca7882e,40,0,0.3174472749233246,0,0,0.2849505245685577,0,0,0.2946862578392029,0,0,0.2887759804725647,0,0,0.5388352274894714,0
3cb7123b676ed1963d77850bfe185482,40,0,0.3735268712043762,0,0,0.1791845709085464,0,0,0.1661009639501571,0,0,0.2651176154613495,0,0,0.2950228154659271,0
3cc3637e5b01e1fb105326b58dfc7fa2,40,0,0.4255164861679077,0,0,0.1598817110061645,0,0,0.0966518223285675,0,0,0.2949775755405426,0,0,0.3025203347206116,0
3cc51f95d2d193e231d6cdab5b423243,41,0,0.1844992488622665,0,0,0.0250874124467372,0,0,0.0580564737319946,0,0,0.2512299716472626,0,0,0.253176599740982,0
3ccbd8fd3eadbf3f0bef8e091a5ea5b5,41,0,0.4910667240619659,0,0,0.4030864238739013,1,0,0.1922895610332489,0,0,0.3649428188800812,0,0,0.4421691298484802,0
3cdcf9e3f1b8d011d20f4c1c779851ee,41,0,0.2668837606906891,0,0,0.2551762461662292,0,0,0.2737465798854828,0,0,0.23517906665802,0,0,0.3843600451946258,0
3cfb5f7af41ff012658cb64ebf82e84f,41,0,0.5140208601951599,1,1,0.8770272731781006,1,0,0.6494408845901489,1,0,0.6037731766700745,0,0,0.6347731947898865,0
3cfc0bb78ca18773c9ec91ad9bbe3d4d,41,0,0.2287031412124633,0,0,0.2776567041873932,0,0,0.0759140625596046,0,0,0.2492282688617706,0,0,0.2505444288253784,0
3cff8dcf3354f5ed794061627d7d24a7,41,0,0.2302763760089874,0,0,0.4554441571235657,1,0,0.1378851681947708,0,0,0.2122546285390854,0,0,0.4047901928424835,0
3d26f5e39259810fb7a332f50bd9d867,41,0,0.4686609804630279,0,0,0.6674659252166748,1,0,0.3158310651779175,0,0,0.2467371225357055,0,0,0.2046147882938385,0
3d281a2a2c78f8e0713166ed125a183a,41,0,0.5033090710639954,1,0,0.5757061243057251,1,0,0.1985263228416443,0,0,0.1131852492690086,0,0,0.0725306719541549,0
3d31da3e8d49304c7752e3522b0e3a9f,41,0,0.5342248678207397,1,0,0.1404440104961395,0,0,0.2138021737337112,0,0,0.3419674634933471,0,0,0.1768495738506317,0
3d4c07ae432d5834781d532d833d75ac,41,0,0.4803257584571838,0,0,0.1935235559940338,0,0,0.293533444404602,0,0,0.3797671794891357,0,0,0.6643471717834473,0
3d53b9b699cfec21262399ebd558f2cf,41,0,0.361098051071167,0,0,0.5762209296226501,1,0,0.3801366686820984,0,0,0.3458331227302551,0,0,0.3318003714084625,0
3d718e505b0ee17de0f2e821eba38eef,41,0,0.1822982430458068,0,0,0.0268647149205207,0,0,0.0471198186278343,0,0,0.2585619986057281,0,0,0.0637997761368751,0
3d88da32e0b7971e4f1bb1aa684a038a,41,1,0.5145087242126465,1,1,0.1378117948770523,0,0,0.4804221987724304,1,1,0.7522999048233032,1,0,0.6254953145980835,0
3d91a84170a65127a0d998987962dd07,41,0,0.3512243926525116,0,0,0.0283301640301942,0,0,0.2420234084129333,0,0,0.4240944981575012,0,0,0.8510615229606628,0
3d92749a082bc9206b4ba07779853e00,41,0,0.2691640853881836,0,0,0.2665973305702209,0,0,0.1709401160478592,0,0,0.2594736516475677,0,0,0.5852622985839844,0
3db534bf69409b385d0278eb677d9b62,41,0,0.2699786126613617,0,0,0.0100080370903015,0,0,0.2669479250907898,0,0,0.8403370976448059,1,0,0.882719874382019,1
3db61dfe06d558636a4027e6b35ea820,42,0,0.3520640730857849,0,0,0.3291711807250976,0,0,0.5022192597389221,1,0,0.6029446125030518,0,0,0.6329628825187683,0
3dcc30d354b4502eb28e3dfbc697756b,42,0,0.4261729717254638,0,0,0.0004802729818038,0,0,0.3005188405513763,0,0,0.5247476696968079,0,0,0.6109174489974976,0
3dd50dfa4f67ff1c2e0fc6af3c165fa6,42,0,0.4910522401332855,0,0,0.2986361086368561,0,0,0.3158785402774811,0,0,0.3476447463035583,0,0,0.7765898704528809,0
3e00c13e8222abbd2c177f4d95d6d718,42,0,0.2977233231067657,0,0,0.781923770904541,1,0,0.226087599992752,0,0,0.1175098344683647,0,0,0.0937783345580101,0
3e15991154a164d30bb9fbbb29fe437c,42,0,0.3482445478439331,0,0,0.0955120176076889,0,0,0.3981389701366424,0,0,0.4361303448677063,0,0,0.7469966411590576,0
3e34595ad37ca0b7b2658b09792c9b04,42,0,0.4141014814376831,0,0,0.1388126909732818,0,0,0.2453252971172332,0,0,0.4173101186752319,0,0,0.7418802380561829,0
3e41c27c6bd34d990b4b4c33f9920342,42,0,0.3165614604949951,0,0,0.0190219152718782,0,0,0.2069769352674484,0,0,0.3271943032741546,0,0,0.7227112054824829,0
3e86f7a0078799279f334db4074f109e,42,0,0.3711495995521545,0,0,0.0097151268273592,0,1,0.2754898071289062,0,0,0.7773094177246094,1,1,0.7477324604988098,0
3e90adc40cb10bf9f49d34c6d54ba50c,42,0,0.3391768932342529,0,0,0.3770011663436889,1,0,0.1533983498811721,0,0,0.2881642878055572,0,0,0.51450514793396,0
3ea9f49ba17cbf6865a29bcb8d01b3b6,42,0,0.3840714693069458,0,0,0.1677769273519516,0,0,0.2309971451759338,0,0,0.5299232602119446,0,0,0.7480996251106262,0
3ec25a3d86136b2b3df04179d7118525,42,0,0.2740168273448944,0,0,0.0149774746969342,0,0,0.2187978029251098,0,0,0.3140769600868225,0,0,0.6829774379730225,0
3edd2755894c91c8ab38a9ef7ddb7985,42,0,0.410655677318573,0,0,0.0714585408568382,0,0,0.4117835760116577,0,0,0.362762987613678,0,0,0.3650305569171905,0
3eeac231c839fbc52b79514b34330663,42,0,0.3830399513244629,0,0,0.7429640889167786,1,0,0.2891087830066681,0,0,0.6540453433990479,0,0,0.5209676027297974,0
3ef5a2d445ede454793f144d462faaab,42,1,0.7389814257621765,1,0,0.7305590510368347,1,0,0.4896067082881927,1,1,0.7879378795623779,1,0,0.6786407828330994,0
3f1244037d78cc260defbde5720024c2,42,0,0.1692318469285965,0,0,0.053871527314186,0,0,0.0788163095712661,0,0,0.2881660163402557,0,0,0.2911260724067688,0
3f2dcbb885cf38e7b07d29785d81215e,42,0,0.1700993776321411,0,0,0.0012536974390968,0,0,0.0765544921159744,0,0,0.7371237277984619,1,0,0.2550480961799621,0
3f311e13697f83d41f55f079232fe7ee,43,0,0.3560423851013183,0,0,0.0584126710891723,0,0,0.2153563052415847,0,0,0.2546157240867615,0,0,0.5351434946060181,0
3f51f6bbad915b2d088bdceea490f3ff,43,0,0.4471496045589447,0,0,0.0266395695507526,0,0,0.5247793793678284,1,0,0.6947333216667175,1,1,0.8885682225227356,1
3f6b6e7041b06528c5629fb7de92d61e,43,0,0.2144542038440704,0,0,0.1105507686734199,0,0,0.0668930858373642,0,0,0.1629392206668853,0,0,0.1649933755397796,0
3f6fcfdcea0e6450a2c953c1768f0297,43,0,0.6024504899978638,1,0,0.216381162405014,0,0,0.2393622547388076,0,0,0.1403844207525253,0,0,0.0657264813780784,0
3f76b4107e59e33bfded211d2f95d4f4,43,0,0.2864478528499603,0,0,0.5616821050643921,1,0,0.1471116244792938,0,0,0.1813324987888336,0,0,0.4258268177509308,0
3fa43c464676da99ca6e09a17a40aa6d,43,0,0.3194585740566253,0,0,0.010091776959598,0,0,0.2834214866161346,0,0,0.3836996853351593,0,0,0.1666773408651352,0
3fb7243f97d1493015a5f3cb880d8e4a,43,0,0.3400952219963074,0,0,0.0014395506586879,0,0,0.3460591435432434,0,0,0.7019344568252563,1,0,0.8585651516914368,0
3fc0d536d17610d6811d9c725999e25e,43,0,0.2277962565422058,0,0,0.3380397260189056,0,0,0.1928275972604751,0,0,0.4741666913032532,0,0,0.6664062738418579,0
3fd3c7e4f7012ea21a2f8eba496c6748,43,0,0.5388146042823792,1,0,0.2826403975486755,0,0,0.4142323732376098,0,0,0.3029591143131256,0,0,0.2766957879066467,0
3fe12c24bee9c864bf65441b49a53d79,43,0,0.461713582277298,0,0,0.4003832936286926,1,0,0.2229366302490234,0,0,0.2519752979278564,0,0,0.0739719122648239,0
3fe3f892de3a3927f933a3d2b20f4ff0,43,0,0.5604574084281921,1,0,0.1702782958745956,0,0,0.3734841644763946,0,1,0.8627550601959229,1,0,0.5048733949661255,0
3ff458f907610a9eae3130e961a8e3f4,43,0,0.4852016270160675,0,0,0.0086808027699589,0,0,0.4577478170394897,1,0,0.3713406324386596,0,0,0.8624572157859802,0
3ffc3654b8342c68038a2249787f87e9,43,0,0.577923595905304,1,0,0.3806179463863373,1,0,0.2690947651863098,0,0,0.2556993961334228,0,0,0.6487544775009155,0
4000dc950b3d2e3065762471378692eb,43,0,0.2050395756959915,0,0,0.0030973302200436,0,0,0.1462042033672332,0,0,0.2271828055381775,0,0,0.459957093000412,0
402d2d78d516f7a6899b25ae6f6b7b91,43,0,0.3656706511974334,0,0,0.0060112467035651,0,0,0.1092754080891609,0,0,0.1766396015882492,0,0,0.1632124781608581,0
40393027d73d1c04bb8b5c49044b4526,43,0,0.7041370868682861,1,0,0.2156757861375808,0,0,0.700877845287323,1,0,0.6502608060836792,0,1,0.2678759396076202,0
40497da14aafc428210b623fc8445288,44,0,0.6524098515510559,1,1,0.9325610995292664,1,0,0.6581044793128967,1,0,0.2910107672214508,0,0,0.6054818034172058,0
4053e50a3f75691a16343ebf9c7d602d,44,0,0.2991150617599487,0,0,0.5710368156433105,1,0,0.3250956833362579,0,1,0.6823326945304871,1,0,0.6875289678573608,0
4055ab5787f624b27978cc8e612e09a0,44,0,0.2415431439876556,0,0,0.161288633942604,0,0,0.1802257746458053,0,0,0.2961368560791015,0,0,0.3658127784729004,0
407a0f9b955a811bd3dbb459a8ac7576,44,0,0.2075075209140777,0,0,0.0149577194824814,0,0,0.1045655608177185,0,0,0.3256821930408478,0,0,0.5367060899734497,0
40b1af8c67e6b4610dd91b5230cb9115,44,1,0.4121710360050201,0,1,0.1160300150513649,0,0,0.6715096831321716,1,0,0.7142150402069092,1,0,0.9004650115966797,1
40b2a81a852f7138879e5d0ba0a7ebc4,44,0,0.3294740617275238,0,0,0.4283657670021057,1,0,0.2654085457324981,0,0,0.4558811485767364,0,0,0.7159188985824585,0
40cd10b8770cee353b0ae6a8192097ab,44,0,0.2822346687316894,0,0,0.0321835987269878,0,0,0.4530963599681854,1,0,0.3662934601306915,0,0,0.704862117767334,0
40e58b0a128f657aec8d842c93ce17de,44,0,0.2390514463186264,0,0,0.0516151934862136,0,0,0.3158608675003052,0,0,0.3778542578220367,0,0,0.4908852279186249,0
40fb4c33b5cd086ae3eb5a38a6079fa2,44,1,0.6998094320297241,1,0,0.0173879135400056,0,0,0.2144355922937393,0,0,0.8817234039306641,1,0,0.1052012741565704,0
410d67ef44a7845ca56750960a4b6fed,44,0,0.3571978211402893,0,0,0.0316571369767189,0,0,0.1251392364501953,0,0,0.3556777238845825,0,0,0.1596620976924896,0
4112f6a0a3a7509212801f2b3132dfda,44,0,0.2782227396965027,0,0,0.3294605612754822,0,0,0.1635245382785797,0,0,0.2757826149463653,0,0,0.302741676568985,0
41143299da79b12a5a6d8c4456c68aa7,44,0,0.2764914631843567,0,1,0.8857250213623047,1,0,0.3020041286945343,0,0,0.3968210518360138,0,0,0.4048734903335571,0
411760e414f0c79aab25be4a934c49e1,44,0,0.2747462689876556,0,0,0.3252177238464355,0,0,0.1786913424730301,0,0,0.3154915571212768,0,0,0.2577121257781982,0
4142d115b7a7ce897049a13509e2eb37,44,0,0.3038224577903747,0,0,0.0143698435276746,0,0,0.2062447220087051,0,0,0.2237115502357483,0,0,0.2800129950046539,0
415bbe6901d71d5065322601c47544df,44,0,0.1732064932584762,0,0,0.0023256284184753,0,0,0.0353877954185009,0,0,0.1870592087507248,0,0,0.1067849919199943,0
415fe8e39c0546ff191f8e33888f09d4,44,0,0.2021207511425018,0,0,0.0084709534421563,0,0,0.2158573716878891,0,0,0.3226639628410339,0,0,0.5429408550262451,0
419aa74d3b1447debce1775ba7084c29,45,0,0.2960470914840698,0,0,0.0736884400248527,0,0,0.0934074446558952,0,0,0.3447971045970917,0,0,0.3688160181045532,0
41d4c2e74a9e1a602539687646bb1851,45,0,0.3289344012737274,0,0,0.0374397449195385,0,0,0.144775316119194,0,0,0.220269039273262,0,0,0.4269562661647796,0
41e182efd77dc26282b2fffb91ddea9c,45,0,0.6598904728889465,1,1,0.0686143189668655,0,0,0.5420371294021606,1,0,0.4372959434986114,0,0,0.8010109663009644,0
42182063da0162c48411742e08e48d2c,45,0,0.2967515885829925,0,0,0.0073228441178798,0,0,0.3031782805919647,0,0,0.5977140069007874,0,0,0.7971197962760925,0
421efe81b01f6724524502d4337d9435,45,0,0.3570452928543091,0,0,0.452793151140213,1,0,0.1484108865261078,0,0,0.2877172529697418,0,0,0.2344549894332885,0
4237ca5336f5d9aae908608e00b0ff4b,45,0,0.3976748883724212,0,0,0.0547103136777877,0,0,0.2128492593765258,0,0,0.4380314946174621,0,0,0.6889805197715759,0
42480dff233be45d4fdca62069ea267f,45,0,0.5242898464202881,1,0,0.4313324093818664,1,0,0.2871606051921844,0,0,0.404570609331131,0,0,0.456402063369751,0
42866ae76e629e8a612a5898ad377afb,45,0,0.3617793023586273,0,0,0.2603562772274017,0,0,0.1638232916593551,0,0,0.5902983546257019,0,0,0.2876977324485779,0
4293c777d8e33cc6d4d6d7f2c72ff43f,45,0,0.2938976287841797,0,0,0.2726617157459259,0,0,0.2126537412405014,0,0,0.4649176597595215,0,0,0.7296916842460632,0
42a70465f4b5859407233bb00aa64e7a,45,0,0.271462470293045,0,0,0.1739432662725448,0,0,0.3246912062168121,0,0,0.1914847493171692,0,0,0.5544732213020325,0
42d7070a36e7edfa295f9aea2f472e6b,45,0,0.2812047302722931,0,0,0.6358342170715332,1,0,0.3361934125423431,0,0,0.3712909519672394,0,0,0.6141801476478577,0
42da2c134b53cb5594774d3d29faac59,45,0,0.4044761955738067,0,1,0.8445059061050415,1,0,0.3973604440689087,0,0,0.5722463726997375,0,0,0.6709320545196533,0
42f425197ab0ba67f0ec8da9d9f57c9f,45,0,0.5545316934585571,1,0,0.0246298592537641,0,0,0.6619738340377808,1,0,0.3773576617240906,0,0,0.8098322749137878,0
4317ccff1c5ab145abf05130c49402b0,45,0,0.3844088912010193,0,0,0.5326762795448303,1,0,0.2573857009410858,0,0,0.4495709836483001,0,0,0.3597983419895172,0
4336126559df623f417e0cce8658d834,45,1,0.6527484655380249,1,1,0.1090967133641243,0,1,0.865105152130127,1,0,0.6746041178703308,0,0,0.4889365434646606,0
435ab3812fb181923346ede78dd5b9a1,45,0,0.5166569352149963,1,0,0.2292688488960266,0,0,0.230795606970787,0,0,0.3304527699947357,0,0,0.7061969637870789,0
435c653f95dd47326063ff145a0fa82e,46,1,0.6175631284713745,1,0,0.0412443913519382,0,0,0.751164436340332,1,0,0.8412193059921265,1,1,0.5869728326797485,0
436088e347319cbffc494a8d24005299,46,0,0.3312800526618957,0,0,0.5465879440307617,1,0,0.2907337546348572,0,0,0.6766509413719177,0,0,0.4080497324466705,0
436bfe4e723272edcfe1cd8c85bd37a0,46,0,0.1648021638393402,0,0,0.0895861834287643,0,0,0.1737606823444366,0,0,0.4865134954452514,0,0,0.4317723214626312,0
4378b6e8a912d95d9eadeff7b3b9a48e,46,0,0.5573208928108215,1,0,0.3054261803627014,0,0,0.242034837603569,0,0,0.2544246613979339,0,0,0.0865115523338317,0
439dc69a4c208bef639794335fc7e8aa,46,1,0.4506690800189972,0,1,0.5696368217468262,1,0,0.4712526500225067,1,1,0.6254597306251526,0,0,0.7255331873893738,0
43a5c26c8ab3300f0848b4b1ebb197f6,46,0,0.3614863753318786,0,0,0.0844662338495254,0,1,0.327849805355072,0,1,0.5971601009368896,0,0,0.8547115921974182,0
43e2eabebfa4a1545c0d5520a7435ca3,46,0,0.3955737352371216,0,0,0.1481556147336959,0,0,0.4005753993988037,0,0,0.2967773079872131,0,0,0.70030677318573,0
43f22c9287a262c3621ee246b6153a1b,46,0,0.2072009444236755,0,0,0.0239914394915103,0,0,0.300607293844223,0,0,0.3887681365013122,0,0,0.64715576171875,0
43f2bfe06c7c0bed1ea56abd891c46c1,46,0,0.1989506036043167,0,0,0.4282788038253784,1,0,0.1297133862972259,0,0,0.2316498458385467,0,0,0.498570829629898,0
43f36cac2950bc05f18187f0b1a7670e,46,0,0.3903018534183502,0,0,0.1274548321962356,0,0,0.1223323047161102,0,0,0.5737606287002563,0,0,0.3422339558601379,0
440a93a65ecad8a5b0f77db19d5e8fb4,46,0,0.2273055166006088,0,0,0.0325031876564025,0,0,0.0976039171218872,0,0,0.4110762178897857,0,0,0.6381386518478394,0
4419786026e61be0d0cc38481e6d4a6f,46,0,0.1906909942626953,0,0,0.0137177566066384,0,0,0.0277237351983785,0,0,0.1665731072425842,0,0,0.0863827243447303,0
441e33ddef587e66391d3560e975b045,46,0,0.4656549394130707,0,0,0.1607509553432464,0,0,0.2557961642742157,0,0,0.5204508304595947,0,0,0.7442044615745544,0
442e1e71a3b1c97fe654fc7439119534,46,0,0.5401071310043335,1,0,0.1888519823551178,0,0,0.261649489402771,0,0,0.1677256375551223,0,0,0.2128905951976776,0
445968a410422d687217c1f21fddf8b9,46,0,0.2748718857765198,0,0,0.2996468245983124,0,0,0.0762110352516174,0,0,0.3916103541851043,0,0,0.5507073402404785,0
44666fb9bad75f506a8fdff1e34b8fa6,46,0,0.2421996444463729,0,0,0.3450038135051727,0,0,0.1234767436981201,0,0,0.2764040231704712,0,0,0.3796918392181396,0
448408b2da910f68f956ba77db83bf7f,47,1,0.4558511674404144,0,0,0.0105827637016773,0,0,0.7712709307670593,1,0,0.6358984112739563,0,1,0.8350180387496948,0
449090e7c3df33a02d8f935a57af7f74,47,0,0.4935160279273987,0,0,0.421017050743103,1,0,0.4506042301654815,1,0,0.4388740062713623,0,0,0.7880037426948547,0
44a4ac9c03955122caf8db97ae2fcec6,47,0,0.4612648487091064,0,0,0.4226360023021698,1,0,0.1739100068807602,0,0,0.3712005317211151,0,0,0.6851418614387512,0
44a61046e125f744ab317d7a463fbd9b,47,0,0.2009638994932174,0,0,0.0013749570352956,0,0,0.0847261995077133,0,0,0.3778396248817444,0,0,0.6629356741905212,0
44e38e19f2d5fa89ebc805b4e4249f4a,47,0,0.4153190851211548,0,0,0.0526228696107864,0,0,0.2306758314371109,0,0,0.32569220662117,0,0,0.4351583421230316,0
455955fc58bafe84b70a4e92384cc07c,47,0,0.4085986018180847,0,0,0.0472344458103179,0,0,0.2612412571907043,0,0,0.8578080534934998,1,0,0.6190663576126099,0
4567d789f16f8cad11b2e53f4b808256,47,0,0.4447839856147766,0,0,0.0148057816550135,0,0,0.1312523931264877,0,0,0.4852961599826813,0,0,0.2887641489505768,0
456a10d48cab2f63322322daa2c40fde,47,0,0.7783884406089783,1,0,0.1232416257262229,0,1,0.4726827442646026,1,0,0.2866103053092956,0,1,0.150123119354248,0
458dba2869d82b94f34858fc0e9d420d,47,0,0.4138462543487549,0,0,0.2531038522720337,0,0,0.2205205112695694,0,0,0.5500999093055725,0,0,0.4296064376831054,0
458df830e90722a42a663360024ec00c,47,0,0.3126262724399566,0,0,0.0024822519626468,0,1,0.4601055085659027,1,0,0.2554504573345184,0,0,0.8412616848945618,0
4593b44cd46a5ec9c8f341a16ddcba07,47,0,0.387438029050827,0,0,0.1108419224619865,0,0,0.090100385248661,0,0,0.2964617311954498,0,0,0.3232431709766388,0
4597cf072dafa598c3396af5b395da05,47,0,0.3714761137962341,0,0,0.124607041478157,0,0,0.1351859420537948,0,0,0.5264829993247986,0,0,0.2316619455814361,0
45a67b52deef6d917675de9efcace27d,47,0,0.3857885897159576,0,0,0.0520148612558841,0,0,0.1040183901786804,0,0,0.2029788196086883,0,0,0.13297139108181,0
45ca9eddff39ca3e252551cc283779d0,47,0,0.3281992375850677,0,0,0.0318868495523929,0,0,0.6418168544769287,1,0,0.4032023847103119,0,0,0.3935957252979278,0
45d1c2d9c830ed7a526cdad0d908397a,47,0,0.3528023958206177,0,0,0.0555809214711189,0,0,0.2148847877979278,0,0,0.406094342470169,0,0,0.7910233736038208,0
45db750ac1e7ebdaaba5b1079f06094a,47,0,0.3257617354393005,0,0,0.0008512584608979,0,1,0.4944186806678772,1,0,0.50617915391922,0,0,0.8499345779418945,0
45dbcf1210bda737de385640e0635deb,48,0,0.616640567779541,1,1,0.8555177450180054,1,0,0.5102111101150513,1,0,0.4656158089637756,0,0,0.7123960256576538,0
45f407b266655c8d3faf9bd6faa9a6d2,48,0,0.3863463997840881,0,0,0.0796463787555694,0,0,0.3092181980609894,0,0,0.8119327425956726,1,1,0.634352445602417,0
45ffdfc3462f0377ee35ef05e9bf2b9d,48,0,0.2996110916137695,0,0,0.0622249767184257,0,0,0.1781437695026397,0,0,0.4929226636886596,0,0,0.7478770613670349,0
4601f338b350b816ad50be7c58deed92,48,0,0.1632008552551269,0,0,0.002345462096855,0,0,0.025855990126729,0,0,0.1656828820705413,0,0,0.0225693397223949,0
460283ce802309a67fab5f8d098cc7f1,48,0,0.6347985863685608,1,1,0.3937570452690124,1,0,0.4382884502410888,1,0,0.3970803320407867,0,0,0.6917215585708618,0
461047418073179170ff04527460a0c6,48,0,0.5935457944869995,1,0,0.4107331335544586,1,0,0.6545443534851074,1,0,0.5453394055366516,0,0,0.837266743183136,0
46670a547d530e18e32a16c6a2d3ce23,48,0,0.5841763019561768,1,0,0.0173130705952644,0,1,0.774673581123352,1,0,0.5221611857414246,0,0,0.9005212187767029,1
467fb10d9fb7d7816e9086fec5aa86f6,48,0,0.5292085409164429,1,1,0.9869107604026794,1,0,0.5193583965301514,1,0,0.4443717300891876,0,0,0.3264529705047607,0
4688671bef57318e17dadd91a29e1e0a,48,0,0.299165815114975,0,0,0.0491231679916381,0,0,0.1050407066941261,0,0,0.4744450449943542,0,0,0.2006245553493499,0
46b04770c972a6db13be05221cce609d,48,0,0.307924211025238,0,0,0.1780540347099304,0,0,0.1764969378709793,0,0,0.5412654280662537,0,0,0.4125853478908539,0
46bf77c01c789723965f6180d1d217b0,48,0,0.2925259470939636,0,0,0.0035038164351135,0,0,0.172587439417839,0,0,0.6238083839416504,0,0,0.8246697187423706,0
46f349b7cabf56c2c2d9c1d069f8c564,48,1,0.6077619194984436,1,0,0.0371425412595272,0,0,0.4951509535312652,1,0,0.5371344685554504,0,0,0.6018700003623962,0
472672f4fbd1e5093c54346466ef8b6c,48,0,0.2874967455863952,0,0,0.089317500591278,0,0,0.2761407196521759,0,0,0.3473384380340576,0,0,0.6535661816596985,0
472737987cecf2846b2f7453ec97a0e4,48,0,0.3499529957771301,0,0,0.5366745591163635,1,0,0.2867312133312225,0,0,0.3303614556789398,0,0,0.6028756499290466,0
4736524816401e7b31cfb0cac71d7a8e,48,0,0.3261597156524658,0,1,0.9688675403594972,1,0,0.3484277427196502,0,0,0.2879848480224609,0,0,0.3216983079910278,0
473ad58ee65663186dbab2bcae8cd0a7,48,0,0.4532839059829712,0,0,0.5099340677261353,1,0,0.2932582497596741,0,0,0.245838925242424,0,0,0.4615913331508636,0
474007ded9b6b99e3619a705ef34d0dc,49,0,0.3087006509304046,0,0,0.2214632034301757,0,0,0.1357878148555755,0,0,0.2172890305519104,0,0,0.230375200510025,0
47415deef1ee1c384eeaa1c58ad56b79,49,0,0.3143663108348846,0,0,0.1173481866717338,0,0,0.302285760641098,0,0,0.3106887340545654,0,0,0.6585076451301575,0
47437878d27d009dcc9fcda42255c2c8,49,0,0.2115452587604522,0,0,0.2931147515773773,0,0,0.2807285487651825,0,0,0.3278644382953644,0,0,0.6319558024406433,0
475274f175ac0685d9ef2153e5d8e47a,49,0,0.339377611875534,0,0,0.5245558619499207,1,0,0.2857068479061126,0,0,0.5792869329452515,0,0,0.5273751020431519,0
475405daeac63ae42731ddf2b8a53508,49,0,0.337999165058136,0,0,0.0096959415823221,0,0,0.1898783147335052,0,0,0.2758710980415344,0,0,0.2249078154563903,0
477e93583988faa67e54d97cc39a8df9,49,0,0.2108117938041687,0,0,0.8515770435333252,1,0,0.2026331275701522,0,0,0.3910801112651825,0,0,0.3238351345062256,0
4783897bac1d991d9a95f8c6bdb14766,49,0,0.5843938589096069,1,0,0.1240562498569488,0,0,0.1595592349767685,0,0,0.0690387412905693,0,0,0.1248800680041313,0
47ce4f0300b152a5d4e22f812f747292,49,0,0.5003782510757446,1,0,0.3681740164756775,1,0,0.3948337137699127,0,0,0.6605618596076965,0,0,0.3718662559986114,0
47d8960b72621abb40a2544697b6308f,49,0,0.556530773639679,1,0,0.2382674068212509,0,0,0.4531105756759643,1,0,0.60323166847229,0,0,0.5567742586135864,0
47e9bd83458885c6edba8b24a267a392,49,1,0.5423993468284607,1,0,0.0136074144393205,0,1,0.9142703413963318,1,0,0.8651812672615051,1,0,0.8641220927238464,0
48170b1f039b7cd08841af54449b5018,49,0,0.5427618622779846,1,0,0.2835244238376617,0,0,0.4126094579696655,0,0,0.3507556915283203,0,0,0.4745382964611053,0
48bcefd8a7e3b434f5680c174bd80ad4,49,0,0.2092318385839462,0,0,0.0471980385482311,0,0,0.116971805691719,0,0,0.2752948105335235,0,0,0.2944139242172241,0
48f74b1df20e005b30cd5517ffe91aa4,49,0,0.2514525055885315,0,0,0.1759334206581115,0,0,0.2123175263404846,0,0,0.3714850544929504,0,0,0.5286029577255249,0
48fcc25810228823538d0392877fcce0,49,1,0.4165732860565185,0,0,0.0015976622235029,0,0,0.2586278021335602,0,0,0.7573478817939758,1,1,0.3988267779350281,0
4910dbe4c6e17a35ed2ba6e7f3d04ef8,49,1,0.3841763138771057,0,0,0.0218749549239873,0,0,0.3796013295650482,0,0,0.5487144589424133,0,0,0.9183072447776794,1
49158aad3ffa8a556c9d4cc8efbcf58c,49,1,0.6539061665534973,1,0,0.015887951478362,0,0,0.3280006647109985,0,1,0.8775326013565063,1,0,0.8280885219573975,0
4924e87f8069a1e4d3bb55f7bbeecdab,50,0,0.1356399357318878,0,0,0.0073702479712665,0,0,0.1295595318078994,0,0,0.5468599796295166,0,0,0.5327817797660828,0
49381febdd648ccc7a190965fe5180bd,50,0,0.5726352334022522,1,1,0.7472591996192932,1,0,0.5290176868438721,1,0,0.2590203881263733,0,0,0.3151491582393646,0
493a7af11aa1a9a1a676aba29e0c6f9d,50,0,0.1964982897043228,0,0,0.0035949277225881,0,1,0.2967515885829925,0,0,0.4868835806846618,0,1,0.9622917771339417,1
493d5f75237e5b3ee1846c170a393411,50,0,0.4127827882766723,0,0,0.0148775922134518,0,0,0.4197952151298523,0,1,0.798704206943512,1,1,0.825645923614502,0
494445ea1855b61dbabe65e39f6f6927,50,0,0.3122915029525757,0,0,0.810625433921814,1,0,0.1954027712345123,0,0,0.2626749575138092,0,0,0.3258691728115082,0
4957a9685207cc3eb8425318dc83fafb,50,0,0.3247950375080108,0,0,0.0035904385149478,0,0,0.1927178651094436,0,0,0.5967139005661011,0,0,0.7225000262260437,0
49769691d05ec479aaee410f1553093d,50,1,0.487185537815094,0,0,0.1430484503507614,0,0,0.4365647733211517,1,1,0.8686358332633972,1,0,0.7239295840263367,0
4983daeac755e646cb10670f26f04168,50,0,0.2256631255149841,0,0,0.0130568658933043,0,0,0.2617540657520294,0,0,0.3920709788799286,0,0,0.4680142998695373,0
4988a69766a1c59921d0b747dab42457,50,1,0.5876826643943787,1,0,0.0084848580881953,0,0,0.1994312107563018,0,0,0.7875393629074097,1,0,0.1670091152191162,0
499855f7f211a8f2a5142182f1c6c177,50,0,0.3366012871265411,0,0,0.0976446270942688,0,0,0.1247764527797699,0,0,0.2655485570430755,0,0,0.38939368724823,0
49c8db913e71138d6d0bbea0ab047490,50,0,0.2564952671527862,0,0,0.0001754960685502,0,0,0.139768972992897,0,0,0.4365335702896118,0,0,0.8323978781700134,0
49cdb90b456d95c6b522acdbda2305c1,50,0,0.2885772883892059,0,0,0.1452439874410629,0,0,0.1906508803367614,0,0,0.4107697308063507,0,0,0.3738817274570465,0
49ff79c0235064bd067c31148066acf0,50,0,0.4476686120033264,0,0,0.1985507309436798,0,0,0.1508353799581527,0,0,0.5227569937705994,0,0,0.5108352899551392,0
4a3a03c8e79cd72efd984b4fef5c157e,50,0,0.6436888575553894,1,0,0.2685699164867401,0,0,0.5044968128204346,1,0,0.1888642311096191,0,0,0.1309866160154342,0
4a43a19ebccba17f3c1aa3b761298293,50,0,0.6857988834381104,1,1,0.1509213298559188,0,0,0.6901412010192871,1,0,0.4164980947971344,0,0,0.738917887210846,0
4a6d4be950d20bd987baaabf6a986ab0,50,0,0.2392159104347229,0,0,0.0050207185558974,0,0,0.1513977497816085,0,0,0.5899009704589844,0,0,0.8140116333961487,0
4a78111ddffd59513a73874c9978b3c2,51,1,0.6996938586235046,1,1,0.2654972076416015,0,1,0.908746302127838,1,1,0.5134451985359192,0,0,0.5967262387275696,0
4a8a7088ed91ca054e7e0d6f36f11a61,51,0,0.3500287234783172,0,0,0.0078766848891973,0,1,0.1502119153738021,0,0,0.3587286472320556,0,1,0.8451192378997803,0
4a8ac39c7a3610502f46ae647da2ef19,51,0,0.3479655086994171,0,0,0.0990818217396736,0,0,0.2140469551086425,0,0,0.3846397399902344,0,0,0.3501997590065002,0
4aa26eed11820103f29614a3a42c2d4e,51,0,0.3875988721847534,0,0,0.0013159787049517,0,1,0.2869201004505157,0,0,0.4622538685798645,0,1,0.8231813907623291,0
4aaa644100b006b907aad188b7cbe342,51,0,0.6703846454620361,1,0,0.6511651873588562,1,0,0.2431465983390808,0,0,0.1635832339525222,0,0,0.1060933843255043,0
4aace7806718a917535d92c97eec097c,51,0,0.2233143001794815,0,0,0.3867710530757904,1,0,0.1617909371852874,0,0,0.2908795475959778,0,0,0.3497235178947449,0
4adb2de9973bd84b83298d045891ee3e,51,0,0.358255922794342,0,0,0.0050073326565325,0,0,0.1937478631734848,0,0,0.2932303249835968,0,0,0.4338432252407074,0
4b19ca098b479dd60cc2288ab680e3eb,51,0,0.5181363224983215,1,0,0.6262396574020386,1,1,0.272980272769928,0,0,0.5372108817100525,0,0,0.7547425031661987,0
4b4c014996678e36fa5aa1d74ff71a1a,51,0,0.4594871997833252,0,0,0.9159414768218994,1,0,0.3675477206707001,0,0,0.3324994742870331,0,0,0.3124005496501922,0
4b4d890639634f5cc8aaefc9fed962ca,51,1,0.5117453932762146,1,0,0.0350409038364887,0,0,0.3746735155582428,0,1,0.5852195024490356,0,0,0.7284060716629028,0
4b53f1475d0e4f4b617e7e3cb43bda2c,51,0,0.4143482148647308,0,0,0.4972234964370727,1,0,0.1185205280780792,0,0,0.3379110991954803,0,0,0.1753791272640228,0
4b544911d0421cdc60b42416c296a1eb,51,0,0.3418370187282562,0,0,0.0067995442077517,0,0,0.0467748530209064,0,1,0.2353741824626922,0,0,0.0811898857355117,0
4b60a9073eca2b480adde9c58e337d1a,51,0,0.3186298310756683,0,0,0.0262081511318683,0,0,0.2026046514511108,0,0,0.4886148273944855,0,0,0.4847526550292969,0
4b75a96397735f1435c1414abcb6b9ec,51,0,0.2450200617313385,0,0,0.0250281393527984,0,0,0.0432840771973133,0,0,0.1416578292846679,0,0,0.0196901932358741,0
4b7e11251461edb6c46b6acb16583eb2,51,0,0.4005485773086548,0,0,0.001609626924619,0,0,0.202693685889244,0,0,0.718183696269989,1,1,0.7685385346412659,0
4b81d215ee6e2cb1d59cd812475c0172,51,0,0.3880015015602112,0,0,0.0206350442022085,0,0,0.113565482199192,0,0,0.1598167866468429,0,0,0.0659786164760589,0
4b848db9936cee0aa033439f83426f91,52,0,0.3806445002555847,0,0,0.2655253708362579,0,0,0.1570257991552353,0,0,0.2742705643177032,0,0,0.2353808432817459,0
4b8cfc33da08ab5309230eeeda306d3d,52,0,0.3277644515037536,0,0,0.0167771503329277,0,0,0.337603896856308,0,0,0.4959770739078522,0,0,0.7812891006469727,0
4b92edbb7f4cfebd83b4562c578d22c7,52,0,0.3153611123561859,0,0,0.0169626176357269,0,0,0.3181198835372925,0,0,0.4110391139984131,0,0,0.8583195805549622,0
4ba676bdd0c1b0c3876b6050c8fe0f31,52,0,0.4075210094451904,0,0,0.0459751076996326,0,0,0.3203301727771759,0,0,0.3766874074935913,0,0,0.637085497379303,0
4bbddf35e1c4dfaa9c29d1fca909575f,52,0,0.1805788576602935,0,0,0.0014601222937926,0,0,0.1422574967145919,0,0,0.420046865940094,0,0,0.5525351762771606,0
4bc559f97e1d3c8c2ee52deef7de8811,52,0,0.2835382223129272,0,0,0.0494830533862113,0,0,0.1378277242183685,0,0,0.2248590588569641,0,0,0.2675727605819702,0
4bed68bcc1b764cd964f5e96ca83884c,52,0,0.4188880324363708,0,0,0.0528427213430404,0,0,0.4301960468292236,1,0,0.4760511517524719,0,0,0.7137852907180786,0
4c213a6dd028309618851387389b7a30,52,0,0.4132032692432403,0,0,0.0128841316327452,0,0,0.1081660538911819,0,0,0.3340934514999389,0,0,0.1473309099674224,0
4c5cda3481350033d181e879d29f0135,52,0,0.2839251458644867,0,0,0.4361702799797058,1,0,0.163910761475563,0,1,0.4748210310935974,0,0,0.6610511541366577,0
4c60b5ec140ae2e8611927fa82726f95,52,0,0.3708533942699432,0,0,0.2744093835353851,0,0,0.3472390472888946,0,0,0.4374707341194153,0,0,0.8036065697669983,0
4c942bf5c39903d0ac282810185ddf7a,52,0,0.3036967515945434,0,0,0.0334752202033996,0,0,0.0767596438527107,0,0,0.2977933585643768,0,0,0.4074390530586242,0
4c97a58d5d0c427d1596a8b28f9964ad,52,0,0.2980430126190185,0,0,0.0304386559873819,0,0,0.2141544967889785,0,0,0.3123699128627777,0,0,0.6458700299263,0
4c98b411d5440af477230c1152109235,52,0,0.4615315794944763,0,1,0.8438080549240112,1,0,0.4692508578300476,1,0,0.3586112856864929,0,0,0.6037872433662415,0
4cc22fdb9c33ee883ca3f033c62928c4,52,0,0.2318635433912277,0,0,0.0420281812548637,0,0,0.1506050676107406,0,0,0.4359346330165863,0,0,0.6375560760498047,0
4cc98e51df6aa3dee2c7c1763e3fd512,52,0,0.372885525226593,0,1,0.8120805621147156,1,0,0.3494599759578705,0,0,0.2556910812854767,0,0,0.535274088382721,0
4cd5e48c37b1e88e734e6e59dbf8bd6d,52,0,0.6856938600540161,1,0,0.8292087912559509,1,0,0.463305115699768,1,0,0.2290196269750595,0,0,0.077860988676548,0
4cf0e4032e75d8766b1a3881e8975fe7,53,0,0.2501909434795379,0,0,0.2347327619791031,0,0,0.1263095438480377,0,0,0.1836351454257965,0,0,0.197775050997734,0
4d2071baccfd994701c3a5ceb3f64f6f,53,0,0.5111706852912903,1,0,0.442487359046936,1,0,0.2057675719261169,0,0,0.2267792075872421,0,0,0.451053112745285,0
4d22210e645f5c3ac3b98e06afd94046,53,0,0.376651793718338,0,0,0.4386235177516937,1,0,0.206900954246521,0,0,0.2891274094581604,0,0,0.2920648455619812,0
4d3acb5e51c6ab03ed5bc7537125ffc2,53,0,0.32460418343544,0,0,0.1833470910787582,0,0,0.2009845376014709,0,0,0.7753226161003113,1,0,0.6363173127174377,0
4d5b56a3024f00356ce28de7f499eaa1,53,0,0.2108985483646392,0,0,0.0085715670138597,0,0,0.0484632179141044,0,0,0.210945725440979,0,0,0.2340655028820037,0
4d60dedd8acc1fc0c83596e2a0c6d0df,53,0,0.270176351070404,0,0,0.0005686395452357,0,0,0.1778899878263473,0,0,0.6007378697395325,0,0,0.856595516204834,0
4d656bcd93f3e99d46fde6c2fa36e7d4,53,0,0.306335300207138,0,0,0.0017362011130899,0,0,0.0933725237846374,0,0,0.3688932657241821,0,0,0.272797018289566,0
4db850f9587d4c21459ea09f9372be3d,53,0,0.3070638179779053,0,0,0.083010509610176,0,0,0.3097837269306183,0,1,0.7783326506614685,1,0,0.5877681970596313,0
4dc355ac95a17cd1a361779cba717ade,53,0,0.1833550184965133,0,0,0.1541320830583572,0,0,0.1586118042469024,0,0,0.2906140685081482,0,0,0.4133577346801758,0
4dcaf539b6497ad02f2734e1b78c9678,53,0,0.5337215662002563,1,0,0.2201447337865829,0,0,0.2028829604387283,0,0,0.2676971852779388,0,0,0.2128082364797592,0
4de27ac8b1c575b620cc16780030086d,53,0,0.3587571084499359,0,0,0.0720666721463203,0,1,0.3113492131233215,0,1,0.8359663486480713,1,1,0.7931768298149109,0
4e1b57f8ff96232f8a73eca0e5d87475,53,0,0.6442364454269409,1,0,0.0197086594998836,0,0,0.5427162647247314,1,0,0.3613054752349853,0,1,0.7901426553726196,0
4e36b920e32cc309388138261b94f741,53,0,0.4626480042934418,0,0,0.8257783055305481,1,0,0.2896525859832763,0,0,0.3180367052555084,0,0,0.2961597740650177,0
4e60eda03b7df9196e6309009114f54b,53,0,0.2093837708234787,0,0,0.0052776304073631,0,0,0.1290240138769149,0,0,0.3709690868854522,0,0,0.7357738018035889,0
4e6269ee38f7c8afc70792e62d0a05e8,53,0,0.2473292499780655,0,0,0.0313597023487091,0,0,0.3245392143726349,0,0,0.5756937861442566,0,0,0.7631754875183105,0
4e6377304c6519ef809c744ef376c319,53,0,0.2658069729804992,0,0,0.0454639568924903,0,0,0.0989681184291839,0,0,0.5299786925315857,0,0,0.3023763298988342,0
4e685bcf518b823638340e2cb20fbad8,54,0,0.5167509913444519,1,0,0.124028630554676,0,1,0.4381134510040283,1,0,0.7122758626937866,1,1,0.5683058500289917,0
4e7c01fd1cfbfc54d2ac4913f6359be7,54,0,0.3965423107147217,0,0,0.0087709380313754,0,0,0.1651756465435028,0,0,0.2440426796674728,0,0,0.183906003832817,0
4eef841c5708308c2ff8957ebc79ae06,54,0,0.2205615639686584,0,0,0.2497293055057525,0,0,0.0645721033215522,0,0,0.1385678797960281,0,0,0.173699751496315,0
4ef47d5bbd7105f7c7558bbb51735d36,54,0,0.4157449007034302,0,0,0.8194919228553772,1,0,0.4933331310749054,1,0,0.4980206489562988,0,0,0.4301295280456543,0
4ef769d2aaadffc2343a01771a9d378c,54,0,0.1882799863815307,0,0,0.0043686516582965,0,0,0.1235816851258277,0,0,0.3213422298431396,0,0,0.5324506759643555,0
4f5fe9950e605a42d75ea7bfb8230866,54,0,0.1661799997091293,0,0,0.0390428453683853,0,0,0.243952065706253,0,0,0.4258968830108642,0,0,0.4776330888271332,0
4f737958fc5a7d9805f4a94f70cfc5a2,54,0,0.3177065849304199,0,0,0.0368743501603603,0,1,0.6699830293655396,1,0,0.6430573463439941,0,0,0.8345823884010315,0
4f7ce99ee360877a27e4e34a03d71bfd,54,0,0.3096524775028229,0,0,0.4919329583644867,1,0,0.1461031138896942,0,0,0.3100076019763946,0,0,0.4955654740333557,0
4fba6d90e4c0141270b19446fbc97796,54,0,0.3713243305683136,0,0,0.1598731875419616,0,0,0.192281574010849,0,0,0.2538827359676361,0,0,0.5205297470092773,0
4fcf87976ca07858d6ee9af47b2a719c,54,0,0.3122809529304504,0,0,0.2165921330451965,0,0,0.1677229255437851,0,0,0.501126229763031,0,0,0.7032792568206787,0
4fd4306bfaeb5322082642bee9ef3ff8,54,0,0.296828955411911,0,0,0.0023634331300854,0,0,0.2936896681785583,0,0,0.7251434922218323,1,0,0.4749145805835724,0
4fef4a4c55426766f8eaff240f1050dd,54,0,0.4597327709197998,0,0,0.1746570169925689,0,0,0.4353732764720917,1,0,0.5409801006317139,0,0,0.7502024173736572,0
4fef5faf22105d6c29f218236dd44d66,54,0,0.2097591161727905,0,0,0.0142825106158852,0,0,0.0552588142454624,0,0,0.3234097361564636,0,0,0.3650766909122467,0
5037a5f519c01608134b5e73e2d9e8ed,54,0,0.2936309576034546,0,0,0.0592954084277153,0,0,0.16138556599617,0,0,0.4341216385364532,0,0,0.3289669156074524,0
503929d8c09942a6e67c9045debaf523,54,0,0.6470930576324463,1,1,0.6743807792663574,1,0,0.672511100769043,1,0,0.3642239570617676,0,0,0.6126196980476379,0
50772fd4aff6e953333b6812356040f7,54,0,0.3310102820396423,0,0,0.2595049440860748,0,0,0.2044074386358261,0,0,0.6232215166091919,0,0,0.4121810495853424,0
5085aa895168d112f671ae18b22dc0df,55,1,0.7274344563484192,1,0,0.1285127103328704,0,0,0.7595186233520508,1,0,0.5494868755340576,0,0,0.5322687029838562,0
509b0a6e32afb4094897a916b3c72486,55,0,0.4099594354629516,0,0,0.375353455543518,1,0,0.2472823858261108,0,0,0.4205607771873474,0,0,0.2965339720249176,0
509d5c6ba1cef46882db2c2e86bdfb2a,55,0,0.3120644092559814,0,0,0.0242059249430894,0,0,0.1144488453865051,0,0,0.2428114116191864,0,0,0.4638733565807342,0
50ab3d3a339eaeeb929368cb63599ea7,55,0,0.3920617401599884,0,0,0.3539673686027527,0,0,0.3198753595352173,0,0,0.4616661667823791,0,0,0.6852691173553467,0
50ab53e4414b6551c81b447fee0e43c5,55,0,0.4125309884548187,0,0,0.6123153567314148,1,0,0.1430113017559051,0,0,0.3878475725650787,0,0,0.1288476139307022,0
5118cbe9894006f58312565294e85556,55,1,0.4609507322311401,0,0,0.0297640319913625,0,1,0.668721616268158,1,0,0.5175568461418152,0,1,0.8646568059921265,0
511d77216f874b95d6070d31abb5ac6d,55,0,0.6834876537322998,1,1,0.5037001371383667,1,0,0.4491917788982391,1,0,0.4818859100341797,0,0,0.6733462810516357,0
5125bef2ea04ca1c3c197576ffccebe5,55,0,0.2544802725315094,0,0,0.3408446013927459,0,0,0.2469929307699203,0,0,0.2681261003017425,0,0,0.7695991396903992,0
512ab0e4091190c453987236dd18c14e,55,0,0.2562403082847595,0,0,0.0132132936269044,0,0,0.1538931876420974,0,0,0.4108228385448456,0,0,0.6648408770561218,0
512bac5557727b83dd78d39052adf936,55,0,0.5125454068183899,1,0,0.0585710667073726,0,0,0.6546788215637207,1,0,0.6700806617736816,0,0,0.5779022574424744,0
5149be077d0b6e167ccc0f9c3e3de686,55,0,0.489012748003006,0,0,0.0253482572734355,0,0,0.1198402121663093,0,0,0.2868228554725647,0,0,0.4667118489742279,0
5157d5c9b1f0004b29310652ea54e825,55,0,0.3039026260375976,0,0,0.0300036817789077,0,0,0.2128426432609558,0,0,0.3472408652305603,0,0,0.4474615752696991,0
5164cecc1932454bd2f467ebb4ea0650,55,1,0.2495837062597274,0,0,0.0720457583665847,0,0,0.1355830729007721,0,1,0.5878294110298157,0,1,0.4171237051486969,0
5166706a90bb749862f3e3a5b7dd52fb,55,0,0.2328648567199707,0,0,0.0136208869516849,0,0,0.152736097574234,0,0,0.4883777797222137,0,0,0.5093957185745239,0
5175798e4a23ac250b47c0c4fd83a725,55,0,0.2223309874534607,0,0,0.0197811312973499,0,0,0.2997381687164306,0,0,0.3939712345600128,0,0,0.614263117313385,0
51b7daabe78f2a56ec22993e3a77dd3b,55,0,0.3095324039459228,0,0,0.480719655752182,1,0,0.2307546287775039,0,0,0.4978206157684326,0,0,0.5999952554702759,0
51ba8d89de58ac80db86507e11dcfd03,56,0,0.3923581838607788,0,0,0.0075203836895525,0,1,0.6688242554664612,1,0,0.4386333227157593,0,0,0.7453517317771912,0
51c54b6e7df33f0ae4456131227d2a9a,56,0,0.1869886219501495,0,0,0.0082209603860974,0,0,0.1079499870538711,0,0,0.3799538910388946,0,0,0.6458166241645813,0
51dcd45e616257b874c6017e46737417,56,1,0.5158442258834839,1,0,0.1171937957406044,0,0,0.4548225402832031,1,0,0.5820562243461609,0,0,0.7424612641334534,0
51f634dd2e12def131b68288f1e7eca1,56,0,0.2473593950271606,0,0,0.340274304151535,0,0,0.1182419881224632,0,0,0.2180688679218292,0,0,0.5255136489868164,0
521737fe7ce420e5fe1864c36f1f1865,56,0,0.2926468551158905,0,0,0.0032602408900856,0,1,0.2385111004114151,0,1,0.4961515665054321,0,1,0.8336893320083618,0
523a0dcc2fdba0812176614c5302258c,56,0,0.2746847569942474,0,0,0.205796793103218,0,0,0.1651370972394943,0,0,0.2618528008460998,0,0,0.4752258062362671,0
524c4a83f27a9e1f28921213261850a7,56,0,0.2778345644474029,0,0,0.1646682769060135,0,0,0.2567695677280426,0,0,0.5823482275009155,0,0,0.4773056209087372,0
5254623fe2189d170d018917e5833c79,56,0,0.5526641607284546,1,0,0.1363802552223205,0,0,0.7132810950279236,1,0,0.4396746158599853,0,0,0.8395038843154907,0
52547b2bd82aff7a631e41b23990a9ab,56,0,0.6123741269111633,1,0,0.5765661001205444,1,0,0.3952506184577942,0,0,0.2852745056152344,0,0,0.1665317565202713,0
5263004c6cdd4b53933a5669c3a4975f,56,0,0.2130976170301437,0,0,0.005648179911077,0,0,0.0772452279925346,0,0,0.251452088356018,0,0,0.0672616809606552,0
527cb2595339f9379a4af358760e9a50,56,0,0.5783559083938599,1,0,0.6438955664634705,1,0,0.2942673861980438,0,0,0.281061053276062,0,0,0.6970521807670593,0
5280b2f1ea5c084e2bd8f2fe9447ab84,56,1,0.2359713017940521,0,0,0.0097749456763267,0,1,0.3781898617744446,0,0,0.3854997456073761,0,1,0.9057879447937012,1
528800fde9832ed21a8c8c6f45cddf14,56,0,0.3244048058986664,0,0,0.0746583417057991,0,0,0.1881780475378036,0,0,0.3692429661750793,0,0,0.6482679843902588,0
529e1b84a553a1eace23e78a49d041aa,56,0,0.3948999941349029,0,0,0.1088025718927383,0,0,0.2732828259468078,0,0,0.4691595137119293,0,0,0.5425295233726501,0
52c4db1817a8262a7c2afa9c49a4210c,56,0,0.3296640515327453,0,0,0.0802346393465995,0,0,0.3688762187957763,0,0,0.7005907297134399,1,0,0.3335364162921905,0
52c52586097de7c4e1aa3761d28bb5e3,56,0,0.3958607316017151,0,0,0.3847236335277557,1,0,0.2437985241413116,0,0,0.289678156375885,0,0,0.2171905934810638,0
52e03964d4f942fc325a3154e88c4289,57,0,0.6333794593811035,1,0,0.478977769613266,1,0,0.3487100005149841,0,0,0.3586999475955963,0,0,0.6267185807228088,0
52e9686ffccd0f4d3a6c58de8a12259b,57,0,0.3330037295818329,0,0,0.0046145850792527,0,1,0.3742926716804504,0,0,0.6751028299331665,0,1,0.8797284960746765,1
52fc86cf7b4c993c983ed3412e781ebf,57,0,0.2229920774698257,0,0,0.2254428565502166,0,0,0.0961468815803527,0,0,0.2534277439117431,0,0,0.2908085286617279,0
53272263f44e3360b23a54230f7becf7,57,0,0.4965238869190216,0,0,0.1514740586280822,0,0,0.3156630396842956,0,0,0.3211517333984375,0,0,0.7072255611419678,0
533bf2420ef58839a93d4fcbec6e27ec,57,0,0.2977203130722046,0,0,0.1238934323191642,0,0,0.1941326409578323,0,0,0.6364912390708923,0,0,0.8349695205688477,0
533e87c55ad38b554f3ff19bf751eb14,57,0,0.3539973497390747,0,0,0.0136799849569797,0,0,0.3270921409130096,0,0,0.3412898480892181,0,0,0.7806960344314575,0
5341b6bd8338f8a8374c18b19f737e9a,57,0,0.4612632989883423,0,0,0.0557123348116874,0,0,0.4620891213417053,1,0,0.4795446693897247,0,0,0.8695018887519836,0
53675dd5b4676fb96d77abf225209f41,57,0,0.4994410574436188,0,0,0.3017354607582092,0,0,0.3782928586006164,0,0,0.4649021923542022,0,0,0.6716763377189636,0
536b5b1ff8d718e73afa20299daa9578,57,0,0.2914770841598511,0,0,0.5057919025421143,1,0,0.2668612003326416,0,0,0.4849643111228943,0,0,0.6492629051208496,0
53881e3f1cab94cd71cf490b9ac5dbe9,57,1,0.584638774394989,1,0,0.288922905921936,0,0,0.5783542990684509,1,0,0.2837307155132293,0,0,0.1879440248012542,0
53ae3d1a464529cb387ce44aa655846f,57,0,0.2753328680992126,0,0,0.0063685961067676,0,0,0.0901558101177215,0,1,0.6089891195297241,0,1,0.5229052305221558,0
53ee044ed59a68c2d089f8a8f0bd620e,57,0,0.2607288956642151,0,0,0.0727581083774566,0,0,0.1135416775941848,0,0,0.3398606479167938,0,0,0.5524930953979492,0
53f6b9d988c8195673ea55343c046187,57,0,0.244620606303215,0,0,0.1050936430692672,0,0,0.0534051246941089,0,0,0.1394614279270172,0,0,0.2456573247909546,0
5424def929d8cb11e03df4a5c02df124,57,0,0.4276940524578094,0,0,0.0358439870178699,0,0,0.0559659674763679,0,0,0.2526169717311859,0,0,0.1850993484258651,0
543063d457e1f7416a0b80b451064f43,57,0,0.2165865004062652,0,0,0.0119502441957592,0,0,0.1510202884674072,0,0,0.6277685761451721,0,0,0.5995323657989502,0
543f81bf4d0f157b27ce10063bed1c66,57,0,0.3396837413311004,0,0,0.1243325546383857,0,0,0.1105620637536048,0,0,0.2928065061569214,0,0,0.2996639013290405,0
5468cd29e7d6db0d551f2497bed48387,58,0,0.5630338191986084,1,1,0.8325961828231812,1,0,0.4515798091888428,1,0,0.5544555187225342,0,0,0.6531689763069153,0
547c3618a312f5c3cb3095d457483a57,58,0,0.2672553658485412,0,0,0.1759495586156845,0,0,0.250410258769989,0,0,0.4133277833461761,0,0,0.3340449333190918,0
548cf3241eba5f1482caac5fbc0b9fee,58,0,0.2382054775953292,0,0,0.0023324082139879,0,1,0.2478121519088745,0,0,0.7489914298057556,1,0,0.8600866198539734,0
54a6bb5b22305b51f9a17728202d1180,58,0,0.3812445700168609,0,0,0.0756745114922523,0,0,0.3357498943805694,0,0,0.4726855158805847,0,0,0.6429094672203064,0
54cf3b86aba7151a1bbca30db954307e,58,0,0.3981071710586548,0,0,0.1208789572119712,0,0,0.346974104642868,0,0,0.6007336974143982,0,0,0.7903698682785034,0
54fb9abeb8e92ec3f690a7455d892c3a,58,1,0.3791859447956085,0,0,0.0256157293915748,0,0,0.3314543962478637,0,0,0.4620440900325775,0,1,0.7818804979324341,0
552e53af89d7ae4c482cb935ac1542b7,58,0,0.3733583390712738,0,0,0.0024080672301352,0,1,0.3924591243267059,0,0,0.6482874751091003,0,1,0.8894773125648499,1
5559843d1f057bcaa0d9b5d56a9a3d46,58,0,0.4542894959449768,0,0,0.4342567026615143,1,0,0.2481422573328018,0,0,0.4164835214614868,0,0,0.5883676409721375,0
558622a97e3722ee974a2c8dddc4ca80,58,0,0.6854288578033447,1,0,0.1773796677589416,0,0,0.319851279258728,0,0,0.1551690548658371,0,0,0.0320479683578014,0
558b20219d89e3918384de0ffffaec60,58,0,0.4727187156677246,0,1,0.6344867944717407,1,0,0.3051304221153259,0,0,0.6434863805770874,0,0,0.5401999354362488,0
55a3c0036c2d994975cfd350a79cf69e,58,0,0.4945555627346039,0,1,0.4849159717559814,1,0,0.3047665059566498,0,0,0.4229293763637543,0,0,0.5799909234046936,0
55af1c9a0c2d59b4b6a07797df35b0d5,58,0,0.3011963367462158,0,0,0.052309550344944,0,0,0.2164686322212219,0,0,0.4116939008235931,0,0,0.3650628328323364,0
560ff4beac01961b07e664cda2419933,58,0,0.1745930016040802,0,0,0.0178046226501464,0,0,0.086407870054245,0,0,0.3178564310073852,0,0,0.3537955284118652,0
56237d3770e31568eb965067d2d948af,58,0,0.5984752774238586,1,1,0.5127838253974915,1,0,0.5028058886528015,1,0,0.5090106725692749,0,0,0.7175719141960144,0
5638340de6412cce7a4b7a81b7b1d92a,58,0,0.4079957604408264,0,0,0.1310348361730575,0,0,0.3158827126026153,0,0,0.2815257608890533,0,0,0.3249695897102356,0
564141a415cfa32841bb2de146faa5eb,58,0,0.3050969839096069,0,0,0.2880494892597198,0,0,0.3388325273990631,0,0,0.4729157090187073,0,0,0.6213995218276978,0
5644031df0b3584a477f0454acb7b291,59,1,0.6658710837364197,1,0,0.0448816679418087,0,1,0.9759719967842102,1,0,0.5282953381538391,0,0,0.284140944480896,0
566a004f7fbde95775f15ece4975d65a,59,0,0.3651386499404907,0,0,0.0410469062626361,0,0,0.3087632954120636,0,0,0.5569303035736084,0,0,0.7480851411819458,0
56beeb20098b516474d17a9c36b23c7c,59,1,0.6182648539543152,1,1,0.5389528274536133,1,0,0.7620247006416321,1,0,0.6903030872344971,1,0,0.6735498905181885,0
56cb181941ae9b45448469cc0e420ba7,59,0,0.4610997140407562,0,0,0.587092936038971,1,0,0.2726782858371734,0,0,0.2960821092128753,0,0,0.5133028626441956,0
56df1818b6567b2e812e615365b22e60,59,0,0.2693981230258941,0,0,0.0347153395414352,0,0,0.061638955026865,0,0,0.2137342542409896,0,0,0.1354694962501526,0
56e3aa531cd2b4c2a597657ce69bea4f,59,1,0.7764835953712463,1,0,0.4951196908950805,1,0,0.8134335279464722,1,0,0.6631929874420166,0,0,0.8055588603019714,0
56f24c084776e6bef2576015b4caf11d,59,0,0.2964744567871094,0,0,0.2915518581867218,0,0,0.0478143990039825,0,0,0.3040253221988678,0,0,0.1465314477682113,0
570cc0e3366db46a98ef038a6b5f0489,59,0,0.3044076561927795,0,0,0.0021972393151372,0,0,0.0635697022080421,0,0,0.2684293687343597,0,0,0.2233827412128448,0
57169906bb821d83315d3291af052418,59,0,0.5673221945762634,1,0,0.4995952546596527,1,0,0.3716564178466797,0,1,0.6703588366508484,0,0,0.7091524600982666,0
5790429cd6ee14e2fbce734dba47dc21,59,0,0.292839765548706,0,0,0.0118222590535879,0,0,0.1030296757817268,0,0,0.4149824380874634,0,0,0.2250673174858093,0
5797ed009ccc4840c86e430aa66f3e8e,59,0,0.1664130985736847,0,0,0.0002755212190095,0,0,0.0648937597870826,0,0,0.428370326757431,0,0,0.3660432696342468,0
57a1009ac321900b0c1743e721e3a1e5,59,0,0.4765417873859405,0,0,0.1196555867791175,0,0,0.4111697673797607,0,0,0.3785952031612396,0,0,0.504514217376709,0
57a1a6b02398e336508aa57ecf962e74,59,0,0.4072517156600952,0,1,0.3146868944168091,0,1,0.5521003007888794,1,0,0.5965949892997742,0,1,0.8175266981124878,0
57a32a219495bdff5cd72597688a46d2,59,0,0.5025080442428589,1,1,0.8569808602333069,1,0,0.4022972881793976,0,0,0.6531049013137817,0,0,0.5559199452400208,0
57b473e8eaf284e0d3321d9def714930,59,0,0.4313547313213348,0,0,0.3655235171318054,1,0,0.1904574930667877,0,0,0.406478613615036,0,0,0.4359902739524841,0
57c89de7d680ee5e4a85d047c68b6050,59,0,0.3920703828334808,0,0,0.072000615298748,0,0,0.3228870332241058,0,0,0.4750657379627228,0,0,0.5961101651191711,0
57ced2cce18cbee790add6d5d3330aa1,60,0,0.2820811569690704,0,0,0.8070389032363892,1,0,0.1585489064455032,0,0,0.2252143174409866,0,0,0.1063688471913337,0
57d8fda3ee850a41defcfd7e17673395,60,0,0.4151478111743927,0,0,0.3493664264678955,0,0,0.2248260229825973,0,0,0.564167320728302,0,0,0.6057111024856567,0
57efd697f8ed1fe9bd4c44a139b7aa66,60,0,0.500342607498169,1,0,0.1266068071126938,0,0,0.262123554944992,0,0,0.3363435268402099,0,0,0.6034370064735413,0
57f397ca3063fa50ecf48b1929e9afba,60,0,0.4847967028617859,0,1,0.5792264938354492,1,0,0.3224992156028747,0,0,0.7682378888130188,1,0,0.4644742310047149,0
57fdcbf8bf0215b154b097ee3cbe7c10,60,0,0.2867829501628876,0,0,0.0288568120449781,0,0,0.0633062049746513,0,0,0.253183364868164,0,0,0.2138643413782119,0
580909ae5a366bc3fd7524d97cf1e771,60,0,0.2586843073368072,0,0,0.7014040350914001,1,0,0.1972237825393676,0,0,0.4815479218959808,0,0,0.2830210030078888,0
5817c3257a58b34a43122134fc3115f9,60,0,0.3753154575824737,0,0,0.0441478043794631,0,0,0.1958429217338562,0,0,0.4103364050388336,0,0,0.5763887763023376,0
5820b002c7643e23208a87a986818348,60,0,0.3355090320110321,0,0,0.2369827479124069,0,0,0.1531584709882736,0,0,0.3458147943019867,0,0,0.3224377334117889,0
5852bd535b5b625b64bc5b8c2f59f0b3,60,0,0.4480657577514648,0,0,0.039714902639389,0,0,0.3611719906330108,0,0,0.3174323141574859,0,0,0.4761068224906921,0
585e0273f62af98bf949addee0a2efea,60,0,0.2505398988723755,0,0,0.3514754176139831,0,0,0.3027505278587341,0,0,0.2642921507358551,0,0,0.4365346133708954,0
58675a9b3a6015291c518c1327d81ab5,60,0,0.4931988418102264,0,0,0.1731796562671661,0,0,0.2354147732257843,0,0,0.3250524699687958,0,0,0.7431637644767761,0
588634981efe8a011372632c6d76eea0,60,1,0.5106064081192017,1,0,0.1694197207689285,0,0,0.3910935521125793,0,0,0.400225967168808,0,0,0.7026640176773071,0
5889a7857b883db3bee6ad8ed4a6f955,60,0,0.2175717204809188,0,0,0.028550200164318,0,0,0.1607646644115448,0,0,0.4426716268062591,0,0,0.688370406627655,0
588b9e528e57a25e8985888133d3af61,60,0,0.364042580127716,0,1,0.273823469877243,0,0,0.532148003578186,1,0,0.3972391784191131,0,0,0.6807075142860413,0
58a34363814d97cd8dd5c26f5673d6cb,60,0,0.3925726115703583,0,0,0.259205549955368,0,0,0.1799443960189819,0,0,0.1798293441534042,0,0,0.1653536707162857,0
58baa9b0269a2987f5475a554033c4b1,60,0,0.2939221858978271,0,0,0.0983151495456695,0,0,0.1330952644348144,0,0,0.2890471220016479,0,0,0.1799772083759308,0
58d2bf66beb82854825bef7db742819f,61,0,0.2576358020305633,0,0,0.0015711518935859,0,0,0.1347005665302276,0,0,0.2865529060363769,0,0,0.7047411203384399,0
58d5bdf590c4892a7a1dff01b6be48ba,61,0,0.3373129069805145,0,0,0.0248995497822761,0,0,0.0814367458224296,0,0,0.2683566510677337,0,0,0.2252837419509887,0
58d76e6dae9bbb3a24fe79f771b735a6,61,0,0.3177726566791534,0,0,0.0151896402239799,0,0,0.1685609966516494,0,0,0.4299457669258117,0,1,0.7862479090690613,0
5927e15c854e4b6ba3fda0539251b91a,61,0,0.4299945831298828,0,0,0.5186498761177063,1,0,0.3580109477043152,0,0,0.4840247631072998,0,0,0.7163624167442322,0
594fb89413087c080ddd2c97a3f6acf0,61,0,0.3096868097782135,0,0,0.1915044486522674,0,0,0.2366098016500473,0,0,0.6638374328613281,0,0,0.6683638095855713,0
59779a96f5abd70d14a67ebdd4502d60,61,0,0.544629693031311,1,0,0.2259883433580398,0,1,0.7098382115364075,1,0,0.5353052616119385,0,1,0.8437842726707458,0
5994672502a02f2e1d49b164e16ab4af,61,0,0.238356202840805,0,0,0.1032037809491157,0,0,0.0696305632591247,0,0,0.3781335353851318,0,0,0.4174439609050751,0
5995bef3891e94a9666695e1302247cc,61,0,0.2137694656848907,0,0,0.0090516107156872,0,0,0.1165449619293212,0,0,0.6158415079116821,0,0,0.5897929072380066,0
59c201e80a79922c74bf490f5f571369,61,0,0.229533240199089,0,0,0.0314763709902763,0,0,0.0679645091295242,0,0,0.3006230890750885,0,0,0.2266812920570373,0
59c9c25f625f58bb64d3c79ddf8f2780,61,0,0.5315805673599243,1,0,0.4134686887264251,1,0,0.446163535118103,1,0,0.6608549952507019,0,0,0.6032434701919556,0
59da30abf63819b706a361028157735e,61,0,0.3062594830989837,0,0,0.0094319181516766,0,0,0.2603002190589905,0,0,0.3355912566184997,0,0,0.4421136677265167,0
59da7ba739c19ecee53fbcb6f6d1f707,61,0,0.3846106827259063,0,0,0.3745838403701782,1,0,0.2334643602371215,0,0,0.2575365900993347,0,0,0.4177897870540619,0
5a09dc583a83bf49eb3a245a4dcbea1d,61,0,0.4629902839660644,0,0,0.2487230598926544,0,0,0.2086446434259414,0,0,0.5349904894828796,0,0,0.2709023356437683,0
5a29c1b605b7a41733a9bbecdd70de2b,61,0,0.3772144019603729,0,0,0.4196286201477051,1,0,0.2960057258605957,0,0,0.3628549575805664,0,0,0.8040527105331421,0
5a2e907a3101a321fb0906de1a110006,61,0,0.2350080013275146,0,0,0.0102009624242782,0,0,0.1079461872577667,0,0,0.3721584677696228,0,0,0.3295772969722748,0
5a4adb39fcdcf0851d445970acfa17e7,61,1,0.2815935015678406,0,0,0.0916324779391288,0,1,0.5074273347854614,1,0,0.3490689694881439,0,1,0.7267921566963196,0
5a5364fb4f700d6a3daad03dc7a3eefc,62,0,0.3030717074871063,0,0,0.1793786287307739,0,0,0.3174742460250854,0,0,0.6340934634208679,0,0,0.37111297249794,0
5a5981d693eb84fee6381d8e41a3e27d,62,1,0.3827814757823944,0,0,0.0595811754465103,0,1,0.8252948522567749,1,1,0.8286139965057373,1,0,0.7778846025466919,0
5a719936747485b2902623a89643a508,62,0,0.4176327884197235,0,1,0.6541013717651367,1,0,0.4418732225894928,1,1,0.6393900513648987,0,0,0.5706316232681274,0
5a823d8330fbfc71c32173de09b74b01,62,0,0.4211560487747192,0,1,0.2174298763275146,0,0,0.2874805033206939,0,0,0.5920247435569763,0,0,0.7742571234703064,0
5a85e877ecee5e7fd6cf3b9a4bc802d2,62,0,0.214313119649887,0,0,0.1900577396154403,0,0,0.2227560728788375,0,0,0.6551758050918579,0,0,0.8236866593360901,0
5aa416acbc31207ebc35faed872c8e3d,62,0,0.25053671002388,0,0,0.2990548312664032,0,0,0.2437155395746231,0,0,0.4646512866020202,0,0,0.6903560757637024,0
5ab94e57ccb8175f3b1969059c55ea9d,62,0,0.3178330659866333,0,0,0.0546338967978954,0,0,0.1206027865409851,0,0,0.4184376895427704,0,0,0.2730884253978729,0
5acff5ccf1bcb3137e2c12dc99919396,62,0,0.3681674897670746,0,0,0.7363653182983398,1,0,0.3221617639064789,0,0,0.5092484354972839,0,0,0.6473999619483948,0
5ae703e09cb7b139ccb6824a79d26efa,62,1,0.6139620542526245,1,0,0.191726416349411,0,0,0.2455135881900787,0,0,0.1622823625802993,0,0,0.1492922902107238,0
5af59b2dc1595664ab6aaf11ea7887af,62,0,0.2909012138843536,0,0,0.0165494047105312,0,0,0.2155898511409759,0,0,0.3313553929328918,0,0,0.6121944785118103,0
5b12004cef17343beaf944f5868016c3,62,0,0.3300191164016723,0,0,0.1492901444435119,0,0,0.1988351643085479,0,0,0.1769083142280578,0,0,0.2155060619115829,0
5b1e75dd15524be14eb8722cb4370490,62,0,0.3129457533359527,0,0,0.0426925159990787,0,0,0.2125062942504882,0,0,0.4514327347278595,0,0,0.4990182220935821,0
5b26309e228cdffb49fee96063e2c880,62,0,0.1078189238905906,0,0,0.0014316303422674,0,0,0.0463771112263202,0,0,0.3020703792572021,0,0,0.1829204112291336,0
5b26a75de620121bcdf0b76e15fbbd3f,62,0,0.4326747357845306,0,1,0.0688237249851226,0,1,0.3245575428009033,0,0,0.6021445989608765,0,0,0.7160097360610962,0
5b3620a56668010877cfafa9322e18b5,62,0,0.3649563491344452,0,0,0.1231755837798118,0,0,0.1870423406362533,0,0,0.4150640070438385,0,0,0.5788812041282654,0
5b50b56feb8f2129463d1c825ceb00f0,62,0,0.4082945883274078,0,0,0.0797099098563194,0,0,0.2468209266662597,0,0,0.4988552331924438,0,0,0.8664326071739197,0
5b60ed5c54d1c07ce7c02515c7499c1c,63,0,0.7064375281333923,1,0,0.2069708108901977,0,0,0.4677503108978271,1,0,0.3017868399620056,0,1,0.25131356716156,0
5b6707d336c733e0a8d4233bb08483c7,63,0,0.1595980674028396,0,0,0.0689954757690429,0,0,0.0989510938525199,0,0,0.4007618725299835,0,0,0.3609112501144409,0
5b77e693767a6cf469f16bd9e498f780,63,0,0.2878950238227844,0,0,0.3368881940841675,0,0,0.1646502017974853,0,0,0.309625506401062,0,0,0.3796470761299133,0
5b7e2ccb87c1e20394f7a84f3bb8c821,63,0,0.1821646094322204,0,0,0.0377074033021926,0,0,0.0598575994372367,0,0,0.2263305336236953,0,0,0.1542967855930328,0
5ba0a669fd3430e9386758e838210b98,63,0,0.7219594120979309,1,0,0.0820221453905105,0,0,0.4027612507343292,0,0,0.1881377100944519,0,0,0.1763047575950622,0
5ba94d99f827e546b59846aa66eea08c,63,0,0.5064693093299866,1,0,0.4922414124011993,1,0,0.5304703116416931,1,0,0.432161271572113,0,0,0.7477644681930542,0
5bac00dc9f948cebf2b3abe05a1ed729,63,0,0.4885031878948211,0,0,0.2265223115682602,0,0,0.3851161599159241,0,0,0.7008995413780212,1,0,0.4885859191417694,0
5bb1e2eb9e2886652aa3a4c4ab01ae7a,63,0,0.2529176771640777,0,0,0.0271676611155271,0,0,0.4332315623760223,1,0,0.2623429894447326,0,0,0.7472713589668274,0
5bdeac502c30eb11341c174fd8276e4d,63,0,0.2811409533023834,0,0,0.0020986872259527,0,0,0.2491088807582855,0,0,0.4738468825817108,0,0,0.7208968997001648,0
5be05d9818c57db3635e33dca8315507,63,0,0.2959408164024353,0,0,0.024554094299674,0,0,0.1081682741641998,0,0,0.189134195446968,0,0,0.320376455783844,0
5beee832c007826c93c25ba287ee4d48,63,0,0.7116103172302246,1,1,0.5464969277381897,1,1,0.5995882749557495,1,0,0.397652268409729,0,0,0.428810715675354,0
5bfab539ea74f0a5051707ca62f562b6,63,0,0.2968753278255462,0,0,0.629745602607727,1,0,0.3187268674373626,0,0,0.5142335891723633,0,0,0.5323502421379089,0
5c0e796a597b61fba079b721221267a4,63,0,0.2028121501207351,0,0,0.1227975934743881,0,0,0.1625297367572784,0,0,0.261400043964386,0,0,0.6435889005661011,0
5c0fa88ca172de9b668b330f0b4d7e60,63,0,0.2420424371957779,0,0,0.001367739867419,0,0,0.1233444139361381,0,0,0.579800546169281,0,0,0.4738716185092926,0
5c1dd749315a3713355b35ab28fdebb9,63,1,0.5651792287826538,1,1,0.4707706272602081,1,0,0.6023414134979248,1,0,0.6125673651695251,0,0,0.9566335678100586,1
5c22ee484c55a079ac153153368ecd60,63,1,0.6003763675689697,1,1,0.2496978193521499,0,1,0.7072458267211914,1,0,0.6387143135070801,0,0,0.8145927786827087,0
5c4202e130bd01f555e57d8503de6491,64,0,0.3343503475189209,0,0,0.1957216560840606,0,0,0.1760165840387344,0,0,0.4678608179092407,0,0,0.2870072722434997,0
5c55f871429730b84a8ee275839b8aae,64,0,0.3900940120220184,0,0,0.0368854627013206,0,0,0.4113326072692871,0,0,0.5272457599639893,0,0,0.8522344827651978,0
5c696936abfc9bbded3d8fd2fa853678,64,0,0.4090042412281036,0,0,0.016074975952506,0,0,0.2050860971212387,0,0,0.2790354192256927,0,0,0.7482924461364746,0
5c6ffc9cdf3d6d485aaf30a52eb9b525,64,0,0.4190120100975036,0,0,0.1478643864393234,0,0,0.2245437055826187,0,0,0.3788969218730926,0,0,0.2549372911453247,0
5ca63942b0365ee7a3b26b6453f4076d,64,0,0.6549941301345825,1,1,0.8437139391899109,1,1,0.2704988718032837,0,0,0.661946713924408,0,0,0.2445249706506729,0
5cd3d3d32b73aba570d20a9a54a6be24,64,0,0.3108848929405212,0,0,0.1116891354322433,0,0,0.2633064091205597,0,0,0.6515896320343018,0,0,0.7426029443740845,0
5cd7b69add950d3e0fd7d6a0b84d9ce3,64,0,0.3624434769153595,0,0,0.2284157276153564,0,0,0.1258739382028579,0,0,0.4158291816711426,0,0,0.2135750949382782,0
5cecfb5a445acc92080b9fbdf321a4eb,64,1,0.4754447340965271,0,1,0.380309134721756,1,0,0.6732389330863953,1,0,0.5919955968856812,0,0,0.8902148008346558,1
5d29e7137d24e923a347d54eb81eefcd,64,0,0.3986796140670776,0,0,0.2576631605625152,0,0,0.4064168930053711,0,0,0.5212457776069641,0,0,0.7455827593803406,0
5d47fc0830ff38a5a584e9fc83928990,64,0,0.3945440649986267,0,0,0.6685196161270142,1,0,0.1829288452863693,0,0,0.1941731125116348,0,0,0.1705453842878341,0
5d4e0afb1579da54bc7a06f1fe159349,64,0,0.4227551221847534,0,1,0.0390520393848419,0,0,0.2044665813446045,0,0,0.3061577677726745,0,0,0.4534608125686645,0
5d63f31cc8e21664c69bd7613b1b76e4,64,1,0.3739896118640899,0,0,0.0284532364457845,0,0,0.4065598249435425,0,0,0.770438015460968,1,0,0.7856311202049255,0
5d6805e3bd24dcb9489d6718b9e60875,64,0,0.162960335612297,0,0,0.0034741177223622,0,0,0.0670575127005577,0,0,0.2208539992570877,0,0,0.2558788657188415,0
5d6a25163584e7b05a528d3f94fda500,64,0,0.484456866979599,0,0,0.1997475922107696,0,0,0.1309585273265838,0,0,0.2879460453987121,0,0,0.5840898156166077,0
5d6e9e74f44b6f359525af6c176bf9fa,64,0,0.2402556538581848,0,0,0.0232001617550849,0,0,0.3374401330947876,0,0,0.4646401703357696,0,0,0.671602725982666,0
5d74f8fd78068c30775dc2c98790e8b9,64,0,0.3458276093006134,0,1,0.0643462464213371,0,0,0.2095602303743362,0,0,0.8958039283752441,1,0,0.617713987827301,0
5d8ade464909d72789ba814870c30e0d,65,0,0.4127558171749115,0,0,0.0448583327233791,0,0,0.2460769563913345,0,0,0.7040519118309021,1,0,0.4569141864776611,0
5d8d9b5c072bbc2a4a2a0b89cd35ee9f,65,0,0.2073111981153488,0,0,0.0008222410688176,0,0,0.1286233067512512,0,0,0.6265714764595032,0,0,0.6911561489105225,0
5da88679ea6837b341bb17cf40877cea,65,0,0.3988292217254638,0,0,0.1246217638254165,0,0,0.2795306742191314,0,0,0.4182233214378357,0,0,0.6820216774940491,0
5dc955f7d99449f88928d0fdd492533b,65,0,0.3359176516532898,0,0,0.2156594693660736,0,0,0.2143720537424087,0,0,0.3705500364303589,0,0,0.5889862775802612,0
5dcc32890d8892aa5583f07b8308f6d9,65,0,0.2279865443706512,0,0,0.3491232693195343,0,0,0.1627519428730011,0,0,0.3493293523788452,0,0,0.5928732752799988,0
5dcc4cf4ea03103c20218117eb9fb9b0,65,0,0.2277432233095169,0,0,0.1187780052423477,0,0,0.1348055452108383,0,0,0.3648261427879333,0,0,0.452531099319458,0
5dda48765ebe01374eecab8e65821615,65,0,0.3603334128856659,0,0,0.166198045015335,0,0,0.2520800232887268,0,0,0.5910203456878662,0,0,0.7565856575965881,0
5df8ceb0c06c1a5a7eae66e68cecc804,65,0,0.4305901229381561,0,0,0.3114073276519775,0,0,0.4405106902122497,1,0,0.4102763831615448,0,0,0.7461347579956055,0
5e0835a600b595340117661ddcf40874,65,0,0.2347354143857956,0,0,0.013937440700829,0,0,0.110928401350975,0,0,0.2474898248910904,0,0,0.4928686022758484,0
5e0c289e7bf4efc3780975780ca3dcf4,65,0,0.5534453392028809,1,0,0.2421813011169433,0,0,0.4130686521530151,0,0,0.2387968599796295,0,0,0.5889998078346252,0
5e0e46b7af5381ca4af6a51e7992a69f,65,0,0.5961761474609375,1,1,0.0171852353960275,0,1,0.8994371891021729,1,0,0.4889504015445709,0,0,0.6566250920295715,0
5e5fc315d2f1aa94c2a06dd54aaba053,65,0,0.2787750959396362,0,0,0.0445043817162513,0,0,0.0640005320310592,0,0,0.4292037189006805,0,0,0.088076464831829,0
5e65e6bc517da1f30cb5ce0ce367efd6,65,0,0.5050264000892639,1,0,0.0795162692666053,0,0,0.1691231727600097,0,0,0.2494127303361892,0,1,0.5717784762382507,0
5e6bdaa0089a60e2d44f8414c188abb3,65,0,0.3006076216697693,0,0,0.0726386234164238,0,0,0.2227703481912613,0,0,0.5162699818611145,0,0,0.6407716274261475,0
5e74d323e655e680438e743b868d47b8,65,0,0.3049949109554291,0,0,0.0143611663952469,0,0,0.2711789906024933,0,1,0.6740748286247253,0,0,0.3661587536334991,0
5e9b9e927b853f5a95cd487b249e77b2,65,0,0.2027225643396377,0,0,0.0366167798638343,0,0,0.1257891952991485,0,0,0.420855849981308,0,0,0.6633318066596985,0
5ead347d71cf5025f286cd0340e8de98,66,0,0.4123584032058716,0,1,0.7760055065155029,1,0,0.3499321937561035,0,0,0.4449139237403869,0,0,0.5522343516349792,0
5ed2380173b2e8517d11c525198474d0,66,0,0.3244361877441406,0,0,0.6041632294654846,1,0,0.3547086417675018,0,0,0.424561083316803,0,0,0.4799068868160248,0
5eda4abc36bf4f4d7553ce62ad167fc3,66,0,0.1498657763004303,0,0,0.0059018800966441,0,0,0.0805332884192466,0,0,0.2367721945047378,0,0,0.1772587895393371,0
5ef0d0b605f39b09df42d293e87971e3,66,0,0.2962013483047485,0,0,0.0211032088845968,0,0,0.2426925599575042,0,0,0.4682048559188843,0,0,0.7289503812789917,0
5f187acbe31f6335db2d8ec41c2815b5,66,0,0.275413453578949,0,0,0.0026792141143232,0,0,0.0801803991198539,0,0,0.2612996697425842,0,0,0.2711046636104584,0
5f258fac6e0345f01b8253712e83e454,66,0,0.4688281118869781,0,0,0.1053231060504913,0,0,0.2003671675920486,0,0,0.7275595664978027,1,0,0.5750389099121094,0
5f465c42b5dabad92561ebc83310755f,66,0,0.3271430134773254,0,0,0.0237306039780378,0,0,0.051149345934391,0,0,0.3015537858009338,0,0,0.0952044576406478,0
5f493090bbd86d604d1032df61b2bc8b,66,0,0.4888566434383392,0,0,0.4984813630580902,1,0,0.2492243349552154,0,0,0.1404848545789718,0,0,0.0947247743606567,0
5f6e71dbd4bfb41dd6ba455f38b55b48,66,1,0.1835538893938064,0,0,0.1376644372940063,0,0,0.217825174331665,0,0,0.3901152014732361,0,0,0.8392083048820496,0
5f6f2b299b3563b39f0a81dc4045f38a,66,0,0.1524332761764526,0,0,0.0436995401978492,0,0,0.1535603404045105,0,0,0.2372834533452987,0,0,0.2606204748153686,0
5f7ff740eb512cd79270692b145d9f43,66,0,0.298746258020401,0,0,0.0013352888636291,0,0,0.2285075783729553,0,0,0.5965907573699951,0,0,0.479318231344223,0
5fa0495898bec4aa9880079a3073ebe9,66,0,0.5919615626335144,1,0,0.0867269113659858,0,0,0.118999071419239,0,0,0.1361968219280243,0,0,0.0960137546062469,0
5fb0ad980bcb4764b72c8ec737669801,66,0,0.493310809135437,0,1,0.5283191204071045,1,0,0.5405099987983704,1,0,0.3576560616493225,0,0,0.2491454035043716,0
5fbbcff7a47bce1f31ac6ca777e79a2d,66,0,0.2960662245750427,0,0,0.00072356214514,0,0,0.2597612738609314,0,0,0.4112699925899505,0,0,0.8487612009048462,0
5fc06f3386f8762ac1d2563520056a95,66,1,0.3950622975826263,0,0,0.1250714510679245,0,0,0.3083811402320862,0,0,0.566531240940094,0,0,0.524728536605835,0
5fc94f48e87133c8b9aa2011b76a50a2,66,1,0.4773709774017334,0,1,0.2285701334476471,0,0,0.580155074596405,1,1,0.6598854660987854,0,0,0.8902227282524109,1
5fe1faff313cb7b3019b7e1686f7ff57,67,0,0.290659099817276,0,0,0.1609144955873489,0,0,0.3336282670497894,0,0,0.4070300757884979,0,0,0.6819457411766052,0
6022bb1b65e1ffd7d70a6c5b70bc3962,67,0,0.4058507084846496,0,0,0.1510211080312729,0,0,0.4383817315101623,1,0,0.3957612514495849,0,0,0.7851483225822449,0
6039745a7cf89b4f65da84eaa8c1a226,67,0,0.2819234430789947,0,0,0.0171851888298988,0,0,0.0276650618761777,0,0,0.1079767271876335,0,0,0.0178924519568681,0
6039aea81ebf9094b5b3a1be940e09eb,67,0,0.3458682894706726,0,0,0.5742888450622559,1,0,0.361015111207962,0,0,0.3935341238975525,0,0,0.5493055582046509,0
603f46ee0064be1ad82c131af4f5c5df,67,0,0.2500322759151459,0,0,0.0435528717935085,0,0,0.125140756368637,0,0,0.3022946715354919,0,0,0.5744143128395081,0
60485f64a1de6c652639c3ab84fcd12f,67,0,0.2159928977489471,0,0,0.0187245812267065,0,0,0.0549879632890224,0,0,0.3491948246955871,0,0,0.1193970590829849,0
605186158128f2160564d7b3c9898db3,67,0,0.5598238110542297,1,0,0.027186905965209,0,0,0.6855529546737671,1,0,0.7921087145805359,1,0,0.4777199625968933,0
605dd6be5c1776fcc2435dacb7f9bad1,67,0,0.3572653830051422,0,0,0.0014253611443564,0,0,0.377154678106308,0,0,0.6158283352851868,0,0,0.6012859344482422,0
6072691c16f225c5758fd5d4750b3044,67,0,0.6648440361022949,1,1,0.808076024055481,1,0,0.5219058394432068,1,0,0.513131320476532,0,0,0.4386889636516571,0
6073528e3a3ae67cf0f69e79c2d65c7a,67,0,0.3269053697586059,0,0,0.0323953665792942,0,0,0.2268809676170349,0,0,0.2497150003910064,0,0,0.3478737771511078,0
608614185411b42c65111af9fc737f35,67,0,0.2420088648796081,0,0,0.2733786404132843,0,0,0.0983676463365554,0,0,0.1662729233503341,0,0,0.1385747194290161,0
6087594b3cfce30c211a8e2edcc3421e,67,0,0.296906054019928,0,0,0.0100530944764614,0,0,0.2505536079406738,0,0,0.279436320066452,0,0,0.7264894843101501,0
60c667d029a8c9a394a64e83af944953,67,0,0.5315359234809875,1,0,0.0192401874810457,0,0,0.3470260500907898,0,0,0.2739154398441314,0,0,0.4905872344970703,0
6100bc75e0a668c382d92d5eb9038076,67,0,0.2332360595464706,0,0,0.3370204567909241,0,0,0.1375397443771362,0,0,0.2803563475608825,0,0,0.4892732799053192,0
61073332776c189abf3844bb71f990ab,67,0,0.2182133495807647,0,0,0.5802628397941589,1,0,0.0675833746790885,0,0,0.1116031408309936,0,0,0.1430427879095077,0
6109bd812d12e7f376d24f936ae44412,67,0,0.4428396224975586,0,0,0.0046279118396341,0,0,0.342703253030777,0,0,0.7014344930648804,1,0,0.7866724729537964,0
61327c4b99bf9a8459c9bbbb8cdb1e98,68,0,0.3271061480045318,0,0,0.0117050558328628,0,0,0.4174365699291229,0,0,0.6686569452285767,0,0,0.8436856865882874,0
61353a4bf860223894df6ca7dcd857d1,68,0,0.5179756283760071,1,0,0.4891382753849029,1,0,0.2779591977596283,0,0,0.3115363717079162,0,0,0.415753960609436,0
614aa276d0f32f1807409cc1ce713e0e,68,1,0.3828230798244476,0,0,0.0095022777095437,0,0,0.3574816286563873,0,0,0.6063370108604431,0,0,0.932646095752716,1
615103c934a78744f2081127125616a3,68,0,0.1708837300539016,0,0,0.2271438390016555,0,0,0.0639022216200828,0,0,0.1222276091575622,0,0,0.1027852445840835,0
615be21de05d7049ddb1652520d7f528,68,0,0.4842015504837036,0,0,0.2733221650123596,0,0,0.3650626540184021,0,0,0.366588830947876,0,0,0.7619442343711853,0
615f0f5be81be998158659b735a3e8c8,68,1,0.484183669090271,0,0,0.0477417036890983,0,1,0.6716973185539246,1,0,0.4533102512359619,0,1,0.8982833027839661,1
617ea36830c24b725ac31c81cbe6bdbd,68,0,0.3628281056880951,0,0,0.2386097759008407,0,0,0.2191157937049865,0,0,0.2226486355066299,0,0,0.1936506927013397,0
61811eeeb8edb37cac44cdaa6cd30364,68,1,0.6327142119407654,1,0,0.3077277541160583,0,0,0.482193261384964,1,1,0.7171211838722229,1,1,0.8362114429473877,0
6182777129374eb463e2b20ed36b4011,68,0,0.3553729355335235,0,1,0.1040792539715766,0,1,0.4131929278373718,0,0,0.6507564187049866,0,0,0.8632293343544006,0
618777b8305b062583337d9a6b7a3d4e,68,0,0.35225310921669,0,0,0.0579789318144321,0,0,0.3785707950592041,0,0,0.5187840461730957,0,0,0.8618403673171997,0
618881f58ff428d49dc4b830c762845f,68,0,0.2545545697212219,0,0,0.3114021420478821,0,0,0.0608446933329105,0,0,0.0958455651998519,0,0,0.1462089419364929,0
61b5b9b49242ae40885781dd2c1a2cb0,68,0,0.3502302765846252,0,0,0.388641893863678,1,0,0.28798308968544,0,0,0.2775068283081054,0,0,0.5857253074645996,0
61c0f32c4fad9cadae858544705625dd,68,0,0.2918557822704315,0,0,0.0743779614567756,0,0,0.0871734619140625,0,0,0.1486276090145111,0,0,0.1349489241838455,0
61eab9bde303d3cd00fb9a4137b7ea22,68,0,0.4764116108417511,0,0,0.0318247303366661,0,0,0.3787516951560974,0,0,0.3712453246116638,0,0,0.8566184043884277,0
62019939690f6d1adffa89335bc8822f,68,0,0.5087512135505676,1,1,0.2316429316997528,0,0,0.2091547101736068,0,0,0.4495733380317688,0,0,0.6060261726379395,0
622892fc0ef372c3c6c99d593c341f2f,68,1,0.5672734975814819,1,1,0.7033155560493469,1,0,0.4614851772785187,1,0,0.4679749310016632,0,0,0.6487210392951965,0
624ad6845050f024902fd3fce5402988,69,0,0.310193657875061,0,0,0.7966049909591675,1,0,0.1496859490871429,0,0,0.13802070915699,0,0,0.1735936850309372,0
626185fb9e429be96fdf29f0c1ec665a,69,0,0.2210447639226913,0,0,0.0893106758594513,0,0,0.1480337381362915,0,0,0.6086746454238892,0,0,0.6083322763442993,0
6262074ab507148344a09ead5941c3b8,69,0,0.3244837522506714,0,0,0.0878119245171547,0,0,0.1136159598827362,0,0,0.3199814558029175,0,0,0.1839920431375503,0
627085177f108602d3bdcf13a1748354,69,0,0.4353883266448974,0,0,0.0390904620289802,0,0,0.5667191743850708,1,0,0.6182961463928223,0,0,0.8364676833152771,0
6273626dc6aded042607dd342de195af,69,0,0.2594432830810547,0,0,0.2668356895446777,0,0,0.1529574245214462,0,0,0.4119276404380798,0,0,0.3880329430103302,0
62c427184e17db926037ce718ed2d202,69,0,0.3743658065795898,0,0,0.845437228679657,1,0,0.430400013923645,1,0,0.4621473848819732,0,0,0.6361380815505981,0
62e12180474ea235f3e915afb79b1aaa,69,0,0.3432375788688659,0,0,0.101929560303688,0,0,0.1717941462993621,0,1,0.4807810485363006,0,0,0.7250281572341919,0
6325341c36f40a4641b62c3131d82b4e,69,0,0.2872518897056579,0,0,0.3183850347995758,0,0,0.1270454227924347,0,0,0.4524498283863067,0,0,0.2121888399124145,0
6325ed4ab3c3d0233263c751e7452907,69,0,0.544356644153595,1,1,0.701240062713623,1,0,0.3051199913024902,0,0,0.509619414806366,0,0,0.6003453731536865,0
6330b65f66ce37f9a3a3916a9850c6b5,69,0,0.1912958621978759,0,0,0.0798685103654861,0,0,0.1071584969758987,0,0,0.3987238705158233,0,0,0.6193015575408936,0
63766e86c0ffb84139f35b8809380326,69,0,0.431560218334198,0,0,0.1900081038475036,0,0,0.3232099413871765,0,0,0.4997770488262176,0,0,0.7716674208641052,0
63a81da4e2cbd78bdf8eddbdc368b3fb,69,0,0.3627710044384002,0,0,0.7263660430908203,1,0,0.2263187766075134,0,0,0.3418381512165069,0,0,0.1782267838716507,0
63d11e1a4e6167f0625d0276fa926a47,69,0,0.2485138773918151,0,0,0.0641549229621887,0,0,0.1951265037059784,0,0,0.6556668281555176,0,0,0.631166398525238,0
63e68d84225031fbfd93bb129a808eb7,69,1,0.5334855318069458,1,0,0.0684092938899993,0,0,0.3523100614547729,0,0,0.9466695189476012,1,0,0.4179355800151825,0
642719d5349009d7f20e33a5c65752e1,69,1,0.7133084535598755,1,0,0.1900728046894073,0,0,0.5535840392112732,1,0,0.7930138111114502,1,0,0.7867385149002075,0
645e178a29fb3afd99c82be559afb26e,69,0,0.4289460480213165,0,0,0.0162045061588287,0,0,0.2932409644126892,0,1,0.6645454168319702,0,0,0.7055660486221313,0
645f1d663a0008a679a6187bef19e968,70,0,0.2570779621601105,0,0,0.0163331944495439,0,0,0.1719715893268585,0,0,0.3607458770275116,0,0,0.4582474827766418,0
6490e2cf8ea994ef53c06c287d59085d,70,0,0.3598988950252533,0,0,0.0158986151218414,0,0,0.1727323830127716,0,0,0.2915907800197601,0,0,0.3322785794734955,0
64a157c58ebf8f3c33287c75c6ec4767,70,0,0.2057928144931793,0,0,0.4663737118244171,1,0,0.1867286115884781,0,0,0.3092988729476928,0,0,0.4786944389343261,0
64fb0a3840ef0a2c922c91571f27688f,70,0,0.2035560756921768,0,0,0.0056627965532243,0,0,0.0348586067557334,0,0,0.1617043018341064,0,0,0.0941960886120796,0
650b995364f405a9341f39f50126ffcf,70,0,0.2357891947031021,0,0,0.0011813956080004,0,0,0.1040975823998451,0,0,0.3559847772121429,0,0,0.4759564101696014,0
651f80308ec0b380af4f031bd547c229,70,0,0.4702594876289367,0,0,0.6532054543495178,1,0,0.3408370912075043,0,0,0.6220366954803467,0,0,0.4739459455013275,0
65279dbfdffd5d1250e8f7d0293d5727,70,0,0.1861205101013183,0,0,0.0053650136105716,0,0,0.0919616371393203,0,0,0.2915907204151153,0,0,0.6122005581855774,0
652ae3349c1019e5b64e7e967f29c5d9,70,0,0.4285832345485687,0,0,0.1125871837139129,0,0,0.2299038916826248,0,0,0.5206466913223267,0,0,0.3852406144142151,0
652bd062cf5ccabe5e120d5fecfd46b0,70,0,0.5043485164642334,1,0,0.2613320648670196,0,0,0.5802693367004395,1,0,0.7515526413917542,1,0,0.8942031264305115,1
6547bec43838410978ebabe333495e7a,70,0,0.6438391804695129,1,0,0.5685147047042847,1,0,0.7136349678039551,1,0,0.4270448684692383,0,0,0.3726268410682678,0
6581602a6339fe446da34c3bbc628dc8,70,0,0.2418148964643478,0,0,0.0096793631091713,0,0,0.2100175768136978,0,0,0.5245428681373596,0,0,0.7418809533119202,0
65865c33df06763900eca14fc91390bf,70,0,0.3251399993896484,0,0,0.2052555978298187,0,0,0.0935221314430236,0,0,0.1779352128505706,0,1,0.4317786693572998,0
658f4a76ab0e81e31d37f12c8c661b3c,70,1,0.4691933393478393,0,0,0.0048434901982545,0,1,0.3030545711517334,0,0,0.7219268679618835,1,1,0.932981252670288,1
65d990620d6cdcf8e92ea7e2eb624fc0,70,0,0.3826712965965271,0,0,0.0035424649249762,0,0,0.0990770682692527,0,0,0.4338501989841461,0,0,0.1372006982564926,0
65e600f7fd5b8cf1c3027e2165585ed8,70,0,0.4280199110507965,0,0,0.103539153933525,0,0,0.2176910489797592,0,0,0.3749594688415527,0,0,0.814969539642334,0
660579a438aedc7960b0bea9640c2df1,70,0,0.4555632174015045,0,0,0.2451263517141342,0,0,0.4519504010677337,1,0,0.6067744493484497,0,0,0.8171166181564331,0
660b7e51824df6c7e0cf8d669f7b6485,71,0,0.3312099874019623,0,0,0.2563444674015045,0,0,0.3043065071105957,0,0,0.1855656653642654,0,0,0.4603433310985565,0
660eef5eec9f1d7af587da0e67222e94,71,1,0.6272660493850708,1,1,0.0809280052781105,0,0,0.6656739115715027,1,0,0.65859454870224,0,0,0.6322941184043884,0
66204c1c0e3628601c10aae51963b5ea,71,0,0.3077675700187683,0,0,0.2554336488246918,0,0,0.2757835686206817,0,0,0.4270108640193939,0,0,0.7179940938949585,0
6621cc841cea87c5e90550935fdfb730,71,0,0.3166173994541168,0,0,0.1833871454000473,0,0,0.1368120461702346,0,0,0.393416553735733,0,0,0.4699548780918121,0
662b95447b40328a6844834af8835fd2,71,0,0.4113788902759552,0,0,0.2276293635368347,0,0,0.2132335603237152,0,0,0.3081599771976471,0,0,0.5231665372848511,0
6637c08da9b3bce162e3aa689da14574,71,1,0.5451264977455139,1,0,0.0538527406752109,0,1,0.6484586000442505,1,1,0.6222431659698486,0,0,0.4194662272930145,0
665c4a6d2693dc0286d65ab479c9b169,71,0,0.5165443420410156,1,0,0.2800902128219604,0,0,0.4467535316944122,1,1,0.9174577593803406,1,0,0.5608726739883423,0
667ee8460269a5864a0fc00b4a9bf62f,71,0,0.2003235071897506,0,0,0.0087424209341406,0,0,0.1405135095119476,0,0,0.3873945772647857,0,0,0.205091580748558,0
66999352526e3fe5ea5e2fcb065eb2c5,71,0,0.4807274937629699,0,0,0.00917658675462,0,0,0.1859498172998428,0,0,0.3650213181972503,0,0,0.305630475282669,0
669a2a0c6d62262965801dee89376343,71,0,0.1677300333976745,0,0,0.0152034135535359,0,0,0.0953867137432098,0,0,0.1740460246801376,0,0,0.1024441570043563,0
66d46e46d052f43f708037a2fa8c3587,71,0,0.2936175763607025,0,0,0.0469079576432704,0,0,0.1312944144010543,0,0,0.3600326478481293,0,0,0.4837607145309448,0
66f3c32f043f484e86d2b3e48777b1a4,71,0,0.4905654191970825,0,0,0.1545406728982925,0,0,0.116957850754261,0,0,0.3663060665130615,0,0,0.0995094552636146,0
66f8ea5f21b26731b6bd4a1574c25abb,71,0,0.4021614193916321,0,0,0.0900275558233261,0,0,0.1336675435304641,0,0,0.6179564595222473,0,0,0.4592765867710113,0
66fcdc246e2d6dbe7aae14db8b54d2ef,71,0,0.1982357800006866,0,0,0.0167761277407407,0,0,0.0720252767205238,0,0,0.2124376744031906,0,0,0.2761454880237579,0
670058d081c80065f0bc1087737093cb,71,0,0.1886961609125137,0,0,0.0122374296188354,0,0,0.045284129679203,0,0,0.4169813096523285,0,0,0.1633223891258239,0
673fdef5f3c813232620a6d2af079cac,71,1,0.6100348830223083,1,1,0.8372836112976074,1,0,0.5781332850456238,1,1,0.8897945880889893,1,0,0.6566022038459778,0
67626c635c3b17db4acd9052a06f8be5,72,0,0.2502044141292572,0,0,0.3338378071784973,0,0,0.2274829894304275,0,0,0.1977424174547195,0,0,0.3753959536552429,0
6786d1115f8dd6a72aaf6484ebfcc7aa,72,1,0.5421282052993774,1,0,0.3089292347431183,0,0,0.3245453238487243,0,0,0.3792151510715484,0,0,0.6340165138244629,0
67b03574d2c2a1cb24109269ceb021c3,72,0,0.4708695113658905,0,0,0.0105612762272357,0,0,0.0542025789618492,0,0,0.5809580683708191,0,0,0.1406477987766266,0
67b79ff73377ea7e3b3077e7fe493ca0,72,0,0.4182736575603485,0,0,0.6813777685165405,1,0,0.1727441102266311,0,0,0.2900425493717193,0,0,0.0949656292796135,0
67bbf19b5522fcff2ca65e09b1cd1df8,72,0,0.402657687664032,0,0,0.1130348816514015,0,0,0.3373768031597137,0,0,0.3890078961849212,0,0,0.8740091919898987,1
67d7e1cdaf6a8da4b2247f70d06718e3,72,0,0.5811463594436646,1,0,0.1333290785551071,0,1,0.4336680769920349,1,1,0.9197256565093994,1,0,0.4214272797107696,0
67f342c22873acfcf19d3b6501e53802,72,1,0.4357873797416687,0,0,0.0053857681341469,0,0,0.4409704506397247,1,0,0.5212871432304382,0,0,0.9223443269729614,1
6818934fdace67a5ebca75f90d598002,72,0,0.5010775327682495,1,0,0.3219046890735626,0,0,0.5407124757766724,1,0,0.3719311356544494,0,0,0.6184515953063965,0
68586360d876ffd615409150466439f2,72,0,0.4645296931266784,0,0,0.5050301551818848,1,0,0.4623556733131408,1,0,0.5575219392776489,0,1,0.7284302115440369,0
687a7fcfa8f707f5770e5191f0008037,72,0,0.2862237691879272,0,0,0.1518098711967468,0,0,0.3644349575042724,0,0,0.2307996749877929,0,0,0.6396225690841675,0
688ecdb1a4e994d42b5a50a8c4a9736f,72,0,0.417233407497406,0,1,0.8362257480621338,1,0,0.2525043487548828,0,0,0.341265469789505,0,0,0.210842877626419,0
68c57d93f9fcc74a760de0a64c6bc883,72,1,0.3028008341789245,0,0,0.1159551739692688,0,0,0.1682890355587005,0,0,0.3778290152549743,0,0,0.5936697125434875,0
68de8599cb0dad09fd695e507f3ddfd0,72,0,0.3091279566287994,0,0,0.7159402966499329,1,0,0.1624966412782669,0,0,0.1864426434040069,0,0,0.1043904200196266,0
68ea2c78d412b314ebe9b7261173f274,72,0,0.6719323992729187,1,0,0.0693132355809211,0,0,0.5847135186195374,1,0,0.4164397716522217,0,0,0.131786435842514,0
690bb572300ef08bbbb7ebf4196099cf,72,0,0.3702719211578369,0,0,0.1739258617162704,0,0,0.11675825715065,0,0,0.503575325012207,0,0,0.1143379807472229,0
690f60dc7bb8faf32394031b8c300891,72,0,0.1744309365749359,0,0,0.002214569132775,0,0,0.1264968961477279,0,0,0.3508360683917999,0,0,0.6632744073867798,0
692132c8de743f5d8d37c499fda700e7,73,0,0.3791760802268982,0,0,0.8469172120094299,1,0,0.3167565762996673,0,0,0.3361012637615204,0,0,0.3360261023044586,0
693b9d7ca60ce47d15fb730a3a0ad999,73,0,0.2177440971136093,0,0,0.0068930508568882,0,0,0.1587675660848617,0,0,0.4047988355159759,0,0,0.5850932002067566,0
69454c090ae1d9ff81da56af7c2d27b8,73,0,0.2450591474771499,0,0,0.4898174703121185,1,0,0.1907484382390976,0,0,0.2766398191452026,0,0,0.5258121490478516,0
6959b17325347f030bc39218814e23b5,73,0,0.4233432710170746,0,0,0.2116868942975998,0,0,0.2055595815181732,0,0,0.2517085373401642,0,1,0.3894404470920563,0
69697ec2f4497b9c4da61a96b30ded28,73,0,0.579521119594574,1,0,0.3204648196697235,0,0,0.3064534068107605,0,0,0.4563953578472137,0,0,0.3424032032489776,0
696b2f74de8b69decbb4f884b77c7429,73,0,0.3359507322311401,0,0,0.7867271304130554,1,0,0.1445633322000503,0,0,0.616799533367157,0,0,0.2610967755317688,0
699a8677439fd564ed21abdbf7b44db0,73,0,0.196170300245285,0,0,0.0156810972839593,0,0,0.0748901069164276,0,0,0.625960648059845,0,0,0.2623262405395508,0
69aae4076223158f2e0cfe8f6f74ce68,73,0,0.303893119096756,0,0,0.034473467618227,0,0,0.3403015434741974,0,0,0.3466708362102508,0,0,0.5574558973312378,0
69c3b647eb846e099161d2a162ea5ce0,73,0,0.4827251732349396,0,0,0.4049212634563446,1,0,0.2815040349960327,0,0,0.6731786131858826,0,1,0.460382878780365,0
69cab0314beaa8eefe2f3b4d316b2642,73,0,0.357974112033844,0,0,0.2376986294984817,0,0,0.1910778135061264,0,0,0.2601820230484009,0,0,0.4394831359386444,0
69cdda9dc9e51f15384964918ef50806,73,0,0.478372722864151,0,0,0.9065167903900146,1,0,0.5431084632873535,1,0,0.3881727755069732,0,0,0.4821335971355438,0
69d19f0d8ac223581188a5adf05cd313,73,0,0.3630135357379913,0,0,0.4764180481433868,1,0,0.3086151778697967,0,0,0.38253054022789,0,0,0.2042052149772644,0
69e11ab385dac820accda778f80af430,73,0,0.3572463095188141,0,0,0.0126761468127369,0,0,0.1884306073188781,0,0,0.471168041229248,0,0,0.4973752796649933,0
69f8a7c2bc453e0c3c71442dd0c46d91,73,0,0.4573603868484497,0,0,0.0248244851827621,0,0,0.3082600235939026,0,0,0.4899266362190246,0,0,0.7539418935775757,0
69fa47c3c46618fe8c58966a2cc66aef,73,0,0.4179508984088897,0,0,0.2122304290533065,0,0,0.4646592140197754,1,0,0.7695559859275818,1,0,0.4262087345123291,0
6a31846520f47386beb48675231cde3b,73,0,0.2281607091426849,0,0,0.0066213300451636,0,0,0.033683743327856,0,0,0.2721828520298004,0,0,0.0819150879979133,0
6a5838d715564084f35e0719e58fe610,74,0,0.1577188521623611,0,0,0.207186609506607,0,0,0.0401339791715145,0,0,0.1859892457723617,0,0,0.1073456034064292,0
6a7a509436c9822e6481247f7df41779,74,0,0.291211724281311,0,0,0.0584338493645191,0,0,0.1049173176288604,0,0,0.286825567483902,0,0,0.497964471578598,0
6ae39ad5e196a92fbba5d134ef59463d,74,0,0.453703224658966,0,1,0.950141668319702,1,0,0.5234730839729309,1,0,0.4904293715953827,0,0,0.5730392336845398,0
6ae66f1bc9c08766adb65d366a60e2b0,74,0,0.2061407268047332,0,0,0.0166843999177217,0,0,0.0369137115776538,0,0,0.1388598084449768,0,0,0.0597398579120636,0
6ae67e95de277c280873ec6a0dd3dc01,74,0,0.2346644699573516,0,0,0.0928940400481224,0,0,0.1562572419643402,0,0,0.3011433780193329,0,0,0.7151914834976196,0
6af0347de5ced3d7daa3c5db56c4ebf4,74,0,0.3927279710769653,0,0,0.4820784330368042,1,0,0.1843992620706558,0,0,0.2966063618659973,0,0,0.2581907510757446,0
6b393b32817f727c23d31e2333876763,74,0,0.3618291616439819,0,0,0.2309713065624237,0,0,0.1942336708307266,0,0,0.3177071213722229,0,0,0.4505191147327423,0
6b3e4fda37acc0d488a930b100fa0317,74,0,0.2555170357227325,0,0,0.0373681113123893,0,0,0.2028982192277908,0,0,0.411025732755661,0,0,0.7137035131454468,0
6b6a6751b4156410868de79d1a6ca72a,74,0,0.2606972157955169,0,0,0.844290018081665,1,0,0.2078280448913574,0,0,0.2513248026371002,0,0,0.6157673001289368,0
6b872791e23742f6c33a08fc24f77365,74,0,0.2533621788024902,0,0,0.3374768495559692,0,0,0.0681477785110473,0,0,0.16006401181221,0,0,0.1882034987211227,0
6b94fef0e417c083388ba961b1d2786a,74,0,0.4116967618465423,0,1,0.1842768490314483,0,0,0.1681330054998397,0,0,0.532665491104126,0,0,0.4243481159210205,0
6be87996a6f4e9339892c7b8c3af42f3,74,0,0.2449031323194503,0,0,0.0175297986716032,0,0,0.2727194428443908,0,0,0.4257708191871643,0,0,0.8440265655517578,0
6bf51457a3a0798a7d00fdce6d50756f,74,0,0.5188289880752563,1,0,0.3385830223560333,0,0,0.1744702905416488,0,0,0.3088017702102661,0,0,0.1434613913297653,0
6c0557a8c8475e92ba4118e480157ff5,74,0,0.3341998159885406,0,0,0.2000288218259811,0,0,0.1685483604669571,0,0,0.5025301575660706,0,0,0.4062840342521667,0
6c093584e2497ef2129a3bdbaac44060,74,0,0.4003393650054931,0,1,0.9486002922058104,1,0,0.4798087775707245,1,0,0.3453616201877594,0,0,0.4959310293197632,0
6c096a44b9b644d74f7a2dc79401f475,74,0,0.2678166329860687,0,0,0.0172523781657218,0,0,0.0566675141453743,0,0,0.2783880233764648,0,0,0.233035072684288,0
6c17cc0ca0591575ae3f0ae62fd9edef,75,0,0.4564600884914398,0,0,0.0053167650476098,0,1,0.8501988649368286,1,1,0.8681621551513672,1,0,0.7705795764923096,0
6c1abadac7cba4b7ace5ef35d67b0082,75,0,0.2995953559875488,0,0,0.0549101531505584,0,0,0.2809312045574188,0,0,0.6065468788146973,0,0,0.7459145784378052,0
6c28ef5c6b6bc382a9c5b70fbe7f1864,75,0,0.3039856851100921,0,0,0.0926958173513412,0,0,0.1371163129806518,0,0,0.2885418534278869,0,0,0.4253405034542084,0
6c4f50895f5342d5377b80c6dca50ac4,75,0,0.2206037789583206,0,0,0.008436587639153,0,0,0.1223054528236389,0,0,0.3496038913726806,0,0,0.5919870138168335,0
6c6c4e6cb64f4291077af260d3f696d1,75,0,0.5661898851394653,1,0,0.2583922147750854,0,0,0.1981607228517532,0,0,0.1142485588788986,0,0,0.0588164962828159,0
6c71ea8dbd37e59b995085cd189e1621,75,0,0.6105736494064331,1,0,0.0198110453784465,0,0,0.4043206870555877,0,0,0.6230149865150452,0,1,0.4840006232261657,0
6c9502d09e81b5505727e86481d2ed51,75,0,0.1493294090032577,0,0,0.0914816707372665,0,0,0.0996956229209899,0,0,0.4956186413764953,0,0,0.569114089012146,0
6ca2a9acd3421424f26805ef49e9bdff,75,0,0.251099556684494,0,0,0.007407265715301,0,0,0.2924011945724487,0,0,0.3745822012424469,0,0,0.7181383371353149,0
6cbbbc0e77251e60d6f4af673cc19e2a,75,1,0.6683811545372009,1,1,0.108160562813282,0,1,0.8867846131324768,1,0,0.4665663838386535,0,1,0.6125380396842957,0
6cbf4295b5b72bc01ef6fd171ef7733e,75,1,0.7046076059341431,1,0,0.2422223091125488,0,1,0.6054343581199646,1,0,0.3483642935752868,0,0,0.5020975470542908,0
6cce56dda2a5b90c9ac2987b1a8e3f45,75,0,0.2881793081760406,0,0,0.0611378923058509,0,0,0.1673947274684906,0,0,0.4146778285503387,0,0,0.6836873888969421,0
6cd9d28658e91fe717e33e2f8b10e81a,75,0,0.5908430814743042,1,1,0.5004108548164368,1,0,0.4215069115161896,0,0,0.6150305271148682,0,1,0.7947860360145569,0
6ce0806845f2f73ef1665353979d581f,75,0,0.5142989754676819,1,0,0.1030582562088966,0,0,0.0657864138484001,0,0,0.0730338096618652,0,0,0.054057877510786,0
6ce444e8adaafc7d20422f662b9ef160,75,0,0.5609206557273865,1,0,0.2791516780853271,0,0,0.4447803497314453,1,0,0.3436424732208252,0,0,0.3678657710552215,0
6ced1a5ca6625e9c00070e14a98cf816,75,0,0.1559540331363678,0,0,0.0109275160357356,0,0,0.0693629086017608,0,0,0.4417170584201813,0,0,0.4287020266056061,0
6cf8916303a07f3909297be170f21f7a,75,0,0.3282783925533294,0,0,0.7955622673034668,1,0,0.263999342918396,0,0,0.2746213376522064,0,0,0.3830656707286834,0
6d2219f1c8c4af1e05acfe2c6e02f1d5,76,0,0.1694137454032898,0,0,0.00286251376383,0,0,0.081301748752594,0,0,0.3230165839195251,0,0,0.1530583053827285,0
6d3d6b53f358a983b486e9e03144eb62,76,0,0.3428458273410797,0,0,0.0463439188897609,0,0,0.2822031080722809,0,0,0.6258676648139954,0,0,0.5987558364868164,0
6d5cbffaa090403113687a73278ba98e,76,0,0.3452821671962738,0,0,0.5600104928016663,1,0,0.2685180306434631,0,0,0.1961124539375305,0,0,0.3170780837535858,0
6d63702f8b638639e72c9b72e504d45d,76,0,0.4057615101337433,0,0,0.3538770377635956,0,0,0.2378472983837127,0,0,0.1597381383180618,0,0,0.5208597779273987,0
6d7b08da7043a6e7c2d18424e329ced4,76,0,0.3088472187519073,0,0,0.3531416356563568,0,1,0.2568257749080658,0,0,0.4025339484214782,0,0,0.658873975276947,0
6da36354fc904b63bc03eb3884e0c35c,76,0,0.4879023730754852,0,0,0.0370964705944061,0,0,0.578244686126709,1,0,0.4850897789001465,0,1,0.7480849027633667,0
6db59ec25f0f8ab882e5ce79b1688aed,76,0,0.4851807355880737,0,0,0.2293063998222351,0,0,0.4124812185764313,0,0,0.5137491226196289,0,1,0.9052139520645142,1
6dd5ddb94bf5028c69056c4d9af92cd9,76,0,0.3593156039714813,0,0,0.03834168612957,0,0,0.2830818295478821,0,0,0.2969968616962433,0,0,0.606378972530365,0
6ddb758545f7aa226b736fa869cfb946,76,0,0.2346295714378357,0,0,0.3092569708824157,0,0,0.0551103465259075,0,0,0.1921452432870865,0,0,0.1153038516640663,0
6ddfbc87602afc5ef112b401637ef3ae,76,0,0.1751119494438171,0,0,0.0140744484961032,0,0,0.0802720189094543,0,0,0.358242005109787,0,0,0.4884847998619079,0
6de2e33c4814358a4af07f0d2b03e2de,76,0,0.4636015594005584,0,1,0.8377666473388672,1,0,0.4655516743659973,1,0,0.3632716536521911,0,0,0.5482685565948486,0
6e07fab2014be723250f7897ab6e3df2,76,0,0.5966351628303528,1,0,0.3448963463306427,0,0,0.2809934616088867,0,0,0.1941280961036682,0,0,0.0393757857382297,0
6e1cefab110115d73b04accbe36df6f0,76,0,0.3570644855499267,0,0,0.0657085925340652,0,0,0.2209576815366745,0,0,0.2998210489749908,0,0,0.534286379814148,0
6e27c7b2eed8f7a3d6342e242a89c631,76,0,0.4576883018016815,0,0,0.4510310888290405,1,0,0.51627117395401,1,0,0.4111347198486328,0,0,0.8275315761566162,0
6e5612b9b3f15553bd159ead3b22e09d,76,1,0.5565019249916077,1,0,0.0268112290650606,0,1,0.8618252277374268,1,0,0.8332132697105408,1,0,0.6308375597000122,0
6e735c0945a973a1cc5f091eea115292,76,1,0.5621856451034546,1,0,0.080794557929039,0,0,0.6566463112831116,1,1,0.6490781307220459,0,0,0.7184019684791565,0
6e7d48015a85db1c2bc29bf3479e598f,77,1,0.4487202167510986,0,0,0.0251883771270513,0,0,0.5115769505500793,1,0,0.8935839533805847,1,0,0.7363815903663635,0
6e7d4b9cf93fee47afe3c299da9cd589,77,0,0.4133106470108032,0,0,0.8087549805641174,1,0,0.3482897877693176,0,0,0.3153794109821319,0,0,0.3943659365177154,0
6e911d2832e14bb624a486bea52220d6,77,0,0.3956020474433899,0,1,0.5544037818908691,1,0,0.4962421953678131,1,0,0.5370911955833435,0,0,0.8510301113128662,0
6e930ab867c57f51c91565b9d251ecc0,77,0,0.3462025821208954,0,0,0.0988235175609588,0,0,0.1971099227666854,0,0,0.496040016412735,0,0,0.6497160196304321,0
6ebfa96ac20b0558ad4d0ff155df4035,77,0,0.2423779517412185,0,0,0.0395835600793361,0,0,0.455302357673645,1,0,0.4420161843299866,0,0,0.6099714636802673,0
6ee33e87bb9db350f4492c105b484d7b,77,0,0.3404518365859985,0,0,0.0732441246509552,0,0,0.1598913818597793,0,0,0.6922357082366943,1,0,0.4954527616500854,0
6ee6a322ef5a5c52b1e160c2ef5e83fd,77,0,0.529069721698761,1,0,0.1584464758634567,0,0,0.4633623957633972,1,0,0.478649377822876,0,0,0.4300107359886169,0
6efc2a619fbf842eeadbb1abc9b523f5,77,0,0.4412510693073272,0,0,0.6390998959541321,1,0,0.407900869846344,0,0,0.7244905829429626,1,0,0.3894276618957519,0
6f04094bb30e028d5ae7dba96788e9dd,77,0,0.2767640650272369,0,0,0.2344406694173813,0,0,0.2581585049629211,0,0,0.4533061385154724,0,0,0.4169048368930816,0
6f1fcc25543d35bc02e348deabf59581,77,1,0.4487861394882202,0,0,0.0183495748788118,0,1,0.8726138472557068,1,1,0.7901153564453125,1,0,0.4356505274772644,0
6f2237ac129bdb372382853afb3fee6f,77,0,0.3298926055431366,0,0,0.0724015012383461,0,0,0.1406247913837433,0,0,0.2931423783302307,0,0,0.5048193335533142,0
6f275a49e59b6d07416bfd3b8b73f7a8,77,0,0.2043371945619583,0,0,0.0073792892508208,0,0,0.0511813126504421,0,0,0.1472538262605667,0,0,0.0282458197325468,0
6f375ce065ee91c25505dc4677b1e495,77,0,0.3777872920036316,0,0,0.022574221715331,0,0,0.1994042098522186,0,0,0.4971908628940582,0,0,0.7024457454681396,0
6f681094d26fc24ffac5f0dcbb12c5e4,77,0,0.3966340124607086,0,0,0.0698505342006683,0,1,0.6232428550720215,1,0,0.7130185961723328,1,0,0.492316871881485,0
6f69a6354bed9fabd85e9d5766075075,77,0,0.2162558585405349,0,0,0.4614410102367401,1,0,0.0771167650818824,0,0,0.3185655474662781,0,0,0.1281651556491851,0
6f80079783fd3bf3df3fed4d0733d511,77,0,0.4611352980136871,0,0,0.1660930067300796,0,0,0.1612642109394073,0,0,0.2994231581687927,0,0,0.5814191699028015,0
6f8320a9c444090bd55010537a9e7dcb,78,1,0.455633133649826,0,0,0.0031517120078206,0,1,0.906086266040802,1,0,0.6417638063430786,0,0,0.7058988213539124,0
6f85d2a7982a02cea67abf229e402404,78,0,0.3551777005195617,0,0,0.0181337818503379,0,0,0.1538374572992324,0,0,0.3077651560306549,0,0,0.1338272094726562,0
6f8b23eee8e3c3e4e47173d141f9b791,78,0,0.7087775468826294,1,1,0.8182521462440491,1,0,0.7405771017074585,1,0,0.4821016788482666,0,0,0.6087402105331421,0
6f915569b8a5b8143cfe9e17f421355c,78,0,0.4900693893432617,0,0,0.4174329936504364,1,0,0.2858442068099975,0,0,0.261867493391037,0,0,0.4866498410701751,0
6fa8814e8159cc0e7ac6d0477c0e6164,78,0,0.2553780376911163,0,0,0.0048347138799726,0,0,0.0233197100460529,0,0,0.2717144191265106,0,0,0.0422794185578823,0
6facd092dfec22384fd9446fd84c1ce3,78,0,0.3612576127052307,0,0,0.0401536934077739,0,0,0.127297967672348,0,0,0.7021464109420776,1,0,0.3169412314891815,0
6fb36dc586cdfd180b79f23f4cd447f0,78,0,0.350539356470108,0,0,0.2002522349357605,0,0,0.4147552251815796,0,1,0.6910896301269531,1,0,0.6234555840492249,0
6fdc6a34720c31d685942b7bb44f9612,78,0,0.158794954419136,0,0,0.0016204842831939,0,0,0.0163627285510301,0,0,0.3133634626865387,0,0,0.0641552582383155,0
6fe306d319701f17fdf9d477bc2d1251,78,0,0.4744213223457336,0,0,0.1381720155477523,0,0,0.4678630232810974,1,0,0.4346787631511688,0,0,0.5180599093437195,0
6fe65e41cb661237e9030f191e3a2a9b,78,0,0.4128660857677459,0,0,0.8217876553535461,1,0,0.2647371292114258,0,0,0.2112123519182205,0,0,0.2497396171092987,0
6fe8ac8da89618e402e51dd7e1e103fe,78,0,0.2757933735847473,0,0,0.2086445540189743,0,0,0.4003143608570099,0,0,0.4402115643024444,0,0,0.5551900863647461,0
6febf1e7c57204153c4751a1bf6e39cc,78,0,0.442969262599945,0,0,0.1489319205284118,0,0,0.34190633893013,0,0,0.5789811611175537,0,0,0.7109426259994507,0
700ae38015597465d1f8e99b3885afb7,78,0,0.7145314812660217,1,0,0.4030570089817047,1,1,0.9428686499595642,1,0,0.4091638326644897,0,0,0.6777833700180054,0
703257c7585df8905ab7962f4a598bb2,78,0,0.249628946185112,0,0,0.0016585537232458,0,0,0.1626125127077102,0,0,0.5853779911994934,0,0,0.7952362298965454,0
703cd1b366d83f31d96b478a41dc1b2c,78,0,0.3003059923648834,0,0,0.1620992124080658,0,0,0.1788077354431152,0,0,0.5259469747543335,0,0,0.6729569435119629,0
703f3e88b76dc44678a08cc71e2e23be,78,0,0.2385704964399337,0,0,0.0007693343795835,0,0,0.084104411303997,0,0,0.7491257190704346,1,0,0.1756915748119354,0
704b25bea8a6e8f0ed239f15b14fb68b,79,1,0.4030009508132934,0,0,0.0106119224801659,0,1,0.5417956113815308,1,0,0.7275530695915222,1,0,0.7880651950836182,0
7060531528cdf18aab89ddc252354c1d,79,0,0.5352734923362732,1,0,0.9530894160270692,1,0,0.2376087009906768,0,0,0.1797325760126114,0,0,0.072135180234909,0
706814b8f626ce46d5614029ec51dc44,79,0,0.3438957929611206,0,0,0.0130060855299234,0,1,0.3010154068470001,0,1,0.6920116543769836,1,1,0.866825520992279,0
7069dd8c7c8c846ce7e73e4b10a432fc,79,0,0.1531341671943664,0,0,0.0263670608401298,0,0,0.0817715153098106,0,0,0.199905589222908,0,0,0.635221540927887,0
7073d58de75ee80e16ec3a4458349f90,79,0,0.6820704340934753,1,1,0.7630719542503357,1,0,0.8026750087738037,1,0,0.763692319393158,1,0,0.6988325715065002,0
7087e60b5382e43856c13a72ca679c6e,79,1,0.3926289081573486,0,0,0.0025820424780249,0,1,0.3897032737731933,0,1,0.7150620222091675,1,1,0.9124820232391356,1
70ac27185833639e72610a5f6b937ee0,79,0,0.4299724102020263,0,1,0.2409354746341705,0,0,0.2644283473491668,0,0,0.412336528301239,0,0,0.7124146819114685,0
70b513210efb66bdbb469eeb3b3266d5,79,0,0.3321923911571502,0,0,0.0833483189344406,0,0,0.0872182622551918,0,0,0.1454103887081146,0,0,0.2952352464199066,0
70e3e8abfeb3eaae756976b397217311,79,0,0.5035517811775208,1,1,0.7594479322433472,1,0,0.4488886594772339,1,0,0.4054121077060699,0,0,0.8263974189758301,0
710139037804abe11795c4544fba66e5,79,0,0.3156015872955322,0,0,0.0592952072620391,0,0,0.1488667130470276,0,0,0.3049676120281219,0,0,0.5922521948814392,0
710700d3055a746543394296d1fb736e,79,0,0.3542130291461944,0,0,0.0050236470997333,0,0,0.3062376379966736,0,0,0.7370724081993103,1,0,0.8106259107589722,0
7109c2bb3c552f274418c7d7d769445d,79,0,0.4934934079647064,0,0,0.0608173049986362,0,0,0.1686440706253051,0,0,0.5778819918632507,0,0,0.2386800795793533,0
711dc542c6c7e2b21889838cd050a810,79,0,0.4344590306282043,0,0,0.1702956110239029,0,0,0.5607705116271973,1,0,0.4706260561943054,0,0,0.5788295269012451,0
714003ac5b8363ff20f6b187ce55ae9e,79,0,0.4939570724964142,0,0,0.5879884362220764,1,0,0.224542498588562,0,0,0.4043392539024353,0,1,0.4665331244468689,0
7142d5dae053a2b32c4225f7cf671d8c,79,0,0.292355865240097,0,0,0.7131490111351013,1,0,0.2310890406370163,0,0,0.237942561507225,0,0,0.2436528205871582,0
714d10886bc8bf6a1f1adc0f61127071,79,0,0.2142271697521209,0,0,0.5593590140342712,1,0,0.2911088168621063,0,1,0.8486422300338745,1,0,0.1414010226726532,0
7158cb1a21c2af6490567b0fe1dfaae0,80,1,0.2713795304298401,0,0,0.0029054887127131,0,0,0.2603635787963867,0,0,0.7120685577392578,1,0,0.8526971936225891,0
715f936a0ab2aca1f671041c7704e15f,80,0,0.2803630530834198,0,0,0.0411061234772205,0,0,0.1751506626605987,0,0,0.5367366671562195,0,0,0.6261348724365234,0
7199ee845675a788a07d629d325a431a,80,0,0.5825217366218567,1,1,0.8345297574996948,1,0,0.633581817150116,1,0,0.5542135238647461,0,0,0.6943773031234741,0
71ae8a44d7e82a2d5672d04d3d7b48f8,80,0,0.2957437634468078,0,0,0.1129969134926796,0,0,0.0873808711767196,0,0,0.2432166934013366,0,0,0.4558683335781097,0
71b4eda82984d225fdddc3a4d1d32ad5,80,0,0.2243428975343704,0,0,0.2894740700721741,0,0,0.097873255610466,0,0,0.2668679654598236,0,0,0.1377859562635421,0
71c27a4f0124bfee54339b40ee4164cc,80,0,0.5854361653327942,1,0,0.405994176864624,1,0,0.326456069946289,0,0,0.4256179630756378,0,0,0.4031596183776855,0
71c75db6da20e3320fb90ca9b018ab31,80,0,0.2350372374057769,0,0,0.3688218593597412,1,0,0.1481903046369552,0,0,0.174204409122467,0,0,0.5207305550575256,0
71e9666b94e09e7485ab6350036faea6,80,0,0.3574371933937073,0,0,0.3468278646469116,0,0,0.1635522246360778,0,0,0.4394719004631042,0,0,0.4811232984066009,0
72039a144501dd60065d7f5e9e0c8385,80,0,0.2765179276466369,0,0,0.0346300527453422,0,0,0.0322188027203083,0,0,0.118492990732193,0,0,0.0316482670605182,0
721f5da499fd2c079738720daaa2706f,80,0,0.2556063830852508,0,0,0.039134781807661,0,0,0.2264844179153442,0,0,0.3895063400268554,0,0,0.2539344131946563,0
7222b97b9a833ddac0e188319a3c4af3,80,0,0.2493548989295959,0,0,0.0708556547760963,0,0,0.0779906213283538,0,0,0.2142986357212066,0,0,0.2704113125801086,0
724c7003e9c18c07c5f925edd825ef02,80,1,0.3973433673381805,0,0,0.025619301944971,0,0,0.2416727691888809,0,0,0.5608698129653931,0,1,0.8451228141784668,0
7257660acd36f94fab12cc9626d58da9,80,0,0.3630493581295013,0,0,0.0156764015555381,0,0,0.1436803936958313,0,0,0.4769887328147888,0,0,0.3190401792526245,0
72842226962cd50c932146b07bec593e,80,0,0.4161311984062195,0,0,0.0658561289310455,0,0,0.1775092184543609,0,0,0.5850474238395691,0,0,0.5015499591827393,0
7285810152dc8bc8a7e300f7e431b553,80,0,0.2921784818172455,0,0,0.0023635702673345,0,0,0.1397995054721832,0,0,0.2949631214141845,0,0,0.390737235546112,0
728b3cf755f42fd628ff5fee7bf338d5,80,0,0.3924627304077148,0,0,0.0108359036967158,0,0,0.0784894376993179,0,0,0.1584727466106414,0,0,0.1874744594097137,0
729beaed8db4766d1aa3bb237a047e7a,81,0,0.3368023633956909,0,0,0.0723336264491081,0,0,0.0825734436511993,0,0,0.2084166407585144,0,0,0.0752101093530654,0
72a272f0770ae72999e9afa93a5bf024,81,1,0.5178543925285339,1,0,0.0375315770506858,0,1,0.7171177268028259,1,0,0.6216655969619751,0,0,0.4751661121845245,0
72b5767e2d03a32d3a3514f851f0c872,81,0,0.4443073570728302,0,0,0.7451527118682861,1,0,0.2270904779434204,0,0,0.2646266520023346,0,0,0.2552574872970581,0
72bf61e8260519dbf3d388f964dacd44,81,1,0.5517390966415405,1,0,0.0112079652026295,0,0,0.3067475855350494,0,0,0.4737863540649414,0,0,0.3454738259315491,0
72cfa22b529d2ae71985b2636cb9baf8,81,1,0.3979896605014801,0,0,0.2038594186305999,0,1,0.3603305518627167,0,0,0.5727430582046509,0,0,0.802963137626648,0
72d2a167034f2cb425bcf7897137c464,81,0,0.6036989092826843,1,1,0.2716057300567627,0,0,0.3501719832420349,0,0,0.4784094989299774,0,0,0.6097545623779297,0
72d693c05239faab88247fd1d98f2cbe,81,0,0.3382364213466644,0,0,0.1222416162490844,0,0,0.1675057411193847,0,0,0.5338371992111206,0,0,0.3758087754249573,0
72e0c97617b24b368795a2711b66def3,81,0,0.4559067785739898,0,1,0.970597803592682,1,0,0.3478450775146484,0,0,0.37832772731781,0,0,0.3940178155899048,0
72fce426937854b7068b528e2a3c96d7,81,1,0.6415055990219116,1,0,0.1422638744115829,0,1,0.4825767278671264,1,1,0.9461717009544371,1,1,0.456790566444397,0
730f25f4ac6b4fd10d9cf582494c911e,81,1,0.5409621596336365,1,0,0.1336520314216613,0,1,0.921882390975952,1,0,0.739775538444519,1,0,0.5568163990974426,0
7324a6d2f3cdb80878587b427f6df871,81,0,0.4084148108959198,0,0,0.1539981067180633,0,1,0.6319371461868286,1,0,0.7737503051757812,1,1,0.5713186860084534,0
7333af45f987aed199da0aed5dd59fd6,81,0,0.3475826382637024,0,0,0.1377258449792862,0,0,0.2294684946537017,0,0,0.6948041915893555,1,0,0.6814456582069397,0
734c7dc48a16c5a16188bd0ec7d05fe9,81,0,0.242400586605072,0,0,0.2407292127609253,0,0,0.3422559797763824,0,0,0.4935812056064605,0,0,0.8515451550483704,0
735ea124180d108f676db6adb5b1ba98,81,0,0.3888639807701111,0,1,0.8112043142318726,1,0,0.4618774950504303,1,0,0.4147452712059021,0,0,0.3372732400894165,0
73899609bfb60b2fd74a699b2e5add8c,81,0,0.2866918742656708,0,0,0.0367230251431465,0,0,0.1291046738624572,0,0,0.2406375110149383,0,0,0.3750769197940826,0
739077a7a2add5c87ca97bda44c8bb95,81,0,0.1281806975603103,0,0,0.0103726396337151,0,0,0.0365813970565795,0,0,0.1428205966949463,0,0,0.0618098564445972,0
739933ba1ccf7631b311a2030dc76f8e,82,0,0.5624349117279053,1,1,0.5517793297767639,1,0,0.6278242468833923,1,0,0.3628531694412231,0,0,0.2815223336219787,0
73a47bff27e977dc25c0b2cd4a470eea,82,0,0.2091817855834961,0,0,0.1938504576683044,0,0,0.1620129346847534,0,0,0.3158538937568664,0,0,0.5373185873031616,0
73b9dabe01f791147d0da48d4c6b6bb8,82,0,0.1841893494129181,0,0,0.1452418118715286,0,0,0.1282305568456649,0,0,0.2271955162286758,0,0,0.2557577192783355,0
73dba107969801cde6ff7bfe518274b2,82,0,0.4281535148620605,0,0,0.1189191192388534,0,0,0.1206666454672813,0,0,0.328476220369339,0,0,0.1053136512637138,0
73eeafd1126ebf01dab13840d0b9a97b,82,0,0.544384777545929,1,1,0.8499587774276733,1,0,0.4592379629611969,1,0,0.556669294834137,0,0,0.7623721361160278,0
743ba45b288dad1b64c80f525226df65,82,0,0.2082748562097549,0,0,0.0548233687877655,0,0,0.1245156601071357,0,0,0.4841794371604919,0,0,0.7461351156234741,0
7441457f4e2b2eba4682470448f256c1,82,0,0.3303897678852081,0,0,0.0078364200890064,0,0,0.0973019450902938,0,0,0.3619141280651092,0,0,0.2336352914571762,0
74529936ae10f51ecfb193b3f504fb50,82,0,0.5775682926177979,1,0,0.4791567027568817,1,0,0.3360042870044708,0,0,0.2902879118919372,0,0,0.3826988041400909,0
7468f45287e2ad4f1375f721fbe92202,82,0,0.4150465130805969,0,0,0.455526202917099,1,1,0.1778124272823333,0,0,0.3917359113693237,0,0,0.445988655090332,0
74897408dcbd69ef7c76cbbbbeb722d6,82,1,0.5955551862716675,1,1,0.3151044845581054,0,0,0.5165464878082275,1,0,0.5314543843269348,0,1,0.667905330657959,0
74925ac400da8ead8dfa6a30de1e8f4d,82,0,0.2770478725433349,0,0,0.0387048795819282,0,0,0.0996781438589096,0,0,0.3142741322517395,0,0,0.5702788233757019,0
74a3a1f2bbeacbfe81b567713d01cc85,82,0,0.1960116922855377,0,0,0.0881115272641182,0,0,0.0231556240469217,0,0,0.1742197573184967,0,0,0.0794933810830116,0
74a889a192f72244c10e6d0c691b68e1,82,0,0.3069380521774292,0,0,0.0023102730046957,0,0,0.0699556320905685,0,0,0.1560223251581192,0,0,0.2181604504585266,0
74b23792db329cff5843e36efb8aa65a,82,0,0.4032928347587585,0,0,0.0450416356325149,0,0,0.1200084090232849,0,0,0.2795441150665283,0,0,0.425553947687149,0
74e44965f52b614f4f200468b9594382,82,0,0.2925086319446563,0,0,0.6128203868865967,1,0,0.0814868435263633,0,0,0.1839345246553421,0,0,0.0613251402974128,0
751a2e7d04ad1296c7d0a9f9eabde0d8,82,0,0.2812134325504303,0,0,0.2272515743970871,0,0,0.1669774800539016,0,0,0.3852016031742096,0,0,0.3116576671600342,0
751fc253d84473e85a47a2826df12ce6,83,0,0.406066358089447,0,0,0.657034695148468,1,0,0.3603298962116241,0,0,0.2482450157403946,0,0,0.3917110562324524,0
75235499405464bc6746650e1bcfaacf,83,0,0.2425098568201065,0,0,0.4884947538375854,1,0,0.2196273803710937,0,0,0.3325307369232178,0,0,0.4003124535083771,0
754b90e60a89d03d18dbf9b30cce6eec,83,0,0.3407129049301147,0,1,0.0792381986975669,0,0,0.1780120134353637,0,0,0.7642436027526855,1,0,0.4394852519035339,0
754d373b98400f931d1070778c25e2d2,83,0,0.4272597730159759,0,1,0.6849808692932129,1,0,0.4985308945178985,1,0,0.7921099662780762,1,0,0.2190970182418823,0
7550347fa2bb96c2354a3716dfa3a69c,83,0,0.3147633075714111,0,0,0.2587366104125976,0,0,0.162407249212265,0,0,0.3366411626338959,0,0,0.4920453727245331,0
7565b2f86dadd6aca63ab9d6a285d53d,83,0,0.3470795750617981,0,0,0.0684578567743301,0,0,0.1390429735183715,0,0,0.2260443270206451,0,0,0.2169155776500702,0
759d70b78eb5f4f47bd4eaf9f4dbb425,83,0,0.3435054719448089,0,1,0.7296983003616333,1,0,0.4551889598369598,1,0,0.5418264269828796,0,0,0.7235130071640015,0
75a7dfbae7c14ee40ab1048210734dd3,83,0,0.2984248399734497,0,0,0.7278903722763062,1,0,0.1768639683723449,0,0,0.2501426041126251,0,0,0.1500865519046783,0
75c2894e7a12b8f12d35b1c02ab383f6,83,0,0.2905290424823761,0,0,0.4313260316848755,1,0,0.23572638630867,0,0,0.3156660795211792,0,0,0.552992045879364,0
75dd4fb1cb781471b7f34b678b8dc547,83,0,0.2051969617605209,0,0,0.0078820372000336,0,0,0.1847414821386337,0,0,0.4362049102783203,0,0,0.6417713761329651,0
75ec71c3e8edd4291eb1bec543ca5855,83,0,0.4386561810970306,0,0,0.0067002163268625,0,0,0.4037419855594635,0,0,0.5847296118736267,0,1,0.8113289475440979,0
75ef4701bba51b04b002e82495d7fc6b,83,0,0.2817231714725494,0,0,0.0019423993071541,0,0,0.1959728449583053,0,0,0.5937726497650146,0,0,0.379319280385971,0
76482dd89d7d8ea3650e9a0b8e01aba6,83,0,0.599028468132019,1,0,0.0642391219735145,0,0,0.4260529279708862,0,1,0.3567155301570892,0,1,0.8897985816001892,1
766238ff8d88651dfb314bc9c70986f9,83,0,0.4814416170120239,0,0,0.1946241110563278,0,0,0.1550621092319488,0,0,0.3277687132358551,0,0,0.0917186215519905,0
768a10036282f67b6fbd8c51d4994897,83,0,0.698846697807312,1,0,0.0319291353225708,0,1,0.8251325488090515,1,0,0.3642702400684356,0,0,0.1724936217069625,0
76a5bc377407669248eaf357b5a6aee3,83,0,0.5926594734191895,1,0,0.0390945002436637,0,1,0.8917065262794495,1,0,0.67838054895401,0,0,0.6727775931358337,0
76b629665472409971a994e1700d2407,84,0,0.4402058124542236,0,1,0.7374863028526306,1,0,0.4036347568035126,0,0,0.4168320894241333,0,0,0.8699771761894226,0
76bb0ae099afc9ab5e218f55755a02ad,84,0,0.2997310757637024,0,0,0.0046253125183284,0,0,0.1082263588905334,0,0,0.3501229286193847,0,0,0.3189692795276642,0
76cee2dfef93ddd6caaa04a93ce1ea01,84,0,0.3153377175331116,0,0,0.3190050423145294,0,0,0.2571880221366882,0,0,0.4289042949676513,0,0,0.716380774974823,0
76e1b5ea5308e49ae6b2081d559e938c,84,0,0.4136793613433838,0,0,0.5419418215751648,1,0,0.4146391749382019,0,0,0.4601424634456634,0,0,0.851576030254364,0
76e2a34a8c79a83155d9e8aa66e72fed,84,0,0.2376804947853088,0,0,0.0211329087615013,0,0,0.3326838314533233,0,0,0.7607690691947937,1,0,0.7642965912818909,0
7707509ad13c3c9d41d2417ef8fecaa6,84,0,0.3885253667831421,0,0,0.1555745154619217,0,0,0.0839023739099502,0,0,0.1092365235090255,0,0,0.03047451749444,0
773144bbf1ced7a17fb84cdcbf7e6504,84,0,0.5640910863876343,1,0,0.6034318804740906,1,0,0.2257745414972305,0,0,0.4690795242786407,0,0,0.5486517548561096,0
7742abe5bd817ba643d38fb517e35b24,84,1,0.5286417007446289,1,0,0.0386147014796733,0,0,0.5239349603652954,1,0,0.6693710088729858,0,1,0.8961154222488403,1
77479e09e740cfce8962e9e55963330e,84,0,0.2973878979682922,0,0,0.6750053763389587,1,0,0.2191851139068603,0,0,0.3128763735294342,0,0,0.4761278331279754,0
774a27811e9fea0a7551f17f0b00130c,84,0,0.3569985628128052,0,0,0.1675030887126922,0,1,0.1890139728784561,0,0,0.4529008567333221,0,0,0.8182468414306641,0
775aa6a334426b6dc282c61c48478a87,84,0,0.208199918270111,0,0,0.1606743782758712,0,0,0.0578684397041797,0,0,0.1071655303239822,0,0,0.1653239578008651,0
775bc8eece1917406112f0f626e190d3,84,0,0.269169807434082,0,0,0.0101597514003515,0,0,0.1192506551742553,0,0,0.2505616843700409,0,0,0.3345296084880829,0
777e5578741dea8a02a689fe907a4215,84,1,0.70353102684021,1,0,0.0370327606797218,0,0,0.7176855802536011,1,0,0.7982720136642456,1,0,0.5515396595001221,0
778153803200347fa9e3573824d89e8f,84,0,0.2873873114585876,0,0,0.0604709237813949,0,0,0.1852883398532867,0,0,0.5043344497680664,0,0,0.5099828243255615,0
7788cdc2fe03ff147991981c80af67f6,84,0,0.6011614203453064,1,0,0.2685242295265198,0,0,0.3375021517276764,0,0,0.3520663678646087,0,0,0.1480301320552826,0
77b118b0bf092dec6b64f61d5a8c2b86,84,0,0.2604976892471313,0,0,0.2792638838291168,0,0,0.2508103549480438,0,0,0.3557541668415069,0,0,0.4909188449382782,0
77b20dccfcee611b676bbfa760f883d3,85,0,0.5242403745651245,1,1,0.2216631323099136,0,0,0.6659438610076904,1,1,0.8149896860122681,1,0,0.6493383049964905,0
77c48e5d1314b7a38a9af6b91b6636ee,85,0,0.1899910867214203,0,0,0.063497856259346,0,0,0.0454138927161693,0,0,0.1794091761112213,0,0,0.0451212488114833,0
77c5a562bf2f2681dfdc1c17503061fe,85,0,0.2071400731801986,0,0,0.0292185097932815,0,0,0.0559021346271038,0,0,0.4271517693996429,0,0,0.4896427690982818,0
77c9f35a891f03a54eec650170e0a649,85,0,0.203653022646904,0,0,0.0541078373789787,0,0,0.1284587681293487,0,0,0.331472635269165,0,0,0.5583277344703674,0
77cfb1fd56137f340eccb2154c5b219c,85,0,0.3192982971668243,0,0,0.0955926030874252,0,0,0.0605712980031967,0,0,0.3253731429576874,0,0,0.0694281160831451,0
77de418d76da77b7e429227b83cd259f,85,0,0.4427982866764068,0,0,0.586338460445404,1,0,0.2273884117603302,0,0,0.2538686394691467,0,0,0.292018860578537,0
77fb399d095bb11d1344a1a114f59376,85,0,0.4042973816394806,0,1,0.9450350999832152,1,0,0.5021674633026123,1,0,0.4060927629470825,0,0,0.6906465291976929,0
77fb6e22acdafb6900fd7624feefd953,85,0,0.3632398843765259,0,0,0.371263176202774,1,0,0.2685878574848175,0,0,0.5677538514137268,0,0,0.3672782778739929,0
7803162d59bc010353f64ffbaabc452f,85,0,0.2663582265377044,0,0,0.029357424005866,0,0,0.3225558698177337,0,0,0.4174182713031769,0,0,0.6550663709640503,0
780f385ed80d16130dad48d823b1ee0f,85,0,0.1621175706386566,0,0,0.058820005506277,0,0,0.063139833509922,0,0,0.1878425180912017,0,0,0.4404488503932953,0
781b722e178a483b4781fbd148706b7d,85,0,0.4095315635204315,0,0,0.2270949035882949,0,0,0.2809990644454956,0,0,0.4833975732326507,0,0,0.6137071847915649,0
7824623176a69a914e31ec8769246ca0,85,0,0.376044750213623,0,0,0.4129380285739898,1,0,0.1469852924346923,0,0,0.2008784413337707,0,0,0.4861197173595428,0
7849964d63a43175008dd8a127175e19,85,0,0.6896882057189941,1,1,0.2336539328098297,0,0,0.6432647109031677,1,0,0.7449506521224976,1,0,0.7943432331085205,0
785140281117595d1818b8133d43d3bc,85,0,0.3845391571521759,0,0,0.0338315814733505,0,0,0.0482711978256702,0,0,0.12486582249403,0,0,0.0406210049986839,0
78528b631de407173ba09edd7b465e68,85,0,0.2423522174358368,0,0,0.0111095793545246,0,0,0.107748195528984,0,0,0.1957249194383621,0,0,0.2599510848522186,0
7858eba2f50d6d515f3ccbbbe9020fa4,85,1,0.4682356417179107,0,1,0.044512752443552,0,1,0.4491274356842041,1,1,0.8922301530838013,1,0,0.3251719176769256,0
7862687072c60da78260b61a00ddd256,86,0,0.2830656766891479,0,0,0.0035493539180606,0,0,0.129385620355606,0,0,0.4703955948352813,0,0,0.4974320232868194,0
786fa2f1244ca842e96cc6afb0f28870,86,1,0.5715407133102417,1,0,0.022431094199419,0,1,0.9574244022369384,1,0,0.7616192102432251,1,0,0.0981080159544944,0
787506d2456ea43f00689850f3a4e797,86,0,0.3655025362968445,0,0,0.1310681700706482,0,0,0.1334613114595413,0,0,0.2978034317493438,0,0,0.2458934485912323,0
7882ac9a9fa79ddd245f540d6f6e4af5,86,0,0.3863249123096466,0,0,0.2027199566364288,0,0,0.2100027352571487,0,0,0.8026979565620422,1,0,0.6637225151062012,0
788c42c6b87bb62f1d5def6b0e7ca9da,86,0,0.3151559829711914,0,0,0.0246445480734109,0,0,0.224748209118843,0,0,0.4945492744445801,0,0,0.6728574633598328,0
78920201559a84ae65d928a6167b73e8,86,1,0.423065721988678,0,0,0.0106303775683045,0,0,0.5342081785202026,1,0,0.5757956504821777,0,1,0.9222267866134644,1
789cba61f30c4c087a6cd97def275aca,86,0,0.3778898417949676,0,0,0.0024640946649014,0,0,0.733796238899231,1,0,0.5041451454162598,0,0,0.9821202158927916,1
78a65ae9e49e19db9eb86324f483fd67,86,0,0.5174374580383301,1,0,0.5234258770942688,1,0,0.4245286583900451,0,0,0.7272080183029175,1,0,0.4131514132022857,0
78b44b96b121d6075d7ae27135278e03,86,0,0.2327272146940231,0,0,0.0039218938909471,0,0,0.1345541626214981,0,0,0.3222571015357971,0,0,0.390989750623703,0
78dd6b0489bee998af8fb581871942f4,86,0,0.7460711002349854,1,0,0.289689838886261,0,0,0.5238870978355408,1,0,0.626783013343811,0,0,0.18655326962471,0
7902baf009b3169371fe1c3de95c3b99,86,0,0.2490280121564865,0,0,0.1048540771007537,0,0,0.1869626194238662,0,0,0.4657318890094757,0,0,0.4464028775691986,0
79054bd52e5f6ebcda94fdc54e2fada5,86,0,0.1517450362443924,0,0,0.01737517490983,0,0,0.130934864282608,0,0,0.4803690612316131,0,0,0.516628086566925,0
7919e0bc92270c1acbd8b124aa5377ef,86,0,0.6114116311073303,1,0,0.129223421216011,0,0,0.5023713707923889,1,0,0.5733727812767029,0,0,0.4231179654598236,0
79272925caa941829eb32e77a0262c3c,86,0,0.3219923675060272,0,0,0.0482198968529701,0,0,0.1945150941610336,0,0,0.2925538718700409,0,0,0.7456470131874084,0
7928b9dff786e3dc4951c30dd911ba2d,86,0,0.5088445544242859,1,0,0.0578859262168407,0,0,0.3547337651252746,0,0,0.7573366165161133,1,0,0.8775923848152161,1
793aa89237cb495f1b83dcc5a1434934,86,0,0.7039743661880493,1,0,0.5422163009643555,1,0,0.2885949611663818,0,0,0.1142590120434761,0,0,0.0549024939537048,0
793e92503fb0cf3462a21406e3cb19a2,87,0,0.3745883107185364,0,0,0.5685380697250366,1,0,0.2631790041923523,0,0,0.6013381481170654,0,0,0.3290503323078155,0
79558608235e4a27758e516419f54bc2,87,0,0.3033293187618255,0,0,0.7833482623100281,1,0,0.3237193822860718,0,0,0.2598516345024109,0,0,0.6074251532554626,0
7989ee219436f5636916b09612055915,87,0,0.1905080080032348,0,0,0.524729311466217,1,0,0.1576277017593383,0,0,0.3113798499107361,0,0,0.4741473793983459,0
79b547f424c97c52e714d6e808035787,87,0,0.4004851281642914,0,0,0.110099121928215,0,0,0.2143059372901916,0,0,0.4877102077007293,0,0,0.5343268513679504,0
79b6946338c30268ead5a6253484f852,87,0,0.5007750391960144,1,0,0.2325946986675262,0,0,0.1262748539447784,0,0,0.2838148474693298,0,0,0.307637482881546,0
79c75c4aed44b844eca14be58a9deb9f,87,1,0.6811627149581909,1,0,0.0819569155573844,0,0,0.6984403729438782,1,0,0.5361664891242981,0,0,0.5841944217681885,0
79d2a2619a836e33f35407b0bba32eca,87,0,0.36940398812294,0,0,0.396942526102066,1,0,0.2714808285236358,0,0,0.5048981308937073,0,0,0.5323255062103271,0
79dc479648b23db3616339b4a79011b8,87,0,0.3966537415981293,0,0,0.6849543452262878,1,0,0.3419419527053833,0,0,0.2980653643608093,0,0,0.5107553005218506,0
79dfadb515464474f984451c2dc2fc34,87,0,0.3351503312587738,0,0,0.2050633430480957,0,0,0.1211527958512306,0,0,0.3570026457309723,0,0,0.719864010810852,0
79f184fea084f17c4e91a6cd2f0f91f7,87,0,0.6723091006278992,1,0,0.2109369039535522,0,0,0.2652020752429962,0,0,0.4565097689628601,0,0,0.5597684979438782,0
7a14d694617e5bc2aa937e16bbfd213c,87,0,0.2471077442169189,0,0,0.0365259796380996,0,0,0.5635959506034851,1,0,0.3654963374137878,0,0,0.5590518116950989,0
7a1b5a16dc4c8de5f96c282480bb02cd,87,0,0.4825776219367981,0,1,0.9285887479782104,1,0,0.5501283407211304,1,0,0.2950684726238251,0,0,0.718025803565979,0
7a4af4d5b559ac1a4f9dd849c0aec107,87,0,0.4032538831233978,0,0,0.1980123370885849,0,0,0.2614388763904571,0,0,0.4166446328163147,0,0,0.4896663129329681,0
7a4e9f9b2fd1e2423d98dbaa316d199f,87,0,0.4239386618137359,0,0,0.4579023420810699,1,0,0.2178516387939453,0,0,0.2557464241981506,0,0,0.3969694674015045,0
7a5e63853f72b1cf6180e4d33aecbf93,87,0,0.3181594908237457,0,0,0.0276091154664754,0,0,0.0732850953936576,0,0,0.1793305277824401,0,0,0.1176115348935127,0
7a74f4e463b72f018838f26cf7aabdf2,87,0,0.2416479140520095,0,0,0.4486614167690277,1,0,0.1153867095708847,0,1,0.3119459450244903,0,0,0.5065510869026184,0
7a8b67a254b16ef9e2b863ba65f7e011,88,0,0.6671594381332397,1,0,0.3438114821910858,0,0,0.4725706279277801,1,1,0.8365224003791809,1,0,0.6086034178733826,0
7a9a75ad8f406d7561aa2f0ef7000933,88,0,0.2971344292163849,0,0,0.010110406205058,0,0,0.1959656774997711,0,0,0.3718801140785217,0,0,0.6311646103858948,0
7aa301c90a61603f9b5e2e05a88b4204,88,1,0.3245977163314819,0,0,0.0218652337789535,0,1,0.6181607246398926,1,0,0.6997793912887573,1,0,0.9526928067207336,1
7ac10f1986662a02a6448205578299c9,88,0,0.1625461131334304,0,0,0.0088183125481009,0,0,0.13697150349617,0,0,0.3410986959934234,0,0,0.4014227986335754,0
7acd6422a97d08046db58687e5c4b2d1,88,0,0.5834853649139404,1,0,0.2952980101108551,0,0,0.490665465593338,1,1,0.93687641620636,1,0,0.2691166698932647,0
7af230c8f8329e6f69996ab7ebfc97aa,88,0,0.3354650437831878,0,0,0.1083646714687347,0,1,0.4934798181056976,1,0,0.6988639235496521,1,0,0.9176144003868104,1
7b29ce6b9a2822aadc7ef891bd2ee88b,88,0,0.3842316269874573,0,0,0.4879181981086731,1,0,0.4406643509864807,1,0,0.4058086276054382,0,0,0.7561722993850708,0
7b377cc85094e39b186b83c181b17642,88,1,0.5014983415603638,1,0,0.0808863639831543,0,0,0.4912652671337127,1,0,0.7355464100837708,1,0,0.8086249232292175,0
7b45d75262ca16f5bb6b4d05bc9ff151,88,0,0.2690429091453552,0,0,0.0163148175925016,0,0,0.1913744658231735,0,0,0.5684900283813477,0,0,0.9118856191635132,1
7b45ef51255aae696c5e6ee47ab2c631,88,1,0.3324953615665436,0,0,0.2123929858207702,0,0,0.473833829164505,1,0,0.4454775154590606,0,0,0.6263337135314941,0
7b579c49ced6cef817e42812d6b78f1b,88,0,0.2359478920698166,0,0,0.7224192023277283,1,0,0.2531315386295318,0,0,0.3737477362155914,0,0,0.4973732531070709,0
7b60d69158c11381cad26574b327c723,88,0,0.383073478937149,0,0,0.7134642004966736,1,0,0.3668542206287384,0,0,0.4320228397846222,0,0,0.354799211025238,0
7b821bff27b2f1508035d5d50a16cbcf,88,1,0.4303060472011566,0,0,0.0780892148613929,0,1,0.5005258321762085,1,1,0.920189619064331,1,1,0.5523091554641724,0
7b90ce31f08d1207a851a97626ccbea0,88,0,0.1820432096719741,0,0,0.0008837553905323,0,0,0.01848647557199,0,0,0.3419013321399688,0,0,0.0571529120206832,0
7b9e39af7921e086e5904755d5535b31,88,0,0.3328762650489807,0,0,0.7862256169319153,1,0,0.255581259727478,0,0,0.4424877166748047,0,0,0.5061114430427551,0
7bab78cfe1dc3376741a24ac708d75be,88,1,0.6488949656486511,1,0,0.0020748886745423,0,1,0.6366638541221619,1,0,0.8180269598960876,1,0,0.417818546295166,0
7bbef01d8c97746a9cf656bc9748bee2,89,0,0.3959484100341797,0,0,0.1929153650999069,0,0,0.0972805097699165,0,0,0.3658684194087982,0,0,0.1943725794553756,0
7bc161c0c2403c7724f4fcbe41b0d322,89,1,0.4724857211112976,0,0,0.5733094811439514,1,1,0.8793284893035889,1,0,0.6486771106719971,0,1,0.7797502279281616,0
7bca1be5f1f3c14c49be003896da9b27,89,0,0.4354238212108612,0,1,0.3252222239971161,0,0,0.4062030911445617,0,0,0.4178438484668731,0,0,0.6790968179702759,0
7bd7de8ab22bc204acdede9af49eb354,89,0,0.3866665363311767,0,0,0.4013977944850921,1,0,0.2892829775810241,0,0,0.399412989616394,0,0,0.7408111095428467,0
7befd6661fd921f67f8d9cb84f98868f,89,0,0.3153236806392669,0,0,0.0274655111134052,0,0,0.1064447239041328,0,0,0.3935907483100891,0,0,0.3841401934623718,0
7bf0f93d42efd25936029bd1082d88a2,89,1,0.4902992844581604,0,0,0.06388920545578,0,0,0.4637525379657745,1,1,0.6276811957359314,0,1,0.9684816002845764,1
7bf93eba889e845d016704b49103f283,89,1,0.4822234213352203,0,0,0.073961354792118,0,0,0.4337712824344635,1,0,0.8862218260765076,1,0,0.6741638779640198,0
7c010308edc7a272bb8c67dc6024d989,89,0,0.3123621642589569,0,0,0.0209946352988481,0,0,0.1056435257196426,0,0,0.2877359390258789,0,0,0.4939678907394409,0
7c0e3ff480b02e9e709884f7f0e17864,89,0,0.5487465262413025,1,0,0.3258372247219085,0,0,0.2776852548122406,0,0,0.4220732450485229,0,0,0.6400850415229797,0
7c56886a38be164d138314b50e7a20a3,89,0,0.3927704691886902,0,0,0.0109115811064839,0,0,0.1553627252578735,0,0,0.3491604924201965,0,0,0.4277440905570984,0
7cb9202d9a00b7bbab241e5870d56de2,89,0,0.4099893271923065,0,0,0.0122277215123176,0,0,0.2057483494281768,0,0,0.370011568069458,0,0,0.6587749719619751,0
7cb9c95b8dea0469ced903df944b2b58,89,0,0.2821260392665863,0,0,0.0395351499319076,0,0,0.0772206857800483,0,0,0.2886639833450317,0,0,0.2278889268636703,0
7ce84780a2d602c08c800ff2e769514c,89,0,0.6833845973014832,1,0,0.4975640773773193,1,0,0.4660356044769287,1,0,0.1838588118553161,0,0,0.0996342003345489,0
7d1370ec3e5406ad436adf55a3bcf6f4,89,0,0.3576972186565399,0,0,0.0128335924819111,0,0,0.2448156774044037,0,0,0.4551671743392944,0,0,0.7891976237297058,0
7d67ef151eaba48db4c8a4ea60d0c670,89,0,0.3273659646511078,0,0,0.0078528681769967,0,0,0.113726370036602,0,0,0.35570028424263,0,0,0.1774798929691314,0
7d6d84f1373f54e8b4a7c72e4b0be842,89,0,0.4171577990055084,0,0,0.0670303851366043,0,0,0.1433047503232956,0,0,0.4275330901145935,0,0,0.0904119908809661,0
7d9e13dac6ed48dbd0577c3c65b214eb,90,0,0.6008666753768921,1,0,0.3786101341247558,1,0,0.3939252495765686,0,0,0.2541299164295196,0,0,0.7213601469993591,0
7daad4dedca1737fe750c7ce8df6fa88,90,0,0.712171733379364,1,0,0.2053567469120025,0,0,0.2883819043636322,0,0,0.3576925992965698,0,0,0.3160793781280517,0
7db8d2571612fa51c3fea231524803cc,90,0,0.1699006557464599,0,0,0.010536927729845,0,0,0.0437739752233028,0,0,0.2538520991802215,0,0,0.4283645451068878,0
7dcb78885da74ebf4adb54042bd23d5b,90,0,0.3450922071933746,0,0,0.5411232709884644,1,0,0.3210311532020569,0,0,0.3562271296977997,0,0,0.5384742617607117,0
7dd7cdbd80b2580c8c031d6d863a4b2c,90,0,0.3390206694602966,0,0,0.1059593334794044,0,1,0.3974725902080536,0,0,0.7080525159835815,1,0,0.8079735040664673,0
7ddcf554c85d4a2bfc3803d448247e8f,90,0,0.2827162742614746,0,0,0.0384231135249137,0,0,0.2338763624429702,0,0,0.519297182559967,0,0,0.6899211406707764,0
7e090684cddb682dd8d56ad47b20a89d,90,1,0.447429358959198,0,0,0.0112145561724901,0,0,0.4391734898090362,1,0,0.7092042565345764,1,0,0.8124222159385681,0
7e198e152ead58293763b80301b53ea7,90,0,0.4660981893539428,0,0,0.0237966552376747,0,0,0.163572609424591,0,0,0.3539973795413971,0,0,0.3482697606086731,0
7e3f715d72ac1d6f114d973493d7b26c,90,0,0.1760585010051727,0,0,0.067726194858551,0,0,0.1571098864078521,0,0,0.4231804609298706,0,0,0.5279150009155273,0
7e406876f2125c3be2c61f32965384c4,90,0,0.2781205773353576,0,0,0.0467108450829982,0,0,0.1516274809837341,0,0,0.2861698567867279,0,0,0.5257531404495239,0
7e5b17cc5c955fc4f8e9a626ab69295e,90,1,0.4614242613315582,0,0,0.2483172267675399,0,1,0.5354544520378113,1,0,0.6838988661766052,1,0,0.1096628606319427,0
7e5d928dcce24b3553e87d501a263b33,90,0,0.3250584900379181,0,0,0.5370147228240967,1,0,0.2548946440219879,0,0,0.66036057472229,0,0,0.7124735116958618,0
7e6998dc71a747ce227b50463c4e79b4,90,0,0.4957719445228576,0,1,0.8790385723114014,1,0,0.4787094593048095,1,0,0.580970287322998,0,0,0.40284463763237,0
7e8d4dedd33473b5b4b247b9301d0bd7,90,0,0.3895763158798218,0,0,0.1876759231090545,0,0,0.1865813881158828,0,0,0.6591901183128357,0,0,0.602306604385376,0
7ea00a8beb600a6de0cf70cc166b0b5c,90,1,0.6902655363082886,1,1,0.647472083568573,1,0,0.8946657776832581,1,0,0.7643289566040039,1,0,0.6503203511238098,0
7eab979ca2f6044cb662b86b414dac67,90,0,0.7231444120407104,1,0,0.0766022279858589,0,0,0.348722755908966,0,0,0.206885814666748,0,0,0.1631981879472732,0
7f15c433dbc249a491b86b27e5a6c180,91,0,0.4154942631721496,0,0,0.1681359857320785,0,1,0.5121119618415833,1,0,0.5552486777305603,0,1,0.813367486000061,0
7f1a8fc7aa0e045c3da67f710bbb0006,91,0,0.1792123913764953,0,0,0.0040105292573571,0,0,0.0949955061078071,0,0,0.4033978879451751,0,0,0.4108763635158539,0
7f48ff3a2eeb49be6ab8de17ffbd97b6,91,0,0.174775630235672,0,0,0.1591037362813949,0,0,0.0936608538031578,0,0,0.1906700432300567,0,0,0.267311155796051,0
7f5503caa936a623b4388fbd88e890c5,91,0,0.3606018126010895,0,0,0.2546747922897339,0,0,0.2898820042610168,0,0,0.335320234298706,0,0,0.5243472456932068,0
7f6b660751fb873941366907f14d16d3,91,0,0.4586809575557709,0,1,0.9492693543434144,1,1,0.5533912181854248,1,0,0.4171435832977295,0,0,0.9356928467750548,1
7f710543e44f0c12db0ecda25a727602,91,0,0.4973638355731964,0,0,0.5887987613677979,1,0,0.1381832510232925,0,0,0.4378512501716614,0,0,0.1155038923025131,0
7f941b941253b7e3e6d14b5b472cd109,91,0,0.3441030383110046,0,0,0.1577582955360412,0,0,0.2207505851984024,0,0,0.5949281454086304,0,0,0.895433783531189,1
7ffbfdf7d18e416baa1e663bc0bb022c,91,0,0.3453372418880462,0,0,0.050116129219532,0,0,0.208034262061119,0,0,0.7481920719146729,1,0,0.8043072819709778,0
800ba8f1fac83f75a00762f415780e9f,91,0,0.2802437245845794,0,0,0.1904329806566238,0,0,0.0955210998654365,0,0,0.2532943785190582,0,0,0.1744918823242187,0
800f63115427cc92aeed7046fd6028a2,91,0,0.4077990353107452,0,0,0.0290567483752965,0,0,0.0940152928233146,0,0,0.3763649761676788,0,0,0.426542192697525,0
801877d4b0ea3c93d4a926091916eebe,91,0,0.2868451774120331,0,0,0.0158468782901763,0,0,0.1332625299692154,0,0,0.288836658000946,0,0,0.1003436520695686,0
802ee38a7da17f26985c121f68bb9d26,91,0,0.2972272634506225,0,0,0.3755114078521728,1,0,0.1767949908971786,0,0,0.3066547811031341,0,0,0.485913872718811,0
8058546ca8e9113170abd89d0009b58e,91,0,0.46035897731781,0,1,0.9950843453407288,1,0,0.5232120752334595,1,0,0.3866905272006988,0,0,0.6259896755218506,0
805adafed138091a3781447c33e1a600,91,0,0.3182400465011596,0,0,0.040188979357481,0,0,0.3168927431106567,0,0,0.6692156791687012,0,0,0.7081286907196045,0
806771c21d67c39c6b251a8ef624b04b,91,0,0.2161002308130264,0,0,0.0026154709048569,0,0,0.0726394727826118,0,0,0.4046342074871063,0,0,0.2737280130386352,0
8071111321da026443f7b87a0b41b089,91,0,0.3944354653358459,0,0,0.0044465279206633,0,0,0.5281632542610168,1,0,0.3883402049541473,0,0,0.7458901405334473,0
80820dadb9d227da10376b7de5dc8e4d,92,0,0.4240546226501465,0,0,0.6442421674728394,1,0,0.2573286890983581,0,0,0.2679844498634338,0,0,0.1456479728221893,0
808b71dc92d1c05ff78bbe98894c7b1a,92,0,0.3280253112316131,0,0,0.1584485620260238,0,0,0.1309359818696975,0,0,0.2581907212734222,0,1,0.6571061611175537,0
80a409944c5ca4ecd39a7af44592d392,92,0,0.4149374663829803,0,0,0.4239617586135864,1,0,0.4451354146003723,1,0,0.3548687994480133,0,0,0.2624032497406006,0
80ad748edd617396cc973d20b4e481fb,92,0,0.2920549213886261,0,0,0.2467272132635116,0,0,0.1700645089149475,0,0,0.4534998834133148,0,0,0.5686745047569275,0
80bc7a1af89f2b8b60ed33c83ae8ed5d,92,0,0.347209095954895,0,0,0.8369430303573608,1,0,0.3226649165153503,0,0,0.3231399059295654,0,0,0.1764557361602783,0
80c68d62bf257cb6e0ab4f99b907d846,92,0,0.2572809159755707,0,0,0.8647159934043884,1,0,0.2570002377033233,0,0,0.2788082063198089,0,0,0.4493423998355865,0
80dc592ace52d1e591f23042125f3aba,92,0,0.4464564621448517,0,0,0.4961451590061188,1,0,0.358899861574173,0,0,0.440093994140625,0,0,0.5071354508399963,0
80e46bd152ba3cc5a6e63683a0923ac1,92,0,0.4519228935241699,0,0,0.4426303505897522,1,1,0.8522037267684937,1,1,0.9112772941589355,1,1,0.7062169909477234,0
80f3da71b6af9134388dee22f0d386d9,92,0,0.5058181881904602,1,0,0.4431052505970001,1,0,0.1857843697071075,0,0,0.3389491438865661,0,0,0.2154918909072876,0
81197e05ed18bedd54749a955c2f88d4,92,0,0.2557557225227356,0,0,0.0568964034318923,0,1,0.11442282050848,0,0,0.4136287868022918,0,0,0.7372548580169678,0
81228a9f8fca8710e0f6f9aedf9bd667,92,0,0.2545346617698669,0,0,0.0101755922660231,0,0,0.0672575086355209,0,0,0.3398880958557129,0,0,0.0855494141578674,0
818a1e7fcce109b3640d73dcf9ae74da,92,0,0.301590234041214,0,0,0.7153851985931396,1,0,0.1209651231765747,0,0,0.1246872171759605,0,0,0.1307920217514038,0
81a4366baeebb4b90a33aa5b9cb99220,92,0,0.4886263906955719,0,0,0.3890911638736725,1,0,0.3591358065605163,0,0,0.3091806471347809,0,0,0.8236488103866577,0
81a5542dd5a975bc98bf9ea8fe6239b1,92,0,0.4434992969036102,0,0,0.0251338146626949,0,0,0.1149686425924301,0,0,0.0972222313284874,0,0,0.0735945254564285,0
81fd659ccf1dc3e815032762154a41fc,92,0,0.5827570557594299,1,0,0.3670571446418762,1,0,0.3633008003234863,0,0,0.7191057205200195,1,0,0.7272852063179016,0
8230f568c1e47476de038b0faa3867f2,92,0,0.2878540754318237,0,0,0.4099563956260681,1,1,0.3500308990478515,0,0,0.4829795360565185,0,0,0.7153099179267883,0
8234fae0532b776d3ec872a46d34a68c,93,0,0.4042527973651886,0,0,0.2795099020004272,0,0,0.4481699168682098,1,0,0.6551247835159302,0,0,0.7346234321594238,0
823c23eae7b2fdf7f2694b8417f961b5,93,0,0.5348570346832275,1,0,0.0318444669246673,0,1,0.356685996055603,0,0,0.4826229214668274,0,0,0.7208672165870667,0
82913cf4e449decbc5195cffc2422b4d,93,0,0.6206585168838501,1,0,0.0180683378130197,0,1,0.854797899723053,1,0,0.4920842945575714,0,0,0.5693502426147461,0
82a05fbda7ecdf80c82d6392b4fcb309,93,0,0.2500657737255096,0,0,0.2025958150625229,0,0,0.262206107378006,0,1,0.6502312421798706,0,0,0.8831026554107666,1
82cb7ac2b8ad46f2be437a640d6744f5,93,1,0.2905483841896057,0,1,0.0722489804029464,0,1,0.4301554560661316,1,0,0.604585587978363,0,0,0.7070856690406799,0
82e41a990090318996b32addee7ed8af,93,0,0.5077844262123108,1,0,0.2499542981386184,0,0,0.3749644756317138,0,0,0.3216732144355774,0,0,0.6584142446517944,0
82f038aeccacf2b62fe9cd3fdc1776e8,93,1,0.4129963219165802,0,1,0.4351776838302612,1,0,0.2664238214492798,0,0,0.46884685754776,0,0,0.7729668021202087,0
831d7c9c5ba5b96a73c71e5e2adb9c0f,93,1,0.3511778116226196,0,0,0.0007606390863656,0,0,0.3626584410667419,0,1,0.6631374359130859,0,0,0.8791078329086304,1
833920cee0073b2295b713e8e99a1183,93,0,0.3094824552536011,0,0,0.1620597541332245,0,0,0.102103404700756,0,0,0.2962758541107178,0,0,0.3595829606056213,0
833acf5a6565b4457b597d8c79debc51,93,0,0.2170427739620208,0,0,0.0359009243547916,0,0,0.061382133513689,0,0,0.1553178131580352,0,0,0.0563546158373355,0
833c4ee4ef52adb663076af69efe3c22,93,0,0.1940564960241317,0,0,0.0281075201928615,0,0,0.1016171723604202,0,0,0.4641876518726349,0,0,0.5417596697807312,0
83918012739ab2906d692171f66a4dcc,93,1,0.6184064149856567,1,1,0.0176369100809097,0,1,0.652420163154602,1,0,0.8903566002845764,1,0,0.1776610016822815,0
83a4f5f3b182b887bceba354c8721161,93,0,0.4397477209568023,0,0,0.0309178959578275,0,0,0.1459730118513107,0,0,0.5894309282302856,0,0,0.5041595697402954,0
83a70a189e968329c4d30f1866c689a3,93,0,0.7157434821128845,1,0,0.7766373753547668,1,0,0.678261935710907,1,0,0.4708649516105652,0,0,0.767556369304657,0
83c6b5dc4e05ffc8df10c81110c43e24,93,0,0.2835248708724975,0,1,0.8309146165847778,1,0,0.4452242851257324,1,0,0.3857874870300293,0,0,0.5013004541397095,0
83caa8a85e03606cf57e49147d7ac569,93,0,0.7068102955818176,1,1,0.625395655632019,1,0,0.6516656875610352,1,0,0.2973508834838867,0,0,0.545403778553009,0
83de33a22bd34496e5a48e703757f955,94,0,0.2495584487915039,0,0,0.339336097240448,0,0,0.1000973507761955,0,0,0.3776350915431976,0,0,0.4025994837284088,0
8408eea460f0a9a2f9aec40da98917cb,94,0,0.3003212213516235,0,0,0.301729679107666,0,0,0.2890294790267944,0,0,0.6839576959609985,1,0,0.5536153316497803,0
841f26fd47640f87331ff714df4d2791,94,0,0.3030030131340027,0,0,0.008939023129642,0,0,0.1874160021543502,0,0,0.4525194764137268,0,0,0.6983397603034973,0
84249d25eb5f4964a316e60d53f71544,94,0,0.3837794959545135,0,0,0.116424411535263,0,0,0.2387134134769439,0,0,0.4681876599788666,0,0,0.6570818424224854,0
843abeeb7966e7a52cf66352bbdb9edf,94,0,0.271178662776947,0,0,0.0004567180003505,0,0,0.1689317375421524,0,0,0.4945300221443176,0,0,0.8228395581245422,0
8441d98d5b146a30546686ea74f22cb8,94,0,0.1600387543439865,0,0,0.1030938327312469,0,0,0.0729345753788948,0,0,0.2315300554037094,0,0,0.0793886631727218,0
844c43d38ba987837ba7d59a2b0c2436,94,1,0.5842812061309814,1,0,0.133936733007431,0,0,0.4728963375091553,1,0,0.8079681992530823,1,0,0.8219265937805176,0
844c74ccfd247080704e9118a2ef5ee6,94,0,0.5425488352775574,1,0,0.2884443998336792,0,0,0.6225924491882324,1,0,0.3609303832054138,0,0,0.6873438358306885,0
844e0124406c3b8ede871974d4df8fc9,94,0,0.2887270152568817,0,0,0.0255710817873477,0,0,0.2234715670347213,0,0,0.303814023733139,0,0,0.6964905858039856,0
84564d34f32254f20e49bcb6ab603421,94,0,0.3656806051731109,0,0,0.4395187795162201,1,0,0.2442063093185424,0,0,0.3919868171215057,0,0,0.3604967594146728,0
847743152f064b66922857b03babd9b4,94,0,0.0981432199478149,0,0,0.0363228246569633,0,0,0.0293514188379049,0,0,0.2440710216760635,0,0,0.0271931812167167,0
84ab46d62cc73aa48c4c219074638067,94,0,0.4121235311031341,0,0,0.0096586057916283,0,1,0.5274940133094788,1,0,0.6457180976867676,0,1,0.789032518863678,0
84c632197eb00d0bf42931649cf26a84,94,0,0.2219715416431427,0,0,0.0724418982863426,0,0,0.16801118850708,0,0,0.2935640513896942,0,0,0.5029155015945435,0
84d97a74cb6d007c8b4370c07920137c,94,0,0.2285508960485458,0,0,0.6949732303619385,1,0,0.1048935130238533,0,0,0.1042467579245567,0,0,0.054690770804882,0
851111c0d1373209b9cff31baf15dbe2,94,1,0.6211041808128357,1,0,0.0604265853762626,0,1,0.9624109864234924,1,0,0.6060097217559814,0,0,0.5867842435836792,0
852323f1b1d59921ce43fbb0ce7778ef,94,1,0.5334977507591248,1,0,0.0554324574768543,0,0,0.4927422702312469,1,0,0.9185503721237184,1,0,0.6012080907821655,0
8523b847bfffd922ccc8748667cb4a6b,95,0,0.278806984424591,0,0,0.6220918893814087,1,0,0.2335788309574127,0,1,0.4172537624835968,0,0,0.5762234330177307,0
8545aad85354b8db7d5ce731a985a5dd,95,0,0.2553369104862213,0,0,0.8104828000068665,1,0,0.1738556921482086,0,0,0.2781546413898468,0,0,0.2600378692150116,0
85718436181b19f2d96683adba71e0fb,95,0,0.5302520394325256,1,1,0.2655113339424133,0,0,0.3314296007156372,0,0,0.4613703489303589,0,0,0.7252258658409119,0
859b2897036f5ebf281996b5c3ed5571,95,0,0.176447793841362,0,0,0.0023297732695937,0,0,0.0818171054124832,0,0,0.2943986654281616,0,0,0.6857494115829468,0
85bda836908ce9aa420b408de60d12b9,95,0,0.3263425230979919,0,0,0.0166129227727651,0,0,0.1939844340085983,0,0,0.5119021534919739,0,0,0.6920363903045654,0
85c79168f44971d4ed1a4ceb92f52782,95,0,0.21674345433712,0,0,0.0383368283510208,0,0,0.1852833479642868,0,0,0.3758176863193512,0,0,0.7978026270866394,0
85cfce301b95db7beeaeeee8d9b44b31,95,0,0.3654533326625824,0,0,0.4250246584415436,1,0,0.2671598196029663,0,0,0.5395821928977966,0,0,0.3412928283214569,0
85e3f349aa7ffca50350583c0e872b3e,95,0,0.3518027365207672,0,0,0.1843764334917068,0,0,0.2639934420585632,0,0,0.4255446791648865,0,0,0.7413751482963562,0
85ffcfa2cb02025abd57e2ed21ec4aa2,95,0,0.47048220038414,0,1,0.6939000487327576,1,0,0.2305155396461486,0,0,0.362770527601242,0,0,0.5640653371810913,0
860d962f6bcb589691efe5911ef2c415,95,0,0.438969224691391,0,0,0.2877861857414245,0,0,0.2081389874219894,0,0,0.386774867773056,0,0,0.4841340482234955,0
8622b8fb70af2568eb36fe1e9bf944df,95,0,0.5427791476249695,1,0,0.0178934223949909,0,0,0.182703360915184,0,0,0.6328789591789246,0,0,0.5321242213249207,0
865f04d531a2cea8ae54bea8419a143b,95,0,0.3334623277187347,0,0,0.058433286845684,0,0,0.204495832324028,0,0,0.3727467656135559,0,0,0.7670624256134033,0
8665a7a54f95442fbf721f9865fd2215,95,0,0.2692644596099853,0,0,0.028283517807722,0,0,0.0619978606700897,0,0,0.3831994235515594,0,0,0.1964425891637802,0
8673c57e2f920c8bb15d3c8a062ee2a2,95,0,0.2856085300445556,0,0,0.0079233180731534,0,0,0.2000625878572464,0,0,0.2712249457836151,0,0,0.4192019402980804,0
867fdc610019d6500f0d02205491d6b3,95,0,0.1990770399570465,0,0,0.2837070524692535,0,0,0.2010570466518402,0,0,0.2231548130512237,0,0,0.5795873999595642,0
86a162a046aa05913ec0ea15a37bf6ec,95,0,0.2949492633342743,0,0,0.3505798280239105,0,0,0.258427619934082,0,0,0.4521281123161316,0,0,0.6484384536743164,0
86b6e82323a0bc62ea29acad47cb8b4b,96,0,0.4003731310367584,0,1,0.2377765923738479,0,0,0.284311294555664,0,0,0.8519718647003174,1,0,0.8249030113220215,0
86c250394507375a62f41b8178cee56b,96,0,0.307036817073822,0,0,0.1822127103805542,0,0,0.3044410049915313,0,0,0.3134343028068542,0,0,0.5948678851127625,0
86d44d9e44347855ffc41410e213f3fc,96,0,0.339788943529129,0,0,0.0098664863035082,0,0,0.3224265575408935,0,0,0.5868810415267944,0,0,0.754708468914032,0
86f163288f42611c975cbc28990cadd3,96,0,0.7477719783782959,1,0,0.7100616097450256,1,0,0.5938180088996887,1,0,0.3438315987586975,0,0,0.5146477222442627,0
86f879c042c8a2860eb6f3177d374998,96,0,0.2087256759405136,0,0,0.0006058611324988,0,0,0.0875049978494644,0,0,0.5058161616325378,0,0,0.6379097104072571,0
86f8a2d7a8ea7bc8f1d9410b1434ffca,96,0,0.3424152135848999,0,0,0.0366878658533096,0,0,0.4432115852832794,1,0,0.460516482591629,0,0,0.8806923031806946,1
86fa4d1e5cc255212325d29ff77600fe,96,0,0.3248368799686432,0,0,0.1602576524019241,0,1,0.2696780264377594,0,0,0.5628085732460022,0,0,0.7271046042442322,0
8704b3b6daca3fa2a42630a22b6ded1a,96,0,0.2523180246353149,0,0,0.3224585354328155,0,0,0.2088246494531631,0,0,0.5524958968162537,0,0,0.3202820420265198,0
870de757427d966a02d162ae502f6563,96,0,0.7787297964096069,1,1,0.7338044047355652,1,1,0.7966933846473694,1,0,0.174242690205574,0,0,0.0847066044807434,0
8718fb6c453339e5db252d14328d8ae9,96,0,0.1646514236927032,0,0,0.0126172835007309,0,0,0.0219766683876514,0,0,0.1930831223726272,0,0,0.0505372509360313,0
871a0f6c5f88473af86d1ceab436a040,96,0,0.3723819553852081,0,0,0.0273093376308679,0,0,0.0997245088219642,0,0,0.3547148406505584,0,0,0.5048571825027466,0
871e8ae9dc52f1fd45a7cd3068c71d2e,96,1,0.4958140254020691,0,0,0.0730348899960517,0,1,0.3669862747192383,0,0,0.7912268042564392,1,1,0.6940651535987854,0
8738f1843ea1425fdb36e2b0fac23626,96,1,0.3127486109733581,0,0,0.0187386162579059,0,1,0.3202356696128845,0,0,0.7917762398719788,1,0,0.5714902877807617,0
874ac8cb7b030ee4356d0b1bf54f3bd6,96,1,0.3192021548748016,0,0,0.0104983551427721,0,0,0.1100247353315353,0,0,0.2288999408483505,0,0,0.2134783715009689,0
87763a0a0edd30e68ff86a100878c3be,96,0,0.2884570956230163,0,0,0.01056410651654,0,0,0.0741326212882995,0,0,0.3381865620613098,0,0,0.3090656399726867,0
878e449975ff3b3fe915c976e7b8349e,96,0,0.4882688224315643,0,1,0.2655148208141327,0,0,0.7527182698249817,1,0,0.6027202606201172,0,0,0.8019660115242004,0
879749b06c2dd7de7a76887d7f3dc506,97,1,0.5188976526260376,1,0,0.0019906358793377,0,0,0.3900255262851715,0,1,0.8098254799842834,1,0,0.8205904960632324,0
879e183709977d43bd02d4e51ef325b4,97,0,0.5827857851982117,1,0,0.8118137717247009,1,0,0.4842647314071655,1,0,0.3021203875541687,0,0,0.3256379067897796,0
879ec35e876a8aa2ca445cc465da8322,97,0,0.278396338224411,0,0,0.0105461990460753,0,0,0.0719775483012199,0,0,0.4203564524650574,0,0,0.2659685611724853,0
87a17e0680f0324fb5e39c610ec1eabc,97,0,0.2557925879955292,0,0,0.0136272814124822,0,0,0.1026335284113884,0,0,0.5727304220199585,0,0,0.4585843384265899,0
87aa2198c942403312bb79486a068fec,97,0,0.446021020412445,0,0,0.017550503835082,0,1,0.1339006274938583,0,0,0.4298402667045593,0,0,0.3380313217639923,0
87d52b0c51edffcdd87793fe348aed71,97,0,0.274299293756485,0,0,0.0400273017585277,0,0,0.1701836735010147,0,0,0.3537414073944092,0,0,0.5049458146095276,0
88026d37fe4202ab073fa838da4fa438,97,0,0.4854501783847809,0,0,0.2448922544717788,0,0,0.5371299982070923,1,0,0.3756414651870727,0,0,0.8071823120117188,0
880331cec567a33bdfa422b8cae7f77c,97,0,0.4663390219211578,0,0,0.2565391957759857,0,0,0.2416432797908783,0,0,0.5273498296737671,0,0,0.5837029814720154,0
880b327f38330a6d6f8ecd18678ab1eb,97,0,0.2880201935768127,0,0,0.0035260813310742,0,0,0.0883342623710632,0,0,0.37895068526268,0,0,0.1730137169361114,0
88225a0655ff2e979a4901a74d206118,97,0,0.3126625120639801,0,0,0.1026251316070556,0,0,0.126254454255104,0,0,0.3616775870323181,0,0,0.7255918383598328,0
8833925206c256a23d191bf9e976a37c,97,0,0.2498522698879242,0,0,0.0142603674903512,0,0,0.144424632191658,0,0,0.6277721524238586,0,0,0.4351763725280761,0
884f2b574d9600dd52f4a04c9aa3a230,97,0,0.4233656227588653,0,0,0.114413134753704,0,1,0.43400838971138,1,1,0.7098483443260193,1,0,0.7387597560882568,0
88555f70eddbd1b7f5153f78c180a3f3,97,0,0.5611077547073364,1,0,0.0574393309652805,0,0,0.5558611750602722,1,1,0.9223949909210204,1,0,0.629777193069458,0
885cb27d4cf51dc3aa6fa71b3aff08d8,97,1,0.6974583268165588,1,0,0.050238125026226,0,1,0.798841118812561,1,0,0.8478291630744934,1,0,0.643124520778656,0
8861966283668b026211d4789e556e32,97,0,0.3022786378860473,0,0,0.0012388711329549,0,0,0.2245681583881378,0,0,0.3853532671928406,0,0,0.8083393573760986,0
887371388c9802ebf6e18d617d1c9ead,97,0,0.4009276032447815,0,0,0.0419211462140083,0,0,0.1266328245401382,0,0,0.4319446980953216,0,0,0.3185020685195923,0
889347926c284c6c61234b357153d327,98,1,0.5754785537719727,1,0,0.7330158352851868,1,0,0.3940629065036773,0,0,0.523036777973175,0,0,0.7210811972618103,0
889c383884d98ca6c0f3ef7e5c988f47,98,0,0.2734602391719818,0,0,0.0014987176982685,0,0,0.1281396001577377,0,0,0.413578599691391,0,0,0.6285346150398254,0
88b95ee8ca5cf416d2d4eefe6fdda544,98,0,0.3573130667209625,0,0,0.0115658175200223,0,0,0.2614203691482544,0,0,0.5076516270637512,0,0,0.8493225574493408,0
88c170fc29bb285ec48a809de2d206cd,98,0,0.2849380373954773,0,0,0.0032139339018613,0,1,0.1425808370113372,0,0,0.4125537872314453,0,0,0.6194753050804138,0
88cd5c503ff4f6309fd2b7b38ac71788,98,0,0.2474901676177978,0,0,0.148191824555397,0,0,0.220595121383667,0,0,0.4733438789844513,0,0,0.4695294201374054,0
88d2ce200de6d068f75bd22fe9c9ff99,98,0,0.2881500124931335,0,0,0.1766246706247329,0,0,0.307004302740097,0,0,0.3659357726573944,0,0,0.7441712617874146,0
88e1a8afc53c842ef8b8f8d6a3aed32b,98,1,0.5529940724372864,1,0,0.0943804681301117,0,1,0.9185584187507628,1,0,0.5751202702522278,0,0,0.5791645050048828,0
89026693453e72d07cdccd6a98999fd5,98,0,0.2759401500225067,0,0,0.3036465942859649,0,0,0.2957787811756134,0,0,0.3031318485736847,0,0,0.4999193549156189,0
8915d3a6c700fd26eddb5c5d7f67571c,98,0,0.3434737026691437,0,0,0.1350719332695007,0,0,0.163853719830513,0,0,0.5686570405960083,0,0,0.4093367159366607,0
89712ddf9e0bcf39f38d7fb0c174b316,98,0,0.1937659233808517,0,0,0.6816824078559875,1,0,0.1390758156776428,0,0,0.5508406758308411,0,0,0.397487074136734,0
897bb7685ab7e0b33ffd63d8a8c602af,98,1,0.3481973111629486,0,0,0.0156170018017292,0,0,0.1705526560544967,0,0,0.4856994152069092,0,0,0.1420396566390991,0
897c9283fc1e7c7c9c27db654aec8d73,98,0,0.451593816280365,0,0,0.0243739020079374,0,0,0.3233666121959686,0,0,0.3778451383113861,0,0,0.3365402221679687,0
898f3a2c28f2267652a51a0163da0a19,98,0,0.5368630886077881,1,0,0.3036367297172546,0,0,0.4304222762584686,1,0,0.5736048817634583,0,0,0.6509515643119812,0
899071c789c858f5f18e7bb8cc01e9d8,98,0,0.3704808354377746,0,0,0.0427985601127147,0,0,0.1571489125490188,0,0,0.1992585062980651,0,0,0.5489317178726196,0
8997b6c26e44ce628e1eb711d11823fc,98,0,0.4217284023761749,0,1,0.5822296142578125,1,0,0.3870428800582886,0,0,0.5097141861915588,0,0,0.5019984245300293,0
89d69479402c09787ae6663d2536a200,98,0,0.2152104973793029,0,0,0.0145829366520047,0,0,0.1157408356666565,0,0,0.2436346560716629,0,0,0.3642901480197906,0
89ed046a7e6ea0bf90a90d41c93838fa,99,0,0.2555907666683197,0,0,0.6087902784347534,1,0,0.0926542654633522,0,0,0.2213966697454452,0,0,0.1499728411436081,0
89f04f147e058dd9899c3868fc135e4f,99,0,0.185172364115715,0,0,0.0096503496170043,0,0,0.1710309237241745,0,0,0.4387142658233642,0,0,0.6505745053291321,0
89f132e2e7c2ba998aca172c2ac942b6,99,0,0.529358983039856,1,0,0.1223345324397087,0,0,0.0554129406809806,0,0,0.0615499354898929,0,0,0.0288674905896186,0
89f9bf838081221588361f1da1e9a81a,99,0,0.4269458055496216,0,0,0.0564698688685894,0,0,0.2692729830741882,0,0,0.6208363771438599,0,0,0.6831293106079102,0
89fe3306458a22b4872928854c8d7a93,99,0,0.4978854954242706,0,0,0.1845879703760147,0,0,0.5354434251785278,1,0,0.4778465032577514,0,0,0.8524623513221741,0
8a03b8aacb12ad5740f7d6d236631937,99,0,0.3654139041900635,0,1,0.6192715167999268,1,0,0.2420514374971389,0,0,0.4422407448291778,0,0,0.5977345705032349,0
8a0914af872a03770cd65e63ac220504,99,0,0.668138861656189,1,0,0.4494284093379974,1,0,0.2714776396751404,0,0,0.3190537691116333,0,0,0.3349656462669372,0
8a135433be4f3db4c84dd0c17fd49bd5,99,1,0.4183413684368133,0,0,0.0352473147213459,0,1,0.8013596534729004,1,0,0.8076626658439636,1,0,0.1173475980758667,0
8a1b171f8f5fff7acafec5dcb11b67da,99,0,0.3335604667663574,0,0,0.1309832334518432,0,0,0.1867865175008773,0,0,0.5571147203445435,0,0,0.4732623994350433,0
8a21e0bb68cd729b2108a80faf955b7d,99,0,0.3996323049068451,0,0,0.1519533395767212,0,0,0.1945660859346389,0,0,0.6249638199806213,0,0,0.4439031481742859,0
8a28453b44f960e96195ef63a19eef4d,99,1,0.6958221197128296,1,1,0.3760205805301666,1,1,0.3394697308540344,0,0,0.3294590711593628,0,0,0.5325274467468262,0
8a4ebdea1fd73168d73755a4335b6ac6,99,0,0.5541042685508728,1,0,0.1640579551458358,0,0,0.2162035554647445,0,0,0.2272212356328964,0,0,0.4634812176227569,0
8a56a454dfea716a4d249144054974c1,99,0,0.4950589835643768,0,1,0.8735653758049011,1,0,0.3968366682529449,0,0,0.3013572096824646,0,0,0.1658390611410141,0
8ae22bee34bbc561f7ce751a893a2715,99,1,0.2757101953029632,0,0,0.0008767942199483,0,0,0.1558557599782943,0,0,0.5550015568733215,0,0,0.7367528676986694,0
8b0d1968a2f5c7d6f4fd31b9b6fa37d0,99,0,0.4017253220081329,0,0,0.1535032093524933,0,0,0.2896614074707031,0,0,0.7969260215759277,1,0,0.8184691071510315,0
8b1be486cd3aa270873ee8bce40084a0,99,0,0.4497946798801422,0,0,0.256084680557251,0,0,0.4190725684165954,0,0,0.4331226050853729,0,0,0.64088374376297,0
8b20c3eebf97ebe4a939ec16f1be2ccf,100,0,0.6619939208030701,1,0,0.2285741120576858,0,0,0.251842051744461,0,0,0.1372696906328201,0,0,0.1038472726941108,0
8b367525fe691a088991bf7ceb7b0ba9,100,0,0.5149403810501099,1,0,0.1019505634903907,0,0,0.1689875423908233,0,0,0.2165487855672836,0,0,0.1058971583843231,0
8b44752d98acbc233b093260c0f2061d,100,0,0.2882209122180938,0,0,0.1525923311710357,0,0,0.3184419572353363,0,0,0.3529230952262878,0,0,0.7258738279342651,0
8b783188befa28d99bbf268a7f30bf0c,100,0,0.2843882143497467,0,0,0.5867641568183899,1,0,0.128080740571022,0,0,0.2353259623050689,0,0,0.2522562444210052,0
8b80c6d513fcc465dee24402e8431bd3,100,0,0.1556130647659301,0,0,0.0573420897126197,0,0,0.0425161868333816,0,0,0.1752506047487259,0,0,0.1211617663502693,0
8b83b4587641993e3b01daa61e207ba9,100,0,0.3559809923171997,0,0,0.0842121839523315,0,0,0.2616651654243469,0,0,0.6092296838760376,0,0,0.6912513971328735,0
8b92de834e67f5a072af66d59aacc825,100,1,0.4817418754100799,0,1,0.6331860423088074,1,1,0.8176051378250122,1,0,0.5818753838539124,0,0,0.7228730916976929,0
8b9c9d55bd03bf92f252c764bdc05bcf,100,0,0.2619956433773041,0,0,0.1494676321744918,0,0,0.0810687616467475,0,0,0.3192679286003113,0,0,0.5166609287261963,0
8b9ea72de468504f3dbc3fc711f905a3,100,0,0.2564888596534729,0,0,0.0068187215365469,0,0,0.0462575554847717,0,0,0.2980680465698242,0,0,0.0311983935534954,0
8bb8636f45e172949bb99b3d5dd715fd,100,0,0.1927374750375747,0,0,0.0239359978586435,0,0,0.2670648396015167,0,0,0.4870655834674835,0,0,0.5100748538970947,0
8bdba2010a4775f16a711feab58b8c1c,100,0,0.3164633512496948,0,0,0.0099337920546531,0,0,0.0993416979908943,0,0,0.3067453503608703,0,0,0.2772818505764007,0
8bf191972855f263e27d2239d753e622,100,1,0.428830087184906,0,0,0.2201050370931625,0,0,0.1460390985012054,0,0,0.4376866519451141,0,0,0.4597534537315368,0
8bfad13f75648d94cdc8fc5f988f701f,100,0,0.577304482460022,1,1,0.8737489581108093,1,0,0.3606913685798645,0,0,0.2867774665355682,0,0,0.4806645810604095,0
8c199df8b4209bac0e289a8fc63f46fc,100,0,0.2845132946968078,0,0,0.0735038518905639,0,0,0.5759223699569702,1,1,0.9867677092552184,1,0,0.3537632524967193,0
8c1da0c0eb67a8b7bb7cfac84ecb1cc9,100,0,0.545524537563324,1,0,0.0228792559355497,0,0,0.2884130477905273,0,0,0.3489967882633209,0,0,0.3912146985530853,0
8c40cb4ad9be5f24327c1b188f14b81b,100,0,0.367070734500885,0,0,0.2660226821899414,0,0,0.2692543566226959,0,0,0.5402229428291321,0,0,0.619034469127655,0
8c5f21ee2a5e13f48eddb5877084a11f,101,0,0.4294445216655731,0,0,0.0602632872760295,0,0,0.0880021899938583,0,0,0.2150747776031494,0,0,0.0850209891796112,0
8c6139a7a9ea206b16b3a0d330ad6c02,101,0,0.1764544695615768,0,0,0.0157732311636209,0,0,0.1455463618040084,0,0,0.4399203360080719,0,0,0.640224277973175,0
8c6c6d7609f644dea5044ac56725cf3a,101,0,0.2686945497989654,0,0,0.0082365106791257,0,0,0.1365795731544494,0,0,0.2706322371959686,0,0,0.3215937912464142,0
8c7341b62afed8980c0cfa1659909be3,101,0,0.4849939048290252,0,1,0.8480988144874573,1,0,0.6862078309059143,1,1,0.4791822135448456,0,0,0.8195676207542419,0
8ca35bde756454ae2789f75ad12dfa1a,101,0,0.1636854708194732,0,0,0.4838975667953491,1,0,0.126113012433052,0,0,0.2767834961414337,0,0,0.1157742589712143,0
8cdb33b248a22754d1c2d8b409695a23,101,0,0.2749239206314087,0,0,0.0007092245505191,0,0,0.1067839935421943,0,0,0.4075860977172851,0,0,0.4805602729320526,0
8d14c321b87595be89926a9b5219150b,101,0,0.6619110703468323,1,0,0.2790672481060028,0,0,0.3656743466854095,0,0,0.2634071111679077,0,0,0.4569972157478332,0
8d1cee8994769d8a74512426fb45cd98,101,0,0.2800730168819427,0,0,0.0447019077837467,0,0,0.1262021511793136,0,0,0.3393808901309967,0,0,0.493692934513092,0
8d320a31edbc7f28ea0e329c5a91c55c,101,0,0.4397178888320923,0,1,0.7704584002494812,1,0,0.3132208287715912,0,0,0.2692857980728149,0,0,0.5580471158027649,0
8d53f1f5d327b1e1642bdb63d697c4fe,101,1,0.6441579461097717,1,0,0.0043374244123697,0,0,0.6293036341667175,1,1,0.7898008823394775,1,1,0.7987911105155945,0
8d598771f57b55e64a2ecd048ac42194,101,0,0.2236992418766021,0,0,0.2359766662120819,0,0,0.1112211421132087,0,0,0.3316685855388641,0,0,0.7002170085906982,0
8d612aaeaf1b5a01971cbdba49b37fdb,101,1,0.5164401531219482,1,0,0.1517902165651321,0,1,0.7352778315544128,1,0,0.3315066993236542,0,0,0.2797728478908539,0
8d677aa2749132774b4bb1400351e097,101,0,0.4610306322574615,0,0,0.0886247158050537,0,0,0.1808647662401199,0,0,0.4453080594539642,0,0,0.2155383080244064,0
8d87354fed4d79fe6e33267600d66adf,101,0,0.309743583202362,0,0,0.0792556703090667,0,0,0.1184960156679153,0,0,0.5079658031463623,0,0,0.2826531231403351,0
8d8830c35ca3c9b01c3dd33eb4fabc00,101,1,0.7568765878677368,1,0,0.0312062408775091,0,0,0.8043014407157898,1,0,0.7941779494285583,1,0,0.4476349353790283,0
8d92d5da9bcba061cf36ee0a6c4d5d45,101,0,0.167377308011055,0,0,0.0048786457628011,0,0,0.0423406139016151,0,0,0.1809310019016266,0,0,0.1533105969429016,0
8db4cbed642a41074ac5acdb0be452e4,102,0,0.3398238718509674,0,0,0.6934741735458374,1,0,0.2322063148021698,0,0,0.3210808336734772,0,0,0.4807206392288208,0
8db986c7dad6ac1f5b3bcbf23b358d63,102,0,0.3679451644420624,0,0,0.0072745978832244,0,0,0.1818683296442031,0,0,0.4509924650192261,0,0,0.8759385943412781,1
8de301615cf3fca4c747a87d9b9505c1,102,0,0.5457876920700073,1,0,0.0617874339222908,0,0,0.3526954054832458,0,0,0.504463791847229,0,1,0.7900722026824951,0
8dec5497ecc246766acfba5a4be4e619,102,0,0.2091678529977798,0,0,0.0073220604099333,0,0,0.140299454331398,0,0,0.4266076982021332,0,0,0.6952853202819824,0
8e3d51015dcc574507110141019bc77a,102,1,0.6295660138130188,1,0,0.2192997634410858,0,0,0.2903614938259125,0,0,0.8207314014434814,1,0,0.5650186538696289,0
8e45289dba71354bafe44794b7d60d2c,102,0,0.3048204481601715,0,0,0.2513719499111175,0,0,0.1880226731300354,0,0,0.332425594329834,0,0,0.4175277352333069,0
8e6dca156b7d89a13ab8849b30bf511f,102,0,0.3541233241558075,0,0,0.0067013171501457,0,0,0.1738910526037216,0,0,0.2271918952465057,0,0,0.533877432346344,0
8e9dbebe9681191780dd66779a27a663,102,0,0.5343005061149597,1,0,0.0866340175271034,0,0,0.3804440200328827,0,0,0.5722737908363342,0,0,0.8659258484840393,0
8ea15d8dffaccc803d343596092354b5,102,1,0.739142894744873,1,1,0.0169600583612918,0,1,0.7654768228530884,1,0,0.8686088919639587,1,0,0.3881835043430328,0
8eac0d67c1763bf49cff773d0acce819,102,0,0.2770553231239319,0,0,0.1835642904043197,0,0,0.1499734669923782,0,0,0.3583446741104126,0,0,0.577964723110199,0
8ecee848dad45a30b6a0f80f6524a3cd,102,0,0.3446714580059051,0,0,0.2996241152286529,0,1,0.1800224632024765,0,0,0.548642635345459,0,1,0.384113997220993,0
8edb79319d71c1813e91d049d466e237,102,0,0.4998559653759002,0,1,0.5530762672424316,1,0,0.4825789928436279,1,0,0.5767277479171753,0,0,0.7346944212913513,0
8ee3612f9072477512f638498c50d788,102,0,0.3924313485622406,0,0,0.1867006421089172,0,0,0.3985007405281067,0,0,0.4680380225181579,0,0,0.7073220014572144,0
8eea7c2445255538d0785405b6832ff9,102,1,0.4298730790615082,0,0,0.0984797403216362,0,0,0.5147827863693237,1,0,0.8697930574417114,1,0,0.7188782691955566,0
8f0e9a83c1e26189ede1bd22fd751ead,102,0,0.1703535169363021,0,0,0.00698883831501,0,0,0.0432345941662788,0,0,0.2431049644947052,0,0,0.1295907497406005,0
8f21e046be34b9fd8fe5a3f6bff1b139,102,0,0.6622523665428162,1,0,0.1912780255079269,0,0,0.2262884825468063,0,0,0.3906984627246856,0,0,0.8482571244239807,0
8f4074350997e3cac1a8714363ce4069,103,0,0.253705233335495,0,0,0.5417547225952148,1,0,0.1733108460903167,0,0,0.2510705292224884,0,0,0.3766800165176391,0
8f83a4da5d18bff5a21d5caaef7d38ae,103,0,0.3778580129146576,0,0,0.7971829771995544,1,0,0.3669775128364563,0,0,0.2983663380146026,0,0,0.4030923843383789,0
8f87062bcd359f1d6ba0c6ab4e1ce2aa,103,0,0.2448061555624008,0,0,0.29861980676651,0,0,0.195479616522789,0,0,0.2433016896247863,0,0,0.393666535615921,0
8f90c2f3fa222eac7b59911267d00322,103,0,0.211182489991188,0,0,0.0091658756136894,0,0,0.0668266117572784,0,0,0.2540622055530548,0,0,0.3450431525707245,0
8fa99ab9d23eba8869ed9acd6429a0d5,103,0,0.1647093892097473,0,0,0.0578337833285331,0,0,0.2746520936489105,0,0,0.3763497173786163,0,0,0.6563290953636169,0
8fc6580091f8d24be3dbd700d4630833,103,0,0.3355624079704284,0,0,0.0039682779461145,0,0,0.2105245888233184,0,0,0.4430567622184753,0,0,0.3241192996501922,0
8fc78cbddaaed14a33267a0b3e4094e3,103,0,0.4448606967926025,0,0,0.2745181918144226,0,0,0.2283930480480194,0,0,0.4043874442577362,0,0,0.4668483734130859,0
900b1f760a359497ccf2a17d08413357,103,0,0.2434866577386856,0,0,0.0113653726875782,0,0,0.0379530563950538,0,0,0.242036372423172,0,0,0.0495298951864242,0
9021a7769e065e341d0893fac8250f2f,103,0,0.4398045241832733,0,1,0.7982754111289978,1,0,0.3793665170669555,0,0,0.4477319419384002,0,0,0.6649842858314514,0
902475b417c3d15c12706001292aa02e,103,0,0.450908750295639,0,0,0.1936189383268356,0,0,0.3742628693580627,0,0,0.3560459017753601,0,0,0.6987210512161255,0
90298b04a0c568ee2144c3431711b30e,103,1,0.6280913352966309,1,1,0.2322758287191391,0,0,0.5409914255142212,1,0,0.5259786248207092,0,0,0.6201746463775635,0
9045dfc3d4a724a051e85b331af35116,103,1,0.6882522702217102,1,0,0.0497709140181541,0,0,0.3131260275840759,0,1,0.8012619614601135,1,0,0.5997430086135864,0
9046a6b2fb904a20e144f9c26ac86ea7,103,0,0.5141482353210449,1,0,0.0169196240603923,0,0,0.382054328918457,0,0,0.5518157482147217,0,0,0.7511330246925354,0
904c597a439d56ab663e0b5cc5422924,103,0,0.2795873284339905,0,0,0.6333305239677429,1,0,0.1620875149965286,0,0,0.2239943891763687,0,0,0.6373075246810913,0
9055b296acf42185d29edd60dfdc6c50,103,0,0.2970370650291443,0,1,0.8254300355911255,1,0,0.3655168116092682,0,0,0.4418577849864959,0,0,0.7197886109352112,0
9060abafbf20514eb23dacaec98e5001,103,0,0.2267258018255233,0,0,0.1733203679323196,0,0,0.1487083733081817,0,0,0.5486549139022827,0,0,0.4997837245464325,0
90a2ee123827454effd1632e5a0d2214,104,0,0.366984099149704,0,0,0.1527224481105804,0,0,0.1592871844768524,0,0,0.4234201312065124,0,0,0.124617114663124,0
90fcb945ce4bd77f9d7eb0cf3b7c0c75,104,0,0.3426281809806824,0,0,0.0114982482045888,0,0,0.2145325541496276,0,0,0.806567907333374,1,0,0.6062021255493164,0
90ff0f6edbdb16fdeeaf3a8471f576ff,104,0,0.2884898483753204,0,0,0.0302814673632383,0,0,0.15776227414608,0,0,0.341359943151474,0,0,0.705419659614563,0
9105b96b6fdcb0dc599dc279b23c524e,104,1,0.410316526889801,0,1,0.7005152106285095,1,0,0.441733717918396,1,0,0.5071878433227539,0,0,0.3114603757858276,0
91123b24b8a4c289820bbb2dc6dabdfe,104,0,0.2854688465595245,0,1,0.6008155345916748,1,0,0.3187985122203827,0,0,0.6524068117141724,0,0,0.6551032662391663,0
9112756a7e8b3ae899c07ee78f42ba65,104,0,0.5110538601875305,1,1,0.398555725812912,1,0,0.3122597932815552,0,0,0.5283789038658142,0,0,0.5313181281089783,0
91283908618845879937985817083c93,104,0,0.5499985814094543,1,0,0.5886533260345459,1,0,0.3734982013702392,0,0,0.3471884131431579,0,0,0.3441793620586395,0
912a20a92e3eec09b59aad46c4451241,104,0,0.2182903885841369,0,0,0.9385772943496704,1,0,0.1908591389656067,0,0,0.1777708977460861,0,0,0.1324622184038162,0
915e148ea37918f74554937db82e0bef,104,1,0.6128098964691162,1,0,0.064713031053543,0,0,0.4467521905899048,1,0,0.8970537781715393,1,0,0.6909480690956116,0
91666dfbe7cae907ee17c02084290e4b,104,0,0.5626265406608582,1,0,0.0542227141559124,0,0,0.5185171365737915,1,0,0.800870418548584,1,0,0.6057136654853821,0
9166a14e1c348730c4f6a58b91cab35b,104,0,0.3246878385543823,0,0,0.014807540923357,0,0,0.1170665398240089,0,0,0.3672048151493072,0,0,0.4479823708534241,0
919ae0be4914f8ab1309afd084b552f9,104,0,0.2568265497684479,0,0,0.5688821077346802,1,0,0.0595686361193656,0,0,0.1101626232266426,0,0,0.0729352608323097,0
91a0ba6661f1216e3e0efa1da5085927,104,0,0.4315467774868011,0,0,0.5778570771217346,1,0,0.5587301850318909,1,0,0.479352742433548,0,0,0.8119066953659058,0
91a8f0bfbcfa86f399c6a1175ce78b48,104,0,0.3123856484889984,0,0,0.3460380733013153,0,0,0.1944301575422287,0,0,0.1635251939296722,0,0,0.577019214630127,0
91c465dad262c2d07cc9d98ebd3126cf,104,0,0.3083185255527496,0,0,0.0165433138608932,0,0,0.3341516554355621,0,0,0.3910859823226928,0,0,0.7996169328689575,0
91fe3b729dcb9a1fe5ddc310893fd339,104,0,0.3582459986209869,0,0,0.5116739869117737,1,0,0.3771907687187195,0,0,0.3585324585437774,0,1,0.7606886029243469,0
920798732c5a28ac4c00a8cf4a49e3ac,105,0,0.2972662448883056,0,0,0.0356153137981891,0,0,0.1761190891265869,0,0,0.4157705008983612,0,0,0.6250060200691223,0
920adb61fe4f2cad8c72b874d2f06653,105,0,0.3281717598438263,0,0,0.8922416567802429,1,0,0.2907035052776336,0,0,0.1828175485134124,0,0,0.286881148815155,0
920b51a079a6918a500745fd5dcc1c03,105,0,0.2363224923610687,0,0,0.2445063292980194,0,0,0.1398332118988037,0,0,0.3674112558364868,0,0,0.5458618998527527,0
921ae3e2888fcc1250129a6e8e585350,105,0,0.3290539681911468,0,0,0.3941915035247803,1,0,0.1021761000156402,0,0,0.4486812651157379,0,0,0.1466736048460006,0
921d2a094965fd081bc7d0d9ac6354b2,105,0,0.3454866707324981,0,0,0.5352879166603088,1,0,0.2904123067855835,0,0,0.4204601049423218,0,0,0.6471684575080872,0
9221b0d7c0029ef3ac6e12f5aa330fa6,105,0,0.3618858754634857,0,0,0.0597330816090106,0,0,0.2861330211162567,0,0,0.4962566792964935,0,0,0.7150772213935852,0
923555428f4043c4b5eac18d242021a7,105,0,0.2710533440113067,0,0,0.2548549771308899,0,0,0.1858117431402206,0,0,0.19050033390522,0,0,0.310229629278183,0
923e8cd400a4e914b50f3ee0ee7297e3,105,0,0.1774958819150924,0,0,0.0281277932226657,0,0,0.1067560464143753,0,0,0.2142167538404464,0,0,0.4985451698303222,0
925d945d9d6cf5d0f8bb294e8c68fdbc,105,0,0.3310071527957916,0,0,0.0008059124229475,0,0,0.1474695056676864,0,0,0.5308889150619507,0,0,0.7147101759910583,0
9261a4818a8933262ea1b9b9bebd2b4d,105,0,0.4693378210067749,0,0,0.9121498465538024,1,0,0.2811576128005981,0,0,0.356236845254898,0,0,0.3082279562950134,0
9262bfe5dc41410f1725ebdd26a22334,105,0,0.3759426474571228,0,1,0.2423169612884521,0,0,0.242823451757431,0,0,0.4131172299385071,0,0,0.6983702182769775,0
926787394c8df63b1da0a1cadf1063ee,105,0,0.3998239934444427,0,0,0.1902622580528259,0,0,0.1663009524345398,0,0,0.3803597390651703,0,0,0.3775113224983215,0
926f386ea35e891d7bfbcf9cab111866,105,0,0.4969812929630279,0,0,0.2433944791555404,0,0,0.416036456823349,0,0,0.4960022270679474,0,0,0.5432449579238892,0
9276f93cb5f5b511b7ad3caf71c45f10,105,0,0.2232837527990341,0,0,0.0095656542107462,0,0,0.1171112805604934,0,0,0.4031623303890228,0,0,0.6283072233200073,0
92a7c4fdc48bc4b5567b292cb57a201d,105,0,0.4159934222698211,0,0,0.4632921814918518,1,0,0.2950253784656524,0,0,0.7475407719612122,1,0,0.7094858288764954,0
92b86dc30366b13fa742c386fb146594,105,0,0.33525350689888,0,0,0.1335341334342956,0,0,0.2476266920566558,0,0,0.4449597895145416,0,0,0.592290997505188,0
92e71098a8b0f7e30097a649588a26de,106,0,0.5290802717208862,1,1,0.3648133873939514,1,1,0.809097170829773,1,0,0.5484569668769836,0,0,0.9029566645622252,1
92e85f2d1d6ad5ebe0385ebb1a7868c2,106,0,0.5133908987045288,1,1,0.567429780960083,1,0,0.4255789816379547,0,0,0.4137446284294128,0,0,0.3977545201778412,0
92fa602b722ed0b664edb0b7ef6efc6e,106,0,0.3448665738105774,0,0,0.1274249851703643,0,0,0.2449657171964645,0,0,0.594514787197113,0,0,0.608164370059967,0
9312eef59a2ec95acb7e39d0508d89cc,106,0,0.5934553146362305,1,1,0.88202303647995,1,0,0.4740715026855469,1,0,0.5759413242340088,0,0,0.3722468614578247,0
931dc77300612101a84eff6070ca270a,106,0,0.3082776665687561,0,0,0.0152222318574786,0,0,0.2142795622348785,0,1,0.8255341053009033,1,1,0.6414684057235718,0
93239daad566dbc55904c90e6f74a8f4,106,0,0.3420382738113403,0,0,0.0460083447396755,0,0,0.1275124996900558,0,0,0.4113123416900635,0,0,0.4718213379383087,0
933a7e742b3bda1d1e345dd123b5f46a,106,0,0.4233911335468292,0,0,0.0078984908759593,0,1,0.688389003276825,1,0,0.5688844323158264,0,1,0.9963085055351256,1
934e2731a86f3a6d750f7f7d9eaea85c,106,1,0.6043962836265564,1,0,0.0759369581937789,0,1,0.940064251422882,1,0,0.5412187576293945,0,1,0.5377980470657349,0
937a353dd57519c0757ce2da3ae2bdc2,106,0,0.4139024913311004,0,1,0.5208796858787537,1,0,0.1730713695287704,0,0,0.2374639064073562,0,0,0.2538929283618927,0
93c4edb47311463feddf87a0ea36f128,106,0,0.225960686802864,0,0,0.0066281026229262,0,0,0.0882366076111793,0,0,0.3358193635940552,0,0,0.5849360227584839,0
93cdc1245a32efee2b5ec92abe175e8b,106,0,0.4266167879104614,0,0,0.806338369846344,1,0,0.3619451820850372,0,0,0.3581680953502655,0,0,0.5661894679069519,0
940635db4ae037a40c8a95a81de062d6,106,0,0.5084827542304993,1,1,0.9115416407585144,1,0,0.5752080678939819,1,0,0.3871092200279236,0,0,0.6235933899879456,0
9408e65cccb846a922ba24c1482d1f4e,106,0,0.2250477969646453,0,0,0.3041898310184479,0,0,0.1094541400671005,0,0,0.327961266040802,0,0,0.4089266359806061,0
941dc59889449949de70d0b3a545939c,106,0,0.2303576469421386,0,0,0.009346604347229,0,0,0.1426878571510315,0,0,0.7049647569656372,1,0,0.7079541683197021,0
945654132299ed39a4001917a63442b5,106,0,0.1879415214061737,0,0,0.1198647916316986,0,0,0.0447705723345279,0,0,0.213798388838768,0,0,0.1290769428014755,0
94568a546be103177cb582d3e91cd2d8,106,0,0.2584277093410492,0,0,0.6482442021369934,1,0,0.1616744697093963,0,0,0.2318869829177856,0,0,0.3774866461753845,0
945e911b21f8a7a61e1828b1b96e9b57,107,0,0.2157691270112991,0,0,0.2729827761650085,0,0,0.238789215683937,0,0,0.2716189622879028,0,0,0.7654016017913818,0
9466f15cf32369021196e4a474d6864e,107,0,0.2364118099212646,0,0,0.0577387064695358,0,0,0.109421469271183,0,0,0.2609474956989288,0,0,0.1356839090585708,0
94699ec9440ff2d98c16238825994312,107,0,0.4816194176673889,0,0,0.5836880207061768,1,0,0.141499787569046,0,0,0.4194279313087463,0,0,0.3936482965946197,0
94991be117227a4da154ae9d49583695,107,0,0.3535039722919464,0,1,0.9086004495620728,1,0,0.3840064108371734,0,1,0.2390145659446716,0,0,0.3087766766548157,0
94b4487a6f96741da2745343df491908,107,0,0.1890468895435333,0,0,0.1269722580909729,0,0,0.1090184897184372,0,0,0.3679689764976501,0,0,0.5245431065559387,0
950259de679bcbb923e69129ef6640d5,107,0,0.5948956608772278,1,0,0.1980209499597549,0,0,0.5471038222312927,1,0,0.5862690210342407,0,0,0.7629770636558533,0
950f7420fe9cb8a960a5c3ca47c35748,107,0,0.4164122939109802,0,0,0.4648917317390442,1,0,0.3569009006023407,0,0,0.3564917147159576,0,0,0.7458621859550476,0
95108d231a9fd10ed3d5594c3e7f41e1,107,0,0.3260012567043304,0,0,0.0350850597023963,0,0,0.1646949052810669,0,0,0.6123135685920715,0,0,0.5221691727638245,0
95202c6e6cf656274adf379f419ab244,107,0,0.2039943486452102,0,0,0.0268128085881471,0,0,0.0515032969415187,0,0,0.3067425787448883,0,0,0.1664574444293975,0
953e9c48167874db643fd1dc010605c1,107,0,0.355573832988739,0,0,0.0969188511371612,0,0,0.0487238243222236,0,0,0.2449174225330352,0,0,0.0876243934035301,0
9575166c507d7862f5924bc606eb6c1d,107,0,0.2163498699665069,0,0,0.1038124039769172,0,0,0.0946511998772621,0,0,0.4926422536373138,0,0,0.7524019479751587,0
958a4c63f5e4151e78a7a3684eb4616f,107,0,0.4110370278358459,0,0,0.8194358348846436,1,1,0.444786012172699,1,1,0.8367546200752258,1,1,0.4250207841396332,0
95c1cb84d859b7ef18e61b5e2d052bb5,107,0,0.3930048942565918,0,0,0.0655799806118011,0,0,0.2058383524417877,0,0,0.7569839358329773,1,0,0.6174653172492981,0
95c7dd4307b9ab126fe347ba6e57dd7e,107,0,0.2703238427639007,0,0,0.2857959568500519,0,0,0.1922111958265304,0,0,0.2597382664680481,0,0,0.2779582142829895,0
95eb9d1e5697e1c665253e05dcf5a464,107,0,0.2055554091930389,0,0,0.2914634048938751,0,0,0.2519956231117248,0,0,0.2464559078216552,0,0,0.4493932425975799,0
96171d4df35e0bb38fd6df7e7b6f35e9,107,0,0.4484425187110901,0,0,0.0498387366533279,0,0,0.3944100439548492,0,1,0.7187054753303528,1,0,0.7840312719345093,0
96601ac112a5e37c51dabe61bf063a8e,108,0,0.4764584898948669,0,0,0.5705867409706116,1,0,0.368916779756546,0,0,0.2984175384044647,0,0,0.3784059584140777,0
967a55293ed97ec1447c0da5162a430e,108,0,0.3597132861614227,0,0,0.2095053195953369,0,0,0.3057271838188171,0,0,0.620976448059082,0,0,0.4354440867900848,0
967cc2106c325f85a5447798328f5d33,108,0,0.6792339086532593,1,0,0.6927271485328674,1,0,0.4067918658256531,0,0,0.3230568766593933,0,0,0.67646723985672,0
968735441bd2c77d7cfcf4d504b1fd5b,108,0,0.2597740590572357,0,0,0.1858171224594116,0,0,0.2816147208213806,0,0,0.5952828526496887,0,0,0.733219563961029,0
968a90b80ec6b68aae9703ff30509acc,108,0,0.1944917142391204,0,0,0.0172274075448513,0,0,0.0625521019101142,0,0,0.2992311716079712,0,0,0.2495310753583908,0
969570a649d3d7f430dd2e4ec11b7bc4,108,0,0.3658252656459808,0,0,0.3747939467430115,1,0,0.3019597232341766,0,0,0.5923482775688171,0,0,0.5822946429252625,0
96b106d836d2b4f16362d3a1d1f767a5,108,0,0.4899296164512634,0,1,0.088209368288517,0,0,0.4368738234043121,1,0,0.4608974456787109,0,0,0.730025589466095,0
96ccdf8a8c6680b235e532b179a89285,108,0,0.2354167848825454,0,0,0.0068375156261026,0,0,0.1657946556806564,0,0,0.4008986353874206,0,0,0.7914783358573914,0
96d1504f104b0b4ad88de4a50d413197,108,0,0.3587568700313568,0,0,0.0382828712463378,0,0,0.1566583067178726,0,0,0.2622719705104828,0,0,0.4453774690628052,0
96d4d2d2fff41438e38075881b7b0d58,108,0,0.2495931833982467,0,0,0.0140024535357952,0,0,0.070788487792015,0,0,0.2410453557968139,0,0,0.4365091621875763,0
973b316bee7e6ccda97c07d096008fea,108,0,0.311042845249176,0,0,0.0079613514244556,0,0,0.0575356483459472,0,0,0.2432789355516433,0,0,0.1017106026411056,0
97c27cc1254725212a62ca9af162d54d,108,0,0.4634225964546203,0,0,0.015268231742084,0,0,0.4508760869503021,1,0,0.4294889569282532,0,0,0.7794681191444397,0
