image_id,batch_index,y_true_Airspace_Opacity,prob_Airspace_Opacity,pred_Airspace_Opacity,y_true_Cardiomediastinal_Abnormality,prob_Cardiomediastinal_Abnormality,pred_Cardiomediastinal_Abnormality,y_true_Pleural_Abnormality,prob_Pleural_Abnormality,pred_Pleural_Abnormality,y_true_Focal_Lesion,prob_Focal_Lesion,pred_Focal_Lesion,y_true_Chronic_Parenchymal_Change,prob_Chronic_Parenchymal_Change,pred_Chronic_Parenchymal_Change
002a34c58c5b758217ed1f584ccbcfe9,0,0,0.39655035734176636,0,0,0.7954683899879456,1,0,0.32524701952934265,0,0,0.37566283345222473,0,0,0.2618680000305176,0
004f33259ee4aef671c2b95d54e4be68,0,0,0.4551887512207031,0,0,0.07234951853752136,0,0,0.10187561064958572,0,0,0.49810510873794556,0,0,0.17041906714439392,0
008bdde2af2462e86fd373a445d0f4cd,0,0,0.6991742849349976,1,0,0.38599178194999695,1,0,0.5761533975601196,1,0,0.3633532226085663,0,0,0.42244967818260193,0
009bc039326338823ca3aa84381f17f1,0,0,0.730302631855011,1,0,0.12385377287864685,0,0,0.6715880036354065,1,0,0.7262248396873474,1,0,0.38864368200302124,0
00a2145de1886cb9eb88869c85d74080,0,0,0.5939983129501343,1,1,0.6527833342552185,1,0,0.2778478264808655,0,0,0.19596624374389648,0,0,0.2939077615737915,0
00b7e6bfa4dc1fe9ddd0ce74743e38c2,0,0,0.5843045711517334,1,0,0.19540293514728546,0,0,0.5448206067085266,1,0,0.7849714159965515,1,0,0.7581889033317566,0
011295e0bcdc7636569ab73bfdcc4450,0,0,0.25851693749427795,0,0,0.056921400129795074,0,0,0.14325758814811707,0,0,0.22809931635856628,0,0,0.589672327041626,0
013c169f9dad6f1f6485da961b9f7bf2,0,0,0.30421608686447144,0,0,0.0007211719639599323,0,0,0.4209282398223877,0,0,0.591715395450592,0,0,0.3805676996707916,0
01431a2618c0ace741e4e270a37e20b9,0,0,0.539115309715271,1,1,0.7969908714294434,1,0,0.5604456663131714,1,0,0.3292311429977417,0,0,0.3939346969127655,0
0168eb925aa6f28a78b16134792f5d0e,0,0,0.29102492332458496,0,0,0.0013646901352331042,0,0,0.07930943369865417,0,0,0.2847149074077606,0,0,0.05738864094018936,0
016bc723c3ceedb78e27ebfe7032498e,0,0,0.5543532967567444,1,0,0.2699122130870819,0,0,0.44513386487960815,1,0,0.5901037454605103,0,0,0.2773497700691223,0
0171021638f9272a34a41feb84ed47a0,0,0,0.48941898345947266,0,0,0.08409779518842697,0,0,0.07314997166395187,0,0,0.06491386145353317,0,0,0.011170596815645695,0
019df578e38053e614d483f7fb347b26,0,0,0.37386056780815125,0,0,0.03827342391014099,0,0,0.13487067818641663,0,0,0.2690213918685913,0,0,0.21789291501045227,0
01ded16689539deb30d0981fafd18465,0,0,0.36753419041633606,0,0,0.0031041058246046305,0,0,0.4337534010410309,1,1,0.6835891604423523,1,1,0.49584344029426575,0
01eb30a37b6f5fed8a8d3ab2d1c0a7d6,0,0,0.5416016578674316,1,1,0.8186111450195312,1,0,0.7811508774757385,1,0,0.3740273714065552,0,1,0.6076927185058594,0
01f8f17dba6c5e67ba5bcf30ce70ea3f,0,0,0.44512611627578735,0,0,0.3013633191585541,0,0,0.2739318609237671,0,0,0.41988328099250793,0,0,0.3282158076763153,0
02199417ff2a400cff64249f0399f0d7,1,0,0.6591141819953918,1,0,0.1348666399717331,0,0,0.6659923195838928,1,0,0.6190404295921326,0,0,0.7747257351875305,0
022a62478444fedf2dea1ba91aafdc48,1,0,0.27026668190956116,0,0,0.13196147978305817,0,0,0.08685380220413208,0,0,0.153555765748024,0,0,0.021231764927506447,0
02425334e92510da663eb913ad0632ea,1,0,0.3596055507659912,0,0,0.02977783977985382,0,0,0.2564876973628998,0,0,0.3521895408630371,0,0,0.5623173713684082,0
024e693014e70d448f650267bed661ae,1,0,0.573742687702179,1,0,0.4640919268131256,1,0,0.5832065939903259,1,0,0.3003806471824646,0,0,0.24165186285972595,0
0271d381c3e88527721efcfaf518be71,1,0,0.48598676919937134,0,1,0.29491618275642395,0,0,0.5189063549041748,1,0,0.5296796560287476,0,0,0.7986395359039307,0
0291515f5d14c34180a15712a55bf7bd,1,0,0.6335664987564087,1,0,0.2826055884361267,0,0,0.41116225719451904,0,0,0.20848190784454346,0,0,0.2209225594997406,0
02b0ad6e22487b7e3f08093c42444b0f,1,0,0.35887378454208374,0,0,0.0808970108628273,0,0,0.49561482667922974,1,1,0.9756442904472351,1,0,0.4712955355644226,0
02d04b6b6883fd92c12a3dde5d2ff6c0,1,0,0.3395453095436096,0,1,0.5212625861167908,1,0,0.20421412587165833,0,0,0.2097942978143692,0,0,0.173772931098938,0
034814210bf2105ecb3e7ed6876f43e9,1,0,0.3024212419986725,0,0,0.003282139077782631,0,0,0.04386211186647415,0,0,0.24451513588428497,0,0,0.06298040598630905,0
034b98d64dc012298afb3d33fe880193,1,0,0.56801438331604,1,0,0.03262845799326897,0,0,0.7225344181060791,1,0,0.5598663687705994,0,0,0.3359659016132355,0
037503b94eb68a16587a78bce365e681,1,0,0.6580904126167297,1,1,0.7040950059890747,1,0,0.39827847480773926,0,0,0.6617631912231445,0,0,0.5588447451591492,0
037dc0be7504c7d1c5ff967f4a0a491a,1,0,0.6895471811294556,1,0,0.22370412945747375,0,0,0.20674127340316772,0,0,0.15435798466205597,0,0,0.0466163344681263,0
0386d9b8234215dc50eb1f66eb206d85,1,0,0.2435377985239029,0,0,0.007029034662991762,0,0,0.27816054224967957,0,0,0.26727890968322754,0,0,0.3284255266189575,0
038f69f3cf0aaa00c9d7337be434f316,1,0,0.556996762752533,1,0,0.020938148722052574,0,0,0.3824608325958252,0,0,0.3569902777671814,0,0,0.2408016324043274,0
03a2e400656f58841beb7f62584ee3e9,1,0,0.352672815322876,0,0,0.0810890793800354,0,0,0.12265538424253464,0,0,0.17427954077720642,0,0,0.22355392575263977,0
03a395d9fc03a6f8c5a50e693c20ab15,1,0,0.5701802372932434,1,0,0.4178086221218109,1,0,0.3006584048271179,0,0,0.4090099036693573,0,0,0.5406408309936523,0
03aca410943c7f131b16572f03ee2cf6,2,0,0.5098929405212402,1,0,0.4090718924999237,1,0,0.5178276896476746,1,0,0.42529651522636414,0,0,0.5061120390892029,0
03b796fd180662c4e579a4b8894486a9,2,0,0.48784443736076355,0,0,0.13306547701358795,0,0,0.41852855682373047,0,0,0.7896648645401001,1,0,0.7420614361763,0
03caacd475acb947a2f11d1a0d76a971,2,0,0.2789972424507141,0,0,0.030170805752277374,0,1,0.6136716604232788,1,0,0.7003671526908875,1,0,0.7868430614471436,0
03da4593b25a2e0095170197050cb551,2,0,0.5477537512779236,1,0,0.19100837409496307,0,0,0.2093241661787033,0,0,0.11362992227077484,0,0,0.010928494855761528,0
03ea976a276b66285825246525357949,2,0,0.3386002779006958,0,0,0.1900460124015808,0,0,0.2315758466720581,0,0,0.43470498919487,0,0,0.5544260740280151,0
03f00327702f48c4b6726a0e1649a157,2,0,0.7250335812568665,1,1,0.48120200634002686,1,0,0.5569037199020386,1,1,0.6379382014274597,0,0,0.5151376128196716,0
03f4ef7ff19190f220b13c0059ac506b,2,0,0.20217762887477875,0,0,0.0008032466284930706,0,0,0.02216050773859024,0,0,0.18277083337306976,0,0,0.024316852912306786,0
03f9ce3f34a38cf5c6411acd8fd4c5ff,2,0,0.13176168501377106,0,0,0.339999794960022,0,0,0.12476468086242676,0,0,0.21649523079395294,0,0,0.2696560025215149,0
0403dda5a9bf46457517b604869d530d,2,0,0.5667152404785156,1,0,0.00931096263229847,0,0,0.15370067954063416,0,0,0.23142988979816437,0,0,0.09332092851400375,0
041c40e3f03d9af32b594c5186575a61,2,0,0.48043641448020935,0,0,0.43487349152565,1,0,0.220473974943161,0,0,0.2224113792181015,0,0,0.391300231218338,0
043111cdad4d26204503d3396876046f,2,0,0.7490901350975037,1,0,0.0973128005862236,0,0,0.500247597694397,1,0,0.17953430116176605,0,0,0.15607032179832458,0
045a16fa7dd72c16b7b7d44ff10be428,2,0,0.5588114857673645,1,0,0.033433157950639725,0,0,0.35400334000587463,0,0,0.5304704904556274,0,0,0.5244470834732056,0
0461006c3061e71f2cf28da9565d7288,2,1,0.8262152671813965,1,0,0.3704489767551422,1,0,0.6798850893974304,1,0,0.3970857560634613,0,0,0.11869163066148758,0
04669ec4821d2dde14eb2f9a3f47eb7e,2,0,0.4121413230895996,0,0,0.13932350277900696,0,0,0.4640563726425171,1,0,0.48956310749053955,0,0,0.8458110094070435,0
047815a469503dfe21da4a12e2514a15,2,0,0.4094403088092804,0,0,0.4343565106391907,1,0,0.5535086989402771,1,0,0.32267314195632935,0,0,0.541705846786499,0
048ce999447fbb6a58ea17fac775288b,2,0,0.44252198934555054,0,0,0.22042816877365112,0,0,0.2575514018535614,0,0,0.7540296316146851,1,0,0.12334438413381577,0
0493431e2beef20230dfc2837e95fe7b,3,0,0.3666801452636719,0,0,0.22691228985786438,0,0,0.11108437925577164,0,0,0.11414232850074768,0,0,0.16257354617118835,0
0493df0059bd251e6dbb0dc71f5c5b45,3,0,0.6436441540718079,1,1,0.9761122465133667,1,0,0.733867883682251,1,0,0.6596624851226807,0,0,0.6710150837898254,0
04b68e83e611caf345b0a1dc9c65ec88,3,0,0.7607539892196655,1,0,0.7493675947189331,1,0,0.5323158502578735,1,0,0.2672458589076996,0,0,0.10328388214111328,0
04b700c4815f088728db9f093c739707,3,0,0.3955778479576111,0,0,0.27916085720062256,0,0,0.1457391381263733,0,0,0.15204961597919464,0,0,0.07644204795360565,0
04c6efbd31a676bb888a4f5bf53d03c1,3,0,0.2814778685569763,0,0,0.06012368202209473,0,0,0.1663943976163864,0,0,0.46737533807754517,0,0,0.3858909010887146,0
04cc236166c1ff638ff6200f2f2a397d,3,0,0.5919491648674011,1,0,0.1626804769039154,0,0,0.2818315625190735,0,0,0.3259991407394409,0,0,0.06606173515319824,0
04da0054eed9aa1c8b95ade5e6c16a00,3,0,0.36387017369270325,0,0,0.046822745352983475,0,0,0.2105863392353058,0,0,0.40835249423980713,0,0,0.22776205837726593,0
051b1b1edcbaa44059c7b3edbe70c3b8,3,1,0.6907088756561279,1,0,0.12928257882595062,0,1,0.9606011509895325,1,0,0.5869472026824951,0,0,0.5155642032623291,0
0538230ced64be2db111ff5d07624db1,3,0,0.3961498737335205,0,0,0.033569201827049255,0,0,0.18080240488052368,0,0,0.15475499629974365,0,0,0.029067300260066986,0
056815f22ac3de9b9eb6fb963d4cfa5a,3,0,0.3189765214920044,0,0,0.02141626551747322,0,0,0.2676551640033722,0,0,0.36967232823371887,0,0,0.21696609258651733,0
05711a72a0819422965daa93f30b6f75,3,0,0.2758907973766327,0,0,0.004195114132016897,0,0,0.11240969598293304,0,1,0.7210353016853333,1,0,0.45983821153640747,0
057afd48abd153972bb91397b71b66b8,3,0,0.5425395369529724,1,0,0.003360099159181118,0,0,0.3309086263179779,0,1,0.9290785789489746,1,0,0.3804112374782562,0
05857909cbf214a6cbdef5306e18d48e,3,0,0.5901831984519958,1,0,0.21117420494556427,0,0,0.33393022418022156,0,0,0.4577881991863251,0,0,0.6889982223510742,0
059ad332961631d8d2f4ab468a7e42d3,3,0,0.4247538447380066,0,0,0.5321220755577087,1,0,0.2141871303319931,0,0,0.27966293692588806,0,0,0.40333905816078186,0
05a548fd37b6e44ab97a48dabee57c21,3,0,0.40831297636032104,0,0,0.01363879069685936,0,0,0.292581707239151,0,0,0.5606879591941833,0,0,0.7073202729225159,0
05a7460866e0d128b5db471431675483,3,0,0.3492130637168884,0,0,0.03485666960477829,0,0,0.12595942616462708,0,0,0.19205886125564575,0,0,0.3965853452682495,0
05dbd765ff84cbb24759b0c135ba4447,4,0,0.29456132650375366,0,0,0.0014527998864650726,0,0,0.08369678258895874,0,0,0.3063790500164032,0,0,0.263544499874115,0
05e951c63e80999f13e6e09e7ec8439a,4,0,0.421449214220047,0,0,0.11364833265542984,0,0,0.43522706627845764,1,0,0.653356671333313,0,0,0.7560064792633057,0
05fd4bbf127858eb83ae01cd454d3e2a,4,0,0.5503121018409729,1,0,0.49803873896598816,1,0,0.43093663454055786,1,0,0.5421627759933472,0,0,0.5304994583129883,0
065473884bfa339d2e464e5394d56fd6,4,0,0.500182032585144,1,0,0.7201211452484131,1,0,0.21394632756710052,0,0,0.22433039546012878,0,0,0.13312317430973053,0
069198879ff8140bab6c47c58242a0a4,4,0,0.3006272315979004,0,0,0.025413552299141884,0,0,0.039116933941841125,0,0,0.15398572385311127,0,0,0.06708531826734543,0
0713502741102f3e494fb39bbd9f9571,4,0,0.3479902446269989,0,0,0.1407088041305542,0,0,0.056920215487480164,0,0,0.12180835008621216,0,0,0.02412749081850052,0
071e3d1deecabb75178035e8dbad8b4d,4,0,0.2778937518596649,0,0,0.21424730122089386,0,0,0.10927868634462357,0,0,0.2738941013813019,0,0,0.14988064765930176,0
07229c769cb2c284c1114c6fe7ed3dd6,4,0,0.4021172821521759,0,0,0.03275023773312569,0,0,0.2460147738456726,0,0,0.40931108593940735,0,0,0.5797185897827148,0
07304e029b89fc007bd64b7c9bb52979,4,0,0.4292494058609009,0,0,0.011962523683905602,0,0,0.29368236660957336,0,0,0.45199599862098694,0,0,0.44518184661865234,0
074e3cceb0c1677a1ad0dbff31167d7d,4,1,0.7669118046760559,1,0,0.016460832208395004,0,1,0.9643188714981079,1,0,0.8533245921134949,1,0,0.10291130840778351,0
0764ce517782604a7b81bb6e17c798e9,4,0,0.5486912727355957,1,0,0.36220335960388184,1,0,0.28768235445022583,0,0,0.27467116713523865,0,0,0.18609169125556946,0
0792bb20718b8006f78094ae449c3c96,4,0,0.6898358464241028,1,1,0.880775511264801,1,0,0.6998439431190491,1,0,0.5762328505516052,0,0,0.35210832953453064,0
0799063103aea263344a77adbde5b7ca,4,0,0.5422946810722351,1,0,0.20069584250450134,0,1,0.7675201296806335,1,0,0.3321164548397064,0,0,0.5577907562255859,0
079de341c7b3804c37114b8da3011b45,4,0,0.4210555851459503,0,0,0.1264030486345291,0,0,0.18445985019207,0,0,0.3399800956249237,0,0,0.30056068301200867,0
07c1810b7cb0d7ef900ab2b0007784cf,4,0,0.3485070466995239,0,0,0.017946820706129074,0,0,0.28582143783569336,0,0,0.685732364654541,1,0,0.625365674495697,0
07cdcea9a6c3049d7a02ade9c680d4d7,4,1,0.4955669343471527,0,0,0.47410696744918823,1,0,0.3455907106399536,0,0,0.356595903635025,0,0,0.5302141904830933,0
07dcda506753ae678e2cc937f1f8ddf2,5,0,0.29277315735816956,0,0,0.0038575802464038134,0,0,0.21734590828418732,0,0,0.38738805055618286,0,0,0.5557061433792114,0
07ea0f8d7b7f1fb150c5afb04dc26c9a,5,0,0.4284083843231201,0,0,0.11241074651479721,0,0,0.30752310156822205,0,0,0.35466429591178894,0,0,0.4942284822463989,0
07ee04ca7bb66d99ae283ded05f1af76,5,0,0.5223463773727417,1,0,0.6529269218444824,1,0,0.3144837021827698,0,0,0.18528372049331665,0,0,0.3322792947292328,0
07ee5d541dcbf1131f0b84aee73d7705,5,0,0.4569309949874878,0,0,0.6457610726356506,1,0,0.21607427299022675,0,0,0.3916460871696472,0,0,0.04932626336812973,0
07fecb6f57a3d452c4764b1013740141,5,0,0.8520124554634094,1,1,0.3737032413482666,1,0,0.862878680229187,1,0,0.7802417874336243,1,0,0.5055772066116333,0
080fd678b461536e6e1b5d9b17093cdb,5,0,0.4263702630996704,0,0,0.34695279598236084,0,0,0.27255409955978394,0,0,0.2947143018245697,0,0,0.4418948292732239,0
08504fa0ea409654d6328e51de2fb3b9,5,0,0.26699313521385193,0,0,0.01241988968104124,0,0,0.20269089937210083,0,0,0.6617425084114075,0,0,0.5605019927024841,0
08534e46be27043b31a2b648d7c62350,5,0,0.3880136013031006,0,0,0.003706323215737939,0,0,0.2772628366947174,0,0,0.43498945236206055,0,0,0.43135493993759155,0
08807797eff7d24d76e4817a3a38477e,5,0,0.6850889921188354,1,0,0.22703444957733154,0,0,0.562232494354248,1,1,0.41555535793304443,0,0,0.5222799777984619,0
08cad5510452011e9c519bbbc9741fda,5,0,0.4286392331123352,0,0,0.09279462695121765,0,0,0.20922431349754333,0,0,0.16737329959869385,0,0,0.093532495200634,0
08d6125cda5ffceb8f235c96179a7061,5,0,0.40338006615638733,0,0,0.35906264185905457,0,0,0.3186753988265991,0,0,0.30558428168296814,0,0,0.319038063287735,0
08e4edc0d35455c8e25a74b9ed3137b0,5,0,0.255380243062973,0,0,0.5955327749252319,1,0,0.1665756106376648,0,0,0.1712896078824997,0,0,0.08958116173744202,0
08ee53ea1825d6e2feffc2a6488f2d7d,5,0,0.6045357584953308,1,0,0.005380888935178518,0,0,0.3581915497779846,0,1,0.9173907041549683,1,0,0.5736016631126404,0
090a90ca6e01ed9f613578c95c151a01,5,0,0.34500154852867126,0,0,0.8367068767547607,1,0,0.29100656509399414,0,0,0.12653248012065887,0,0,0.02183564007282257,0
0919cca5a55ea3b156f45b5cd14fe8d3,5,0,0.23834656178951263,0,0,0.0018383983988314867,0,0,0.05841792747378349,0,0,0.22450336813926697,0,0,0.2361418604850769,0
09291f525b50263a1b90764715395311,5,0,0.6390113234519958,1,0,0.11405152082443237,0,0,0.39515823125839233,0,0,0.7806500792503357,1,0,0.39780116081237793,0
094d5c1af40f7f565d8d68cf28c06ba5,6,0,0.2965862452983856,0,0,0.051078882068395615,0,0,0.15014779567718506,0,0,0.2727217376232147,0,0,0.5583517551422119,0
094eac6e63db15465c6283c090398aa8,6,0,0.2976536452770233,0,0,0.004075895994901657,0,0,0.1036016047000885,0,0,0.26532459259033203,0,0,0.3315337300300598,0
0956d88d67ce080413b1b3ac20ab8622,6,0,0.6285114884376526,1,0,0.00911145843565464,0,0,0.6185364723205566,1,0,0.5304023027420044,0,0,0.43541428446769714,0
095f8f367727ccd7fc0bf95380399b39,6,0,0.3903157413005829,0,0,0.0063529727049171925,0,0,0.27679455280303955,0,1,0.9557614922523499,1,1,0.4361383318901062,0
099e4272e7aa6f18b8fa322e1277c6a9,6,0,0.33499398827552795,0,0,0.3902580142021179,1,0,0.17754636704921722,0,0,0.20981167256832123,0,0,0.1201447993516922,0
09b017424bf8f0c76ba99e4f0dfc0019,6,0,0.5490341186523438,1,0,0.6721662282943726,1,0,0.3812256455421448,0,0,0.16921672224998474,0,0,0.2960135042667389,0
09defc0d2204d156a38f8391e491e7b2,6,0,0.42254889011383057,0,0,0.5999400615692139,1,0,0.4026504158973694,0,0,0.45947572588920593,0,0,0.3128392994403839,0
09f6d7dd9a59caf6c35604c0d0d2b74b,6,0,0.5114099979400635,1,0,0.2958301901817322,0,0,0.31758835911750793,0,0,0.6315547227859497,0,0,0.8707008361816406,1
0a08191a658edb1327e7282045ec71cf,6,0,0.34350529313087463,0,0,0.0027558645233511925,0,0,0.030139686539769173,0,0,0.10337228327989578,0,0,0.02539829909801483,0
0a1addecfc432a1b425d61fe57bc29d2,6,0,0.4426351487636566,0,0,0.46860963106155396,1,0,0.3242731988430023,0,0,0.2805623710155487,0,0,0.45419591665267944,0
0a2e45455fe2c76ddbbb5f38ab35f6f2,6,0,0.4662461280822754,0,0,0.05755987763404846,0,0,0.11503086239099503,0,0,0.1736171841621399,0,0,0.06858032196760178,0
0a6fd1c1d71ff6f9e0f0afa746e223e4,6,1,0.6066526174545288,1,1,0.260962575674057,0,1,0.8098229765892029,1,0,0.6064067482948303,0,0,0.17371049523353577,0
0a8dc3de200bc767169b73a6ab91e948,6,0,0.34293290972709656,0,0,0.44204312562942505,1,0,0.19513612985610962,0,0,0.26808640360832214,0,0,0.10656606405973434,0
0aa034371e578904c6789c08e4118733,6,0,0.6346578001976013,1,1,0.8132204413414001,1,0,0.43323248624801636,1,0,0.3015190362930298,0,0,0.23705744743347168,0
0aa43b52e98700f8696bf36c10a76cea,6,0,0.40471503138542175,0,0,0.025843577459454536,0,0,0.14519621431827545,0,0,0.3750271201133728,0,0,0.6626149415969849,0
0aed23e64ebdea798486056b4f174424,6,1,0.7532501816749573,1,0,0.07559408247470856,0,1,0.9763470888137817,1,0,0.8562202453613281,1,0,0.30298876762390137,0
0aee8c95a5c040407100c1b7dda552ef,7,0,0.36556199193000793,0,0,0.02472521923482418,0,0,0.1473439782857895,0,0,0.3039548993110657,0,0,0.3086146414279938,0
0af6decdf00b39d4cd1d35466bd3dff9,7,0,0.39580029249191284,0,0,0.008437751792371273,0,0,0.12192738801240921,0,0,0.24008916318416595,0,0,0.16152068972587585,0
0af8628f5cbe0786db483a10934d1be5,7,0,0.3397912085056305,0,0,0.19305075705051422,0,0,0.3430718183517456,0,0,0.5889092683792114,0,0,0.5104880928993225,0
0b11df4854ce5671a6abcac2c43b0590,7,0,0.3031808137893677,0,0,0.013195187784731388,0,0,0.09312774986028671,0,0,0.16124103963375092,0,0,0.0656462237238884,0
0b16787b884e51fec691c45ca92c884b,7,0,0.4079626202583313,0,0,0.11163543164730072,0,0,0.3051730990409851,0,0,0.39390766620635986,0,0,0.38589006662368774,0
0b1f7b86b0ddb459fb779c6d473d96ad,7,0,0.5785406827926636,1,0,0.42104771733283997,1,1,0.8905693888664246,1,0,0.4406340718269348,0,0,0.411811888217926,0
0b2105548746dc55aa03324d07e2a2ed,7,1,0.48365071415901184,0,0,0.052649497985839844,0,0,0.4242987632751465,0,0,0.7412765622138977,1,0,0.5329796075820923,0
0b2cc81ad04ca2e91f2a8626b645cad8,7,0,0.4519020915031433,0,0,0.07436100393533707,0,0,0.32086387276649475,0,0,0.6103984117507935,0,0,0.36799201369285583,0
0b3f7238925b27dfb99c7e53a6db52c7,7,0,0.5506625175476074,1,0,0.030285188928246498,0,0,0.33204296231269836,0,0,0.8138925433158875,1,0,0.3845687806606293,0
0b4888cfca12e55c3020026d4a0c33a4,7,0,0.3033904731273651,0,0,0.09219419956207275,0,0,0.08113335818052292,0,0,0.1297885775566101,0,0,0.03735277056694031,0
0b4e8de571c66cf889f2beb35182974b,7,0,0.37370961904525757,0,0,0.21009580790996552,0,0,0.3588256537914276,0,0,0.47597986459732056,0,0,0.3329082727432251,0
0b7b8344c7c39373cfddf21a7339f206,7,0,0.5104129314422607,1,0,0.11103151738643646,0,0,0.3089517652988434,0,0,0.44374901056289673,0,0,0.5851483941078186,0
0b877b934aada3284ac13cfa74b5419c,7,0,0.5884886384010315,1,0,0.8732003569602966,1,0,0.5284818410873413,1,0,0.30386173725128174,0,0,0.20973604917526245,0
0b8ec8f17db23936e86de9ca3f36d206,7,0,0.4641536474227905,0,0,0.011747406795620918,0,0,0.10028411448001862,0,0,0.24004240334033966,0,0,0.1300390660762787,0
0b9f58b6f12a231738723f4d2dda0312,7,0,0.7932050824165344,1,0,0.668151319026947,1,0,0.43867039680480957,1,0,0.38862887024879456,0,0,0.16909991204738617,0
0bfd35d7f2b63b1ef799fefb18605191,7,0,0.46424952149391174,0,1,0.40121546387672424,1,0,0.5253365635871887,1,0,0.4478071928024292,0,0,0.7878249287605286,0
0c0097d1ce174bc3bd6a0268b01ea90f,8,0,0.49466532468795776,0,0,0.6114152669906616,1,0,0.12839913368225098,0,0,0.07156689465045929,0,0,0.02613758109509945,0
0c03e73d43ad216fb293bdb7666439be,8,0,0.32041946053504944,0,0,0.0013439052272588015,0,0,0.15250647068023682,0,0,0.40633904933929443,0,0,0.34525322914123535,0
0c0b8e98262a662c362929aa60e6bed9,8,0,0.6429647207260132,1,0,0.10830017924308777,0,0,0.13250820338726044,0,0,0.08761746436357498,0,0,0.017431316897273064,0
0c15e19c74ef8ddd9bed0a4fc7f4b5a8,8,0,0.32383567094802856,0,0,0.03210730850696564,0,0,0.16935832798480988,0,0,0.2271355390548706,0,0,0.2408900260925293,0
0c187ebe652499a7e28fd93da2e42ebb,8,0,0.411907821893692,0,0,0.5966129302978516,1,0,0.4296145439147949,0,0,0.30077099800109863,0,0,0.31358179450035095,0
0c26e997c79d2a3149cf1a62c9444554,8,0,0.6417821049690247,1,0,0.027615241706371307,0,0,0.2478732019662857,0,0,0.4320996105670929,0,0,0.1983158439397812,0
0c5bc5fdf756d1251e431c9281349376,8,0,0.36430200934410095,0,0,0.12382055819034576,0,0,0.17018064856529236,0,0,0.4362691640853882,0,0,0.27202704548835754,0
0c6036df3708fe77c1c76498240d6774,8,0,0.5887478590011597,1,0,0.47890034317970276,1,0,0.542634129524231,1,0,0.5973019003868103,0,0,0.6323350071907043,0
0c6f7b76bcc012fc5a9af4470f735aba,8,0,0.3305080831050873,0,0,0.005328979343175888,0,0,0.3327607214450836,0,0,0.43475160002708435,0,0,0.391154408454895,0
0c785dff51447d6e689e15dcfe10c8e2,8,1,0.5379685163497925,1,0,0.0918586477637291,0,0,0.46485695242881775,1,1,0.9467995166778564,1,0,0.46904104948043823,0
0c803c4810a8c5ec362f5d4504489431,8,0,0.4122152328491211,0,0,0.0769505575299263,0,0,0.3764147162437439,0,0,0.4158858358860016,0,0,0.27098843455314636,0
0c84dad44979c3a7777a8f4f4d9f5f7a,8,0,0.6542908549308777,1,0,0.4036979675292969,1,0,0.5091611742973328,1,0,0.5574084520339966,0,0,0.7051270008087158,0
0c8cb29888d314a0a8cfd0f8278af74c,8,0,0.3371942639350891,0,0,0.020234210416674614,0,0,0.49166643619537354,1,0,0.5256725549697876,0,0,0.6289381384849548,0
0c9ba9fe4ff5e339f3a71d1a58824392,8,0,0.19048762321472168,0,0,0.051368750631809235,0,0,0.04710567370057106,0,0,0.13667233288288116,0,0,0.03004557453095913,0
0cadc7fd92caf5c27d7ce718d089897d,8,0,0.40882471203804016,0,0,0.5063058137893677,1,0,0.4449099600315094,1,0,0.5786963701248169,0,0,0.5780397057533264,0
0cbb68610a123b21defa9410699b0bb5,8,0,0.6793724298477173,1,0,0.5154246687889099,1,0,0.5349674820899963,1,1,0.5256478786468506,0,0,0.7903963327407837,0
0cc3831c89471998bee7a1fa78d0aa19,9,0,0.25661927461624146,0,0,0.0011281112674623728,0,0,0.12293734401464462,0,0,0.4203498363494873,0,0,0.47115588188171387,0
0cc5600e54fe599fefce87de375268e3,9,0,0.6321438550949097,1,0,0.05516554042696953,0,0,0.4515328109264374,1,0,0.41248539090156555,0,0,0.7529981136322021,0
0ccde8751e5952ea6bb047378dcbabba,9,0,0.5137130618095398,1,0,0.11439646035432816,0,0,0.4831886887550354,1,1,0.9232850670814514,1,0,0.22695162892341614,0
0cd194f171015c0eb824a1bd057f440b,9,0,0.5539082884788513,1,0,0.6901726126670837,1,0,0.23898054659366608,0,1,0.3444979786872864,0,0,0.08226897567510605,0
0ce1b656d171e2e760340f29f4a064e9,9,0,0.3119443655014038,0,0,0.004934858530759811,0,1,0.45927655696868896,1,0,0.46777448058128357,0,0,0.8562016487121582,0
0ce3ae82d1f5c69f253432c5ec47c1be,9,0,0.6307769417762756,1,0,0.6332221627235413,1,0,0.36030739545822144,0,0,0.13644571602344513,0,0,0.0362737774848938,0
0d0561a5e6379aba13d71e50b6b70747,9,0,0.5665057301521301,1,0,0.03113764524459839,0,0,0.37120959162712097,0,1,0.8223100900650024,1,0,0.5761907696723938,0
0d60b79ab9aee1e4687e17fdc56ead06,9,0,0.46084943413734436,0,0,0.26720330119132996,0,0,0.2520619034767151,0,0,0.24505122005939484,0,0,0.6155918836593628,0
0d61bab6add9d96f656dbc7ee9d56e23,9,0,0.48190438747406006,0,1,0.9410429000854492,1,0,0.5068389177322388,1,0,0.4167141616344452,0,0,0.3111334443092346,0
0d6d426159c634f71eb7fa9bf6f9e84a,9,0,0.6446582674980164,1,0,0.7362245917320251,1,0,0.4888095259666443,1,0,0.5270262360572815,0,0,0.141951784491539,0
0d825340b08e816f7d8f28c7c7809a31,9,1,0.6818177700042725,1,0,0.06318129599094391,0,1,0.7397240400314331,1,1,0.8345893621444702,1,0,0.6356579065322876,0
0d8b5533f40cf4b0c3f2d86b1d61d6bc,9,0,0.7005603909492493,1,0,0.3615972101688385,1,0,0.6295979619026184,1,0,0.14361457526683807,0,0,0.020445436239242554,0
0dc4847520090c7a38b61beb38d28963,9,0,0.211982861161232,0,0,0.0695226639509201,0,0,0.057587847113609314,0,0,0.14313830435276031,0,0,0.051827020943164825,0
0dc797718326e05d1decd2996f748fc7,9,0,0.2776838541030884,0,0,0.060890283435583115,0,0,0.11831733584403992,0,0,0.1439223438501358,0,0,0.21948014199733734,0
0e033fc78ddfc67dbd8382a8b3198e5a,9,0,0.3831353783607483,0,0,0.0692005380988121,0,0,0.21433116495609283,0,0,0.33158186078071594,0,0,0.4064887762069702,0
0e109d0f36cc8d66a4cac6bf50de3069,9,0,0.18937966227531433,0,0,0.0007934772875159979,0,1,0.07666348665952682,0,0,0.33957961201667786,0,1,0.40624842047691345,0
0e2a6f637bc997be18ec30687bdc3762,10,0,0.7548790574073792,1,0,0.3212690055370331,0,0,0.5201745629310608,1,0,0.3330785930156708,0,0,0.2673410475254059,0
0e2bcdee2343352fe40df470e046ea01,10,0,0.23802639544010162,0,0,0.029026765376329422,0,0,0.13566553592681885,0,0,0.37510573863983154,0,0,0.24467574059963226,0
0e302ce9dc207afa54c8661ebdfc9051,10,0,0.40078821778297424,0,0,0.03934265673160553,0,0,0.277666300535202,0,0,0.5130897164344788,0,0,0.693166971206665,0
0e36597f559be16b6304f3771082c82a,10,0,0.23389475047588348,0,0,0.004252157174050808,0,0,0.11028583347797394,0,0,0.07976722717285156,0,0,0.026199372485280037,0
0e4736c7f5fab2998a3ef0e51fe48953,10,0,0.5688742399215698,1,0,0.0035767576191574335,0,0,0.6758948564529419,1,0,0.7079052925109863,1,0,0.3778284192085266,0
0e48bfb79ac12bbcce9b66cc9f14544c,10,0,0.34188926219940186,0,0,0.05508165434002876,0,1,0.38647300004959106,0,0,0.6273435950279236,0,0,0.8427355289459229,0
0e580dda54b8d1df7e3a888c41e69704,10,0,0.3143380582332611,0,0,0.006890975870192051,0,0,0.09208571910858154,0,0,0.23042699694633484,0,0,0.09174122661352158,0
0e5f2fdf49cbfdbe2a7c0861d15a73ff,10,0,0.649568498134613,1,1,0.21224220097064972,0,0,0.3658539354801178,0,0,0.21737398207187653,0,0,0.6977123618125916,0
0e68445ef76f193664ea018630544d95,10,1,0.6632121801376343,1,0,0.5225837230682373,1,0,0.4744453728199005,1,0,0.24019932746887207,0,1,0.14690068364143372,0
0e6d7de1c4b73e5a5a12d6a5f20f9711,10,0,0.22864626348018646,0,0,0.181695818901062,0,0,0.15601246058940887,0,0,0.3237416446208954,0,0,0.20915429294109344,0
0e7c94db444735ae4b8dfc72ae62ff3e,10,0,0.3648499548435211,0,0,0.09675981849431992,0,0,0.23949947953224182,0,0,0.557375431060791,0,0,0.5131564140319824,0
0e8b4d8bb1a8719e9e8f4755f13e34c4,10,0,0.5682961344718933,1,1,0.6997843980789185,1,0,0.3496350646018982,0,0,0.6092004776000977,0,0,0.5027999877929688,0
0e8d4e702da9eefdbb2696a98006ec55,10,0,0.6448549032211304,1,0,0.3677879869937897,1,0,0.35311421751976013,0,0,0.39792776107788086,0,0,0.23934918642044067,0
0ea56c754d072508fc28428b2f6a0a30,10,0,0.38948124647140503,0,0,0.007880989462137222,0,0,0.32303377985954285,0,1,0.5847042798995972,0,0,0.2958846390247345,0
0eca5bbff12b841c18d231fc8cda0eeb,10,0,0.5717142820358276,1,0,0.8699223399162292,1,0,0.24852250516414642,0,0,0.3049421012401581,0,0,0.1126951202750206,0
0ecaae458f6ca4c8f4dd9975d62a6fa4,10,0,0.5562394857406616,1,1,0.7320050597190857,1,0,0.5186486840248108,1,0,0.6328583359718323,0,0,0.21961833536624908,0
0ecb6d6e449d5f71b183a6f7fe214c10,11,0,0.5778530836105347,1,0,0.0337815135717392,0,0,0.29831114411354065,0,0,0.6178972125053406,0,0,0.3266378343105316,0
0ed15ab15f2304a9a811d7fa6ce843de,11,0,0.6246433854103088,1,0,0.9041236042976379,1,0,0.5729103684425354,1,0,0.38337084650993347,0,0,0.21480417251586914,0
0eddd00dffcdacb1c8ac0d0547c545a7,11,0,0.42974087595939636,0,0,0.09321959316730499,0,0,0.28881096839904785,0,0,0.4509778916835785,0,0,0.1832016408443451,0
0ef99f92d68d16b8912cc073731ffad1,11,0,0.520586371421814,1,0,0.05674110725522041,0,0,0.26136910915374756,0,0,0.3919801115989685,0,0,0.2696611285209656,0
0f0e0e7e8ab91026bb659e58297b88d5,11,0,0.2312166690826416,0,0,0.019837351515889168,0,0,0.09999236464500427,0,0,0.18186604976654053,0,0,0.06677230447530746,0
0f4fd9b975fc4cc80c28b9539769f8e6,11,0,0.6096270680427551,1,0,0.0720643624663353,0,0,0.38406863808631897,0,0,0.38508427143096924,0,0,0.20970582962036133,0
0f62d0a08f8d384a1ab5b78e83554e29,11,0,0.6423704624176025,1,0,0.08373577892780304,0,0,0.32708093523979187,0,0,0.42539069056510925,0,1,0.48155835270881653,0
0f723c32aa819f9a24aed2fd407e3ff4,11,0,0.45356330275535583,0,0,0.40028148889541626,1,0,0.22530940175056458,0,0,0.445803701877594,0,0,0.15255169570446014,0
0f8e45ea561be377320632bcb7348f72,11,0,0.5214734077453613,1,0,0.612933874130249,1,0,0.32469069957733154,0,0,0.2957690954208374,0,0,0.3289407789707184,0
0fa816512a0a0342b0cf87fcaa672dab,11,0,0.49136292934417725,0,0,0.7144057154655457,1,0,0.39654865860939026,0,0,0.4424409568309784,0,0,0.6514526009559631,0
0fbf80807ef3fdece30d9356a171ae3d,11,0,0.23891645669937134,0,0,0.2751935124397278,0,0,0.10212980210781097,0,0,0.19220641255378723,0,0,0.24965856969356537,0
0fe282f8066ff835e063ddaaa27e4af7,11,0,0.43494370579719543,0,0,0.18149049580097198,0,0,0.23054949939250946,0,0,0.4082082509994507,0,0,0.2703661620616913,0
100a27b68566d2e53cf8c3822e2c7e30,11,0,0.36634156107902527,0,0,0.001923115341924131,0,0,0.31783443689346313,0,0,0.556972861289978,0,0,0.7509716153144836,0
100c6c7390eec8d9548306514d80fd53,11,0,0.334923654794693,0,0,0.0008381051593460143,0,0,0.3870790898799896,0,0,0.5394010543823242,0,0,0.4612690806388855,0
1033a2e669d3f19f68e6c8a2b5085661,11,0,0.19055145978927612,0,0,0.006563363131135702,0,0,0.05548514798283577,0,0,0.19383643567562103,0,0,0.08656398952007294,0
10344d2fdc514205d230de6319408ecd,11,0,0.6911536455154419,1,0,0.4111920893192291,1,0,0.7648298740386963,1,0,0.5976376533508301,0,0,0.3591626286506653,0
104a4ddb44890a3289f04dc395741ef6,12,0,0.32593321800231934,0,0,0.001126467133872211,0,0,0.12298707664012909,0,0,0.33905667066574097,0,0,0.4024994373321533,0
10cba931b86360874e0905f97737d1f4,12,0,0.3657069802284241,0,0,0.10849998891353607,0,0,0.13483670353889465,0,0,0.13772641122341156,0,0,0.11485627293586731,0
10d3204872c83731aeaee57e020b768a,12,0,0.37317222356796265,0,0,0.13930471241474152,0,0,0.22125773131847382,0,0,0.504615068435669,0,0,0.22936955094337463,0
10fc9d37a7f2808a1c41da80d81a291f,12,0,0.2362758219242096,0,0,0.16059540212154388,0,0,0.09374235570430756,0,0,0.19600693881511688,0,0,0.08030323684215546,0
114f3a0eabc40429a50aba292a9147bd,12,0,0.6734578609466553,1,0,0.33291396498680115,0,0,0.6127431988716125,1,0,0.4180833399295807,0,0,0.2708599865436554,0
11548ab15b1e24e1daa31af618ef9468,12,0,0.28697651624679565,0,0,0.0754532441496849,0,0,0.07990510016679764,0,0,0.4549759328365326,0,0,0.32782062888145447,0
116bad01608f53b0e0a859461b3d5a76,12,0,0.8050744533538818,1,0,0.2804519236087799,0,0,0.40324094891548157,0,0,0.1472901701927185,0,0,0.052045788615942,0
1179e8bc6d3b41207a2140674c5ef1d0,12,0,0.5939735174179077,1,1,0.8292006850242615,1,1,0.5778312683105469,1,0,0.39906781911849976,0,0,0.7307750582695007,0
119a7830be7eaba5f4feb67d1ee9011e,12,0,0.39165347814559937,0,0,0.058001309633255005,0,0,0.10332227498292923,0,0,0.1375405341386795,0,0,0.03855235129594803,0
11b8e52dde21c314c67ead9547b1002a,12,0,0.41187626123428345,0,0,0.02624117210507393,0,0,0.142478808760643,0,0,0.39030930399894714,0,0,0.43969351053237915,0
11c92d8711765e3f16b0be225d7d5c03,12,0,0.503105103969574,1,0,0.0018440393032506108,0,1,0.6583037376403809,1,0,0.5497982501983643,0,1,0.7551078200340271,0
11ccd9217ba74bcc1021e91024591ba3,12,0,0.3895150125026703,0,0,0.0016642783302813768,0,0,0.2849087119102478,0,0,0.7270290851593018,1,0,0.5957191586494446,0
1205221385629d1199a6ed82fff7c18f,12,0,0.5127457976341248,1,0,0.8425915241241455,1,0,0.23915116488933563,0,0,0.34259364008903503,0,0,0.7177395224571228,0
121e650bba0d2537b821fb20bcc0db86,12,0,0.39196649193763733,0,0,0.4456521272659302,1,0,0.23359012603759766,0,0,0.6922229528427124,1,0,0.176666259765625,0
12202997d3fc0d506d2514a4c1995d15,12,0,0.7056894898414612,1,0,0.49194955825805664,1,1,0.951485812664032,1,0,0.6776085495948792,0,0,0.1440393328666687,0
12237409e14e5a96605c4fb7613c35a1,12,0,0.3896881639957428,0,0,0.4242401421070099,1,0,0.3003688156604767,0,0,0.45384708046913147,0,0,0.22455382347106934,0
122b52a4ec108c2ed3e934b4abfcaac0,13,0,0.4602612853050232,0,0,0.08420345187187195,0,0,0.19325143098831177,0,0,0.3919947147369385,0,0,0.2863676846027374,0
122d5a9f1b5bd22f6ddad0fd5e47c001,13,0,0.45795583724975586,0,0,0.05904100090265274,0,0,0.2286100536584854,0,0,0.385948121547699,0,0,0.05996425077319145,0
1264a14de4ec7c401eaf55b1440e2d20,13,0,0.44385579228401184,0,0,0.11848150193691254,0,0,0.312326580286026,0,0,0.3858356177806854,0,0,0.7334412336349487,0
127c6048347e41fd040ae79d76fdfb3e,13,0,0.4529785215854645,0,0,0.7555763125419617,1,0,0.3856085240840912,0,0,0.25140470266342163,0,0,0.17012491822242737,0
127e2784b91becce4ac297255904033e,13,0,0.16732169687747955,0,0,0.12472645193338394,0,0,0.1142120212316513,0,0,0.26833412051200867,0,0,0.2242220938205719,0
12cea68e4b795e545877708c16b8dbdd,13,0,0.3878110349178314,0,0,0.02602292038500309,0,0,0.5499928593635559,1,0,0.37430837750434875,0,0,0.5917962789535522,0
12d5529941b5a673cb50f4e1e8c502de,13,0,0.425105482339859,0,0,0.035571061074733734,0,0,0.40104034543037415,0,0,0.3199470043182373,0,0,0.5938696265220642,0
12d598be7970fc60aa76bd7c21eef405,13,0,0.21790972352027893,0,0,0.2625232934951782,0,0,0.1563710868358612,0,0,0.27527204155921936,0,0,0.06072017550468445,0
12df63c7ee868a1677ba273c3c775476,13,0,0.5272560715675354,1,0,0.32852089405059814,0,0,0.1930941343307495,0,0,0.35983824729919434,0,0,0.2065197229385376,0
12e58d45f46e91b639072bd5a86bea3e,13,1,0.678485631942749,1,0,0.18533478677272797,0,1,0.3698843717575073,0,1,0.3295030891895294,0,1,0.5255540609359741,0
12ed43ece0b7bff835c1461a7f501cdb,13,0,0.47796234488487244,0,0,0.7606397867202759,1,0,0.4234713017940521,0,0,0.345673531293869,0,0,0.20037683844566345,0
1310d74e9fdeb707f12ef28daeb3c090,13,0,0.6778960824012756,1,1,0.4052371382713318,1,1,0.8282366991043091,1,0,0.6039354205131531,0,1,0.6317151784896851,0
134214ffc7f507842719617ecd5bfc52,13,0,0.312966912984848,0,1,0.31508317589759827,0,0,0.16156338155269623,0,0,0.6809577345848083,1,0,0.258242130279541,0
13775f4e51c24f0cd01ba11398e2caeb,13,0,0.3677261173725128,0,0,0.0007081884541548789,0,0,0.05500734597444534,0,0,0.2121526151895523,0,0,0.08030818402767181,0
13789084b882efd4810ca26dbfff3858,13,0,0.5286524891853333,1,0,0.008614481426775455,0,1,0.36884546279907227,0,0,0.6241456866264343,0,1,0.5286126732826233,0
137ac53870d1ad70a105130b93774949,13,0,0.8193787336349487,1,0,0.04553208500146866,0,0,0.653512179851532,1,0,0.6211065649986267,0,0,0.21551166474819183,0
137f41dd06d51d9d230b6b65740097c2,14,0,0.43887966871261597,0,0,0.4500018060207367,1,0,0.14012080430984497,0,0,0.25553542375564575,0,0,0.13079345226287842,0
13a6d3d468c044807b06e160c0723c33,14,0,0.4658638834953308,0,0,0.1338530331850052,0,0,0.22811707854270935,0,0,0.269508421421051,0,0,0.4688282012939453,0
13b9d029ff4c874e22f539c174ae96ff,14,0,0.7148402333259583,1,1,0.8598639369010925,1,0,0.5630738735198975,1,0,0.6809844970703125,1,0,0.4682581126689911,0
13db1898f2d711db4aaf0b2a9a4059cd,14,0,0.7782038450241089,1,0,0.3275418281555176,0,0,0.5106604099273682,1,0,0.3352767527103424,0,0,0.0703841969370842,0
1417df96cf0ef3878d5be9cbf5b03b0b,14,0,0.8283867835998535,1,1,0.9905738234519958,1,0,0.9154388904571533,1,0,0.629923403263092,0,0,0.36632147431373596,0
1426d221af945559896985caa24d02a9,14,0,0.32635384798049927,0,0,0.3031841516494751,0,0,0.1860245168209076,0,0,0.22825413942337036,0,0,0.17778506875038147,0
14ca70006ecaf4d16690279c2ef6b6d5,14,0,0.4035687744617462,0,0,0.009674066677689552,0,0,0.4174513816833496,0,0,0.41167962551116943,0,0,0.6855186223983765,0
14d7ac411bb2c8faf13ae0de31e4cf7a,14,0,0.36121171712875366,0,0,0.35798078775405884,0,0,0.25996458530426025,0,0,0.24637645483016968,0,0,0.420273095369339,0
14d90cb65cec1138f6bcb97bd7892393,14,1,0.7069593667984009,1,0,0.056511957198381424,0,0,0.31013503670692444,0,1,0.7639390826225281,1,0,0.26114922761917114,0
14da9051525bd2504dd56938f92644ef,14,0,0.40117791295051575,0,0,0.0035146232694387436,0,0,0.33338820934295654,0,0,0.4414743483066559,0,0,0.6405462622642517,0
150ae0840d191a04af860941593c5fc5,14,0,0.24949248135089874,0,0,0.052370499819517136,0,0,0.05556248500943184,0,0,0.12197419255971909,0,0,0.14160263538360596,0
154dca2bde84a7434044daf0e61c5b69,14,1,0.6184287667274475,1,0,0.11771050095558167,0,1,0.936750590801239,1,1,0.8505927920341492,1,1,0.7137590646743774,0
158c6d4adf43b8fb9c3c51bd47180e9e,14,0,0.31923744082450867,0,0,0.060740381479263306,0,0,0.09139025956392288,0,0,0.12760527431964874,0,0,0.048150546848773956,0
15bb0fd575ecbe78c812dfb4eedd4b77,14,0,0.23816516995429993,0,0,0.0014099911786615849,0,0,0.035490721464157104,0,0,0.2086881399154663,0,0,0.06347779929637909,0
15ebe1d755c0b7598be716ef950308d4,14,0,0.35408568382263184,0,0,0.0629059448838234,0,0,0.304147332906723,0,0,0.8011242151260376,1,0,0.5012452602386475,0
15fb0d3878a7df2897e387cdd592577f,14,0,0.33279407024383545,0,0,0.011030245572328568,0,0,0.3652264177799225,0,0,0.39246007800102234,0,0,0.2666788101196289,0
15fd19174078e6e85ca8a6521a367ae6,15,1,0.559780478477478,1,1,0.7870705127716064,1,0,0.3141869902610779,0,0,0.3357941508293152,0,0,0.1853305846452713,0
16351a9a4a8dcf423a92f1b87d181389,15,0,0.3270675837993622,0,0,0.07717719674110413,0,0,0.1466122418642044,0,0,0.27704983949661255,0,0,0.10259266942739487,0
163c884cba35d5d5ca50b7b8ea36a1fa,15,1,0.6963632702827454,1,1,0.6021048426628113,1,1,0.9135410189628601,1,0,0.34738031029701233,0,0,0.10692791640758514,0
165f2b132c2942833ab8138d48c96800,15,0,0.37535151839256287,0,0,0.027241839095950127,0,0,0.13498829305171967,0,0,0.26984933018684387,0,0,0.502353847026825,0
16606aa288e909f4defdba599487c365,15,0,0.4716859459877014,0,0,0.004288356751203537,0,0,0.1291850060224533,0,0,0.4195735454559326,0,0,0.37357768416404724,0
1663ffcf2520d42473b572deb56b2497,15,0,0.3562018573284149,0,0,0.006350068375468254,0,0,0.04522824287414551,0,0,0.1484440118074417,0,0,0.03822179511189461,0
16d21d110cfc96417f66e1fef6c7b59c,15,0,0.39572951197624207,0,0,0.04990892857313156,0,0,0.4291335344314575,0,1,0.9071894884109497,1,0,0.6910548210144043,0
16df71f433fedfbc6c67cc338137d7e4,15,0,0.47824233770370483,0,0,0.0954573005437851,0,0,0.7940973043441772,1,1,0.9059710502624512,1,0,0.7697422504425049,0
16e2409846b221679644329b0b682617,15,0,0.5890321135520935,1,1,0.3560003936290741,0,0,0.464405357837677,1,0,0.4099637567996979,0,0,0.7306655645370483,0
16eadc24e658018c787bf7dfc30ee144,15,1,0.29992130398750305,0,0,0.21402010321617126,0,0,0.1787329465150833,0,1,0.2687494158744812,0,0,0.32868051528930664,0
16f1811f5ce5fef3f8ef60b2fc675af5,15,0,0.6130064129829407,1,1,0.9057704210281372,1,0,0.5797364115715027,1,0,0.304231733083725,0,0,0.3959312438964844,0
16f3b4f52a2cbf5357547ca83cab6caf,15,0,0.31628796458244324,0,0,0.014425511471927166,0,0,0.05240681394934654,0,0,0.2089366465806961,0,0,0.021774137392640114,0
171388f8091a33de18fa9def04b01042,15,0,0.5308170318603516,1,0,0.01913945935666561,0,0,0.3799116909503937,0,0,0.5222522616386414,0,0,0.8587748408317566,0
171dff98d336340bca7e12645e0a5a41,15,0,0.49667805433273315,0,0,0.012412159703671932,0,1,0.3757137358188629,0,0,0.3525053560733795,0,1,0.826960027217865,0
17201bfb22f098b084c8b355cfc45c97,15,0,0.4282279908657074,0,0,0.4716489017009735,1,0,0.0823584645986557,0,0,0.1815401315689087,0,0,0.02741735801100731,0
173a25467a671ab8f44a8c1e9e02d5e1,15,1,0.613255500793457,1,1,0.309249609708786,0,0,0.8812960982322693,1,0,0.7264819145202637,1,0,0.12898491322994232,0
173f8f59c15a521dc3ea16ee8783159c,16,0,0.29881560802459717,0,0,0.05400308221578598,0,0,0.2793967127799988,0,0,0.39159753918647766,0,0,0.37631312012672424,0
17520d7b23b5a393d697ecf139b736fc,16,0,0.28065845370292664,0,0,0.11040695011615753,0,0,0.12628361582756042,0,0,0.20736254751682281,0,0,0.1008632704615593,0
17566869460d2082f1436ffc837f0c2a,16,0,0.5803097486495972,1,0,0.16549955308437347,0,0,0.25536563992500305,0,0,0.5184277296066284,0,0,0.3772951364517212,0
1782aa7185480390105391366e207a8d,16,0,0.32311126589775085,0,0,0.008398700505495071,0,0,0.18511110544204712,0,0,0.29138877987861633,0,0,0.0530620738863945,0
1797ac887e393a0e25ebb44b3125f0c1,16,1,0.7300564050674438,1,0,0.054259270429611206,0,0,0.403118371963501,0,0,0.6372960209846497,0,0,0.21771545708179474,0
17cb989569ca6ef46e1066b0cec22304,16,1,0.5559544563293457,1,0,0.2997654974460602,0,1,0.7880934476852417,1,0,0.5183541178703308,0,0,0.8408979773521423,0
17d06e7d3f142ebb8f50088b417df79a,16,0,0.36322256922721863,0,0,0.017932815477252007,0,0,0.17571520805358887,0,0,0.1257316619157791,0,0,0.05745985358953476,0
17d82f2fa525a8d3b7e868aad6e85d7d,16,0,0.47336524724960327,0,0,0.02405988983809948,0,0,0.36940282583236694,0,0,0.7114209532737732,1,0,0.5525946021080017,0
17df698e956c640c7aad338afb841679,16,0,0.5573183298110962,1,0,0.7106977105140686,1,0,0.38763919472694397,0,0,0.24633999168872833,0,0,0.15796566009521484,0
17e37e29b02ef0f01a1e9e5e0c0e9d6e,16,0,0.45296287536621094,0,0,0.04033688083291054,0,0,0.208771213889122,0,0,0.2718445360660553,0,0,0.41517534852027893,0
17ead023e20603e9df9f2a3f326b2344,16,0,0.615094006061554,1,0,0.28849223256111145,0,0,0.33508914709091187,0,0,0.8478503227233887,1,1,0.39937764406204224,0
17eefd92847c5a56c84990047ab2d5ae,16,0,0.5295844674110413,1,0,0.22527609765529633,0,0,0.3711468577384949,0,0,0.43218326568603516,0,0,0.7926603555679321,0
186398ac83152a0870a3c329646e66ae,16,0,0.26509302854537964,0,1,0.6391825675964355,1,0,0.15587687492370605,0,0,0.17740322649478912,0,0,0.17527461051940918,0
1863dc75544ef9c4fed99adc7148d45b,16,0,0.4667891561985016,0,0,0.2884901165962219,0,0,0.26315203309059143,0,0,0.5204704403877258,0,0,0.12710288166999817,0
1870fb4ff8d9cd26be7ba8bc7959e4d7,16,0,0.3670484721660614,0,0,0.0007253001676872373,0,0,0.2838543951511383,0,0,0.5126338005065918,0,0,0.47766774892807007,0
187b41878d6dfc41488d4f1f379bbdc1,16,0,0.39817553758621216,0,0,0.6764397621154785,1,0,0.28312885761260986,0,0,0.27947646379470825,0,0,0.22330519556999207,0
1887e016e569b354a55e3fb4313def83,17,0,0.4400258958339691,0,0,0.31008777022361755,0,0,0.24541546404361725,0,0,0.33781877160072327,0,0,0.14567485451698303,0
18beac8a923ed6b1e08cb5a631a73e76,17,0,0.706257700920105,1,0,0.10554077476263046,0,0,0.42628398537635803,0,0,0.2649509906768799,0,0,0.2213161736726761,0
18c93180fe5e1c5658a5d7ad18d7c26f,17,0,0.25570550560951233,0,0,0.12607380747795105,0,0,0.12115959823131561,0,0,0.15202271938323975,0,0,0.09732965379953384,0
18d6003908775a049bc2c25e5c68c925,17,0,0.6470575332641602,1,0,0.3075042963027954,0,1,0.5736805200576782,1,0,0.7058448195457458,1,0,0.25383123755455017,0
18e12fb03036d68da9f672073967c753,17,0,0.39887726306915283,0,0,0.004326825961470604,0,0,0.3202202320098877,0,0,0.6269023418426514,0,0,0.6827846169471741,0
18f0e2093719a4b98c7e79d4f202b33f,17,0,0.3773803412914276,0,0,0.09833607822656631,0,0,0.24003437161445618,0,0,0.5617408752441406,0,1,0.5707641839981079,0
191b17a545a133660df08ad6b228c7ea,17,0,0.25917771458625793,0,0,0.7144978642463684,1,0,0.24110569059848785,0,0,0.26802363991737366,0,0,0.1833828091621399,0
19956c66c5528604e1043c766eeba90f,17,0,0.43038544058799744,0,0,0.1073988825082779,0,0,0.31837400794029236,0,0,0.3700259327888489,0,0,0.44433578848838806,0
19c44a83a0b26af42aefbcbf7b9f9380,17,1,0.6259090304374695,1,0,0.012332453392446041,0,1,0.568314790725708,1,0,0.7774285674095154,1,0,0.6487255692481995,0
19c904c92f411c3bccc89f0024587543,17,0,0.38523611426353455,0,0,0.28669217228889465,0,0,0.2809067964553833,0,0,0.46736425161361694,0,0,0.8062142729759216,0
19d24dee80c92094175c10817959c5fa,17,0,0.602186918258667,1,0,0.2160375565290451,0,0,0.15739460289478302,0,0,0.11143232882022858,0,0,0.016803575679659843,0
19e0d6ab0dc61189088d0e149c5871ac,17,1,0.7443646192550659,1,0,0.06420066207647324,0,1,0.875064492225647,1,0,0.8452298045158386,1,1,0.2760898768901825,0
1a215224bd3e29b6e8e691893181bd21,17,0,0.3231089115142822,0,1,0.17460812628269196,0,0,0.5863560438156128,1,0,0.43536755442619324,0,0,0.8552824854850769,0
1a43b8deb6025a95ea74603d897c95a5,17,0,0.3752186894416809,0,0,0.01135189551860094,0,0,0.09530012309551239,0,0,0.311486154794693,0,0,0.07916954159736633,0
1a43f9283adf717d36e65e0951afc629,17,0,0.20490969717502594,0,0,0.005639370530843735,0,0,0.039272207766771317,0,0,0.1910758763551712,0,0,0.0812426507472992,0
1aa1da1bf045b4eea350b501b1548351,17,0,0.6509985327720642,1,0,0.6279645562171936,1,0,0.3143821656703949,0,0,0.2566182315349579,0,0,0.2997506558895111,0
1aa44e88c12853c45ac703f24309ac3e,18,0,0.2769416272640228,0,0,0.006866518408060074,0,0,0.06550059467554092,0,0,0.3706077039241791,0,0,0.03550245985388756,0
1aa707b195e1f6efffd8c17ca926eeef,18,0,0.5665289759635925,1,1,0.9517070055007935,1,0,0.5745725035667419,1,0,0.38029250502586365,0,0,0.44393226504325867,0
1aac6d9d0a45609aa2771e91e59451da,18,0,0.6348690986633301,1,0,0.07594381272792816,0,0,0.595508873462677,1,0,0.42668211460113525,0,0,0.11791880428791046,0
1abf74c3876f61b3e19194846043e889,18,0,0.316312700510025,0,0,0.001177470781840384,0,0,0.226479634642601,0,0,0.42064082622528076,0,0,0.4994765520095825,0
1ac0078bcb5550b9dc4f0dbfade6eb4d,18,0,0.5160409212112427,1,0,0.6350634098052979,1,0,0.37644439935684204,0,0,0.7556453943252563,1,0,0.487925261259079,0
1b13d20e122a770f28228027f03a010c,18,0,0.39068716764450073,0,0,0.08057547360658646,0,0,0.24296432733535767,0,0,0.3654833436012268,0,0,0.494425505399704,0
1b26be04540ce7c6b0618a57cb295d13,18,0,0.3084350526332855,0,0,0.008007965981960297,0,0,0.3319191336631775,0,0,0.28730708360671997,0,0,0.5801050662994385,0
1b2df8b1ebcd4cf26b828e96dd54304a,18,0,0.7574400901794434,1,0,0.8137586116790771,1,0,0.7044756412506104,1,0,0.5930667519569397,0,0,0.1577247828245163,0
1b3810d022fb64d409d7d579f7739b14,18,0,0.34099987149238586,0,0,0.022762024775147438,0,0,0.056431278586387634,0,0,0.365695983171463,0,0,0.042120352387428284,0
1b3e916aa92b328e17f24d1c892cb749,18,0,0.5016216039657593,1,0,0.03356398269534111,0,0,0.244231715798378,0,0,0.33473682403564453,0,0,0.7032150030136108,0
1b4407d5e1e9ec1e602c75fc80b7b001,18,0,0.306978702545166,0,0,0.35784104466438293,0,0,0.1397603452205658,0,0,0.18345510959625244,0,0,0.3275904357433319,0
1b6a707131f787fe37d3ea40d2011d43,18,0,0.48189714550971985,0,0,0.7381623387336731,1,0,0.28871333599090576,0,0,0.23844322562217712,0,0,0.23079946637153625,0
1b78d27f9d6dbeb9296c6b610262c95e,18,0,0.32737720012664795,0,0,0.01294725202023983,0,0,0.14575991034507751,0,0,0.21977108716964722,0,0,0.1934507191181183,0
1bd17c03a70dbb1e8f4723d5aacb1e52,18,0,0.5264741778373718,1,0,0.22074772417545319,0,0,0.42831557989120483,0,0,0.2956683933734894,0,0,0.18859928846359253,0
1bffe6caf3de56fc4ffcf7ce4176e757,18,0,0.46694982051849365,0,0,0.024667860940098763,0,0,0.3915829062461853,0,0,0.612959623336792,0,0,0.528114378452301,0
1c04f08e163f0fdb38461013b2f6f9b9,18,0,0.7025814652442932,1,1,0.6112672090530396,1,0,0.5767903923988342,1,0,0.4491529166698456,0,0,0.24441494047641754,0
1c0edcab874f51772ec86ac6405a0a69,19,0,0.4568186402320862,0,0,0.21576596796512604,0,0,0.3046002686023712,0,0,0.27892306447029114,0,1,0.3165082335472107,0
1c146ccd983da39b62f2e2d9857e8d2a,19,0,0.47656768560409546,0,0,0.011656185612082481,0,0,0.47024333477020264,1,0,0.46592992544174194,0,0,0.5104750394821167,0
1c23c0b48f19721b171febe638673eec,19,1,0.5290940999984741,1,0,0.003523471998050809,0,1,0.17631936073303223,0,0,0.3877977430820465,0,1,0.5563934445381165,0
1c2898a294e3a212280feeac16396e7c,19,0,0.36934584379196167,0,0,0.25549304485321045,0,0,0.09419191628694534,0,0,0.1899651139974594,0,0,0.039363961666822433,0
1c41827efd6e236f8b05c6524f1a43c3,19,0,0.4870704114437103,0,0,0.43263038992881775,1,0,0.3289765417575836,0,0,0.43150049448013306,0,0,0.7860853672027588,0
1ca15cd9835324d8a30bd20544a9cab8,19,1,0.5971359610557556,1,0,0.17764270305633545,0,0,0.8066644072532654,1,0,0.8768952488899231,1,0,0.910746693611145,1
1ca5675a7a3042ccb0334a42d14d145f,19,0,0.3372083008289337,0,0,0.6672469973564148,1,0,0.13225539028644562,0,0,0.32386887073516846,0,0,0.08150437474250793,0
1cc1ed63475e99d32f1884762955effc,19,0,0.39890339970588684,0,0,0.05808763951063156,0,0,0.14921553432941437,0,0,0.48212140798568726,0,0,0.24180497229099274,0
1ccc9029a1f9a8cb57a4913a7c239acc,19,0,0.22247125208377838,0,0,0.006482644006609917,0,0,0.3074602484703064,0,0,0.42695045471191406,0,0,0.49174579977989197,0
1cd859e3b7a6ea36735fa06b03fcbdd7,19,0,0.38870662450790405,0,0,0.4825771749019623,1,0,0.4717916250228882,1,0,0.39896902441978455,0,0,0.44538599252700806,0
1d12b94b7acbeadef7d7700b50aa90d4,19,0,0.47590938210487366,0,0,0.2169795036315918,0,0,0.3322324752807617,0,0,0.5013360381126404,0,0,0.20885397493839264,0
1d1fcf6654f7d727aafae5c5eba5fd7f,19,0,0.5882572531700134,1,0,0.08462382107973099,0,0,0.5924858450889587,1,0,0.7292767763137817,1,0,0.5441747307777405,0
1d6476853a2aaaf281c1be2e2584e383,19,1,0.6079966425895691,1,0,0.022079167887568474,0,0,0.29514941573143005,0,1,0.4411969482898712,0,0,0.2849213182926178,0
1da78a23d8738003d24bdeb4a47c07ba,19,0,0.37124764919281006,0,0,0.17657458782196045,0,0,0.10003253072500229,0,0,0.2799864709377289,0,0,0.05518793687224388,0
1db20acd44b0e120b91f137a46da1ff6,19,0,0.7273077368736267,1,0,0.25874826312065125,0,0,0.28834521770477295,0,0,0.10903885960578918,0,0,0.020526260137557983,0
1ddd49f2867bac4430aaad6d35445a61,19,0,0.2736484110355377,0,0,0.046578627079725266,0,0,0.18862004578113556,0,0,0.18933534622192383,0,0,0.1617158204317093,0
1deb5e6595022e9cad8cb8fb00863e8f,20,0,0.4299051761627197,0,0,0.6176419258117676,1,0,0.35425665974617004,0,0,0.3092489540576935,0,0,0.34354689717292786,0
1deeb557e49b03764d434bad3c7bdd35,20,1,0.6365538835525513,1,0,0.22638438642024994,0,1,0.6140084266662598,1,0,0.42259249091148376,0,1,0.5373516082763672,0
1e2a07154cad985c88bf3668850c3587,20,0,0.4670266807079315,0,0,0.013540923595428467,0,0,0.2044784277677536,0,0,0.3533706068992615,0,0,0.15540075302124023,0
1e335e2b51bd598406b39b4f3974ea79,20,0,0.7293770909309387,1,0,0.018921073526144028,0,0,0.4749701917171478,1,0,0.3187175989151001,0,0,0.08221866190433502,0
1e3741152ae10349083bdf40ef01789e,20,0,0.26483556628227234,0,0,0.0007329247891902924,0,0,0.12692801654338837,0,0,0.4369111657142639,0,0,0.4378766417503357,0
1e3fadece3c8d4259c2b5a7de61e12ef,20,0,0.3242391347885132,0,0,0.06175634264945984,0,0,0.17410026490688324,0,0,0.8336153030395508,1,0,0.1841922253370285,0
1e4029a54dd47b7223885e14cc0e020f,20,0,0.6386328935623169,1,1,0.8405857086181641,1,0,0.5375507473945618,1,1,0.3457536995410919,0,0,0.47504639625549316,0
1e41c551c741b13ef41f540a6428058b,20,0,0.46669575572013855,0,1,0.9232131242752075,1,0,0.35953348875045776,0,0,0.3365243971347809,0,0,0.18633921444416046,0
1e56d718a35fc14e4461717c9664c4c2,20,0,0.3683445453643799,0,0,0.17899352312088013,0,0,0.32592660188674927,0,0,0.54598468542099,0,0,0.6146606206893921,0
1e5df6a5f0edfdce728581219123811f,20,0,0.3543899953365326,0,0,0.1813807338476181,0,0,0.1760188490152359,0,0,0.3008572459220886,0,0,0.2104502171278,0
1e87b2befde0db02bf14e75e798e4269,20,0,0.5151069164276123,1,1,0.14229245483875275,0,1,0.7578043341636658,1,1,0.6622551083564758,0,0,0.5585973262786865,0
1eb469f4d7f3c627bd265a57dbbf91b4,20,0,0.562460720539093,1,1,0.9032307863235474,1,0,0.528536856174469,1,0,0.4727729856967926,0,0,0.4857068359851837,0
1ee597e9da780a7c2e68a78fdaae42fc,20,1,0.4331236779689789,0,0,0.016575252637267113,0,0,0.4866274297237396,1,0,0.305833101272583,0,0,0.394833505153656,0
1f2238036d246a568553191ed099c1e3,20,0,0.3242415189743042,0,0,0.0031564165838062763,0,0,0.01947608031332493,0,0,0.07157294452190399,0,0,0.010958640836179256,0
1fad8a04142b39fb650138dc933334b3,20,0,0.39119598269462585,0,0,0.38535287976264954,1,0,0.20096783339977264,0,0,0.316167414188385,0,0,0.5468581914901733,0
1fae839a73abec3f3d7436fa2bce4630,20,0,0.5455143451690674,1,0,0.020769203081727028,0,1,0.49375656247138977,1,0,0.58470219373703,0,1,0.4994671046733856,0
1fcc1cd57e0ce38aa0b72b3a6996015a,21,1,0.38997575640678406,0,0,0.006037990562617779,0,0,0.42920565605163574,0,0,0.8870930075645447,1,1,0.6165607571601868,0
1fd9d5d1bb0ce0f60396950f07270c09,21,0,0.32298290729522705,0,0,0.07299354672431946,0,0,0.2682637870311737,0,0,0.26400649547576904,0,0,0.39761772751808167,0
1fffff933eea7cb619d35e5ae18920d5,21,0,0.3424515426158905,0,0,0.053591374307870865,0,0,0.33207109570503235,0,0,0.501248300075531,0,0,0.2360057234764099,0
20085587273eae1d4ea461ee23b18fe3,21,0,0.3990706205368042,0,0,0.0008445795974694192,0,0,0.12559843063354492,0,0,0.46962156891822815,0,0,0.17740008234977722,0
2021c6c746096cd28002e71ceb992c69,21,1,0.6131231188774109,1,0,0.02431819960474968,0,1,0.6529032588005066,1,1,0.6720403432846069,0,1,0.7533502578735352,0
202dc97c4b3ec7e50f4813456938500a,21,0,0.4044356942176819,0,1,0.7735784649848938,1,0,0.34693464636802673,0,0,0.313073068857193,0,0,0.4777235686779022,0
203e51fe440b4468f4142d795d381cb4,21,0,0.4192531406879425,0,0,0.0723971351981163,0,0,0.12531237304210663,0,0,0.232263445854187,0,0,0.09466195106506348,0
204c690fdc9b400342f9b5a271523bfe,21,0,0.3537564277648926,0,0,0.16751903295516968,0,0,0.13918782770633698,0,0,0.27762553095817566,0,0,0.41711145639419556,0
2051a04c05ac229fd9a1f16a4a493f64,21,0,0.5827885270118713,1,1,0.7413533329963684,1,0,0.4286787509918213,0,0,0.22173306345939636,0,0,0.26487651467323303,0
20614fb1b38f8b6d81830b92068b19e7,21,1,0.7523984909057617,1,0,0.008388410322368145,0,0,0.6567861437797546,1,0,0.8714320659637451,1,0,0.47551098465919495,0
206a3bdb39970f971f505da837a5bfd4,21,0,0.44972726702690125,0,0,0.11864011734724045,0,0,0.23877786099910736,0,0,0.4687422811985016,0,0,0.17113441228866577,0
20a92721508c6b74dac74143d3221152,21,0,0.47945094108581543,0,0,0.04398372024297714,0,0,0.40249645709991455,0,0,0.5368483066558838,0,0,0.710787296295166,0
20adb39b3684a4a5315c6c07c11f6a85,21,0,0.4891805052757263,0,0,0.5977622270584106,1,0,0.38077741861343384,0,0,0.20753410458564758,0,0,0.11107329279184341,0
20b35d7ea287071b586c37690162b556,21,0,0.5893377661705017,1,0,0.0908137708902359,0,0,0.33732736110687256,0,0,0.2585110068321228,0,0,0.20180551707744598,0
20b7a770145a276ab4f3ccd12e28aa45,21,0,0.3472871780395508,0,0,0.09518180787563324,0,0,0.0618203803896904,0,0,0.17096801102161407,0,0,0.05320795997977257,0
20c2fc9d1babf3f47d4bf2e2d4fa0d2c,21,0,0.24706506729125977,0,0,0.9273234605789185,1,0,0.2006886601448059,0,0,0.14560896158218384,0,0,0.10265043377876282,0
20d0c4e2d3473e9f1f2891f01d5edf63,22,0,0.42121922969818115,0,0,0.15155212581157684,0,0,0.2722039520740509,0,0,0.4461508095264435,0,0,0.32655471563339233,0
20d208807c641afba1698d8f35aa8713,22,1,0.7165995836257935,1,0,0.6174010038375854,1,0,0.2845899164676666,0,0,0.18028654158115387,0,0,0.23238277435302734,0
2127bbf73b1d0f150ca12bfa5ca2b91d,22,1,0.4592936933040619,0,0,0.08557437360286713,0,1,0.694473147392273,1,1,0.8139048218727112,1,0,0.1475384384393692,0
212dc39b6ba6941b034c2cd92cf97a8d,22,0,0.22073312103748322,0,0,0.012943999841809273,0,0,0.04672272875905037,0,0,0.13638748228549957,0,0,0.04735900089144707,0
2149d92bf6e0a54eefb4ad12a24decd9,22,0,0.2603553831577301,0,0,0.02268315479159355,0,0,0.15489232540130615,0,0,0.2214394509792328,0,0,0.4369751214981079,0
21764c704337db3cee5beb063a7f84f8,22,1,0.8028944134712219,1,1,0.4596468210220337,1,1,0.7611855864524841,1,0,0.7762582898139954,1,0,0.4645896255970001,0
218e819ed8c0fe25c92ee7f1d5b993c7,22,0,0.4880485534667969,0,0,0.08981134742498398,0,1,0.8335314393043518,1,0,0.271242618560791,0,0,0.7832939028739929,0
21a3312b6e4ab747c09c526b77cb0716,22,0,0.40823209285736084,0,0,0.034612026065588,0,0,0.18064101040363312,0,0,0.19375351071357727,0,0,0.18690823018550873,0
21adda7cffdfc008f99e15f8608f389e,22,0,0.3979851305484772,0,0,0.15044668316841125,0,0,0.3488267660140991,0,0,0.45579391717910767,0,0,0.2580568492412567,0
21e82a2a2a98836a5932f08ae4538bdd,22,0,0.23994220793247223,0,0,0.0021280492655932903,0,0,0.03211956471204758,0,0,0.1244615688920021,0,0,0.08318985253572464,0
21ef0a13b87ffc2026f003dbb27f8b68,22,1,0.82614666223526,1,0,0.7023655772209167,1,0,0.7710745334625244,1,0,0.7011560797691345,1,0,0.5031490921974182,0
21f45752082fdc5ce1cb3fb413b1b3de,22,0,0.5903907418251038,1,1,0.9841845035552979,1,0,0.5951915383338928,1,0,0.26022064685821533,0,0,0.4022727310657501,0
2204fe4a8d1b984f7b6b9951e5f11c79,22,0,0.2914663851261139,0,0,0.004461874719709158,0,0,0.1670311540365219,0,0,0.16897329688072205,0,0,0.43600448966026306,0
2214888f670a14cfa4f4e7223e814b40,22,0,0.3385399281978607,0,0,0.06543974578380585,0,0,0.13273154199123383,0,0,0.39304476976394653,0,0,0.3040812611579895,0
2218a9269d253e672bbf6dbe8da48f8f,22,1,0.4769405126571655,0,0,0.03146827220916748,0,0,0.35822224617004395,0,1,0.865970253944397,1,0,0.33448323607444763,0
2220f4ec338e6fa4f139d9b91aca9da3,22,1,0.6257023811340332,1,0,0.1550929993391037,0,0,0.4274933934211731,0,0,0.8966419100761414,1,0,0.293916791677475,0
222d99d554686c4ab478f830fa25028e,23,0,0.3856262266635895,0,0,0.4360181391239166,1,0,0.35632285475730896,0,0,0.33807164430618286,0,0,0.40578341484069824,0
22470824d6539f5aae6f5df896e49630,23,0,0.45245978236198425,0,0,0.03379153832793236,0,0,0.12199506163597107,0,0,0.2881166636943817,0,0,0.12157890945672989,0
22477897ac65a32a47a81707bd7a3a25,23,0,0.77066969871521,1,0,0.25753939151763916,0,0,0.5335148572921753,1,0,0.6235658526420593,0,0,0.45792195200920105,0
2249e2c552b44d15f36f05266a7d2b7c,23,0,0.37349799275398254,0,0,0.022988351061940193,0,0,0.07335089892148972,0,0,0.15341684222221375,0,0,0.0694124698638916,0
225590024026b2900f745a21e5f86e45,23,0,0.5017088651657104,1,0,0.7148634791374207,1,0,0.4167705774307251,0,0,0.8502647876739502,1,0,0.5322642922401428,0
225792d8531c9bee52c674cc975f689d,23,0,0.40336787700653076,0,0,0.3366372585296631,0,0,0.2981027066707611,0,1,0.47656264901161194,0,1,0.36805203557014465,0
225ee6b33560f3903d0427ea721e0690,23,0,0.3942442536354065,0,0,0.0445113405585289,0,0,0.3593035340309143,0,0,0.3440217077732086,0,0,0.4458560049533844,0
225fa92b59afa8d1e96a9b3a5291aaaf,23,0,0.40338587760925293,0,0,0.7331184148788452,1,0,0.4962112009525299,1,0,0.24305658042430878,0,0,0.4371933043003082,0
22e777d8cb8506360407e800070e6ed4,23,0,0.6856949329376221,1,0,0.26953646540641785,0,1,0.7646502256393433,1,0,0.7159105539321899,1,1,0.6535147428512573,0
230ced5935d8f83f1b9f52bb95059263,23,0,0.5972362160682678,1,0,0.1517728716135025,0,0,0.4371933937072754,1,0,0.5286096930503845,0,0,0.5320470929145813,0
230d775afe6d5f2f23515152d2a030d3,23,0,0.24973194301128387,0,0,0.005103739444166422,0,0,0.04174455255270004,0,0,0.22283495962619781,0,0,0.03084770031273365,0
232e100235a5357cf19c135892af7d83,23,0,0.546623945236206,1,0,0.1269216686487198,0,0,0.18916389346122742,0,0,0.18287664651870728,0,0,0.04760163277387619,0
234c0ca0777f8614476112bc7412caa5,23,0,0.5038923025131226,1,0,0.008139201439917088,0,0,0.39761605858802795,0,0,0.4187709093093872,0,0,0.3685961365699768,0
235d5a43e07233fa0117ed8a185c06bf,23,0,0.4089120030403137,0,0,0.052191101014614105,0,0,0.11122159659862518,0,0,0.19801868498325348,0,0,0.0723581612110138,0
235fa5309a20f02f306297fee158a109,23,0,0.32614216208457947,0,0,0.16445717215538025,0,0,0.4708324372768402,1,0,0.4229316711425781,0,0,0.6990092396736145,0
2362bae8a9b107f454ce8bcb5dd80180,23,0,0.2276630401611328,0,0,0.012788447551429272,0,0,0.23159120976924896,0,0,0.5376486778259277,0,0,0.4346086382865906,0
24151df5b3919093e2c97bc6647260fb,24,0,0.5977179408073425,1,0,0.6936019659042358,1,0,0.5101234316825867,1,0,0.4544508457183838,0,0,0.49280810356140137,0
24263689acdde18b84fc1f464c908ccf,24,0,0.26247692108154297,0,0,0.18779686093330383,0,0,0.1461683064699173,0,0,0.1545257419347763,0,0,0.2855745851993561,0
242e05a5782d6682a43999a2e21096e6,24,0,0.519474446773529,1,0,0.17081621289253235,0,0,0.5278934836387634,1,0,0.3782126307487488,0,0,0.6618045568466187,0
24671577f584d6b49ad97e5d49321fa5,24,0,0.38164466619491577,0,0,0.5216794610023499,1,0,0.32351309061050415,0,0,0.41513845324516296,0,0,0.1298362761735916,0
247d4f43ebb5cef2dec03ec8afaff90a,24,0,0.7241910696029663,1,0,0.15002094209194183,0,0,0.5069220662117004,1,0,0.3805479109287262,0,0,0.13845399022102356,0
24bc34d29332c13d3cf82c783d92d8ad,24,0,0.596416175365448,1,0,0.4656103849411011,1,0,0.584839940071106,1,0,0.5897182822227478,0,0,0.31152981519699097,0
24d7e092a75fbc3f8756a6785a4d97c6,24,0,0.39137929677963257,0,0,0.30256617069244385,0,0,0.24590037763118744,0,0,0.2655152678489685,0,0,0.2055753618478775,0
24dc9a75eac9086166bd3ea01ae2cd2c,24,0,0.3301857113838196,0,0,0.14711138606071472,0,0,0.20713725686073303,0,0,0.21264049410820007,0,0,0.06146743893623352,0
253feb1e5d47eb3543d0cd0b072df5e5,24,0,0.6180905699729919,1,0,0.017995985224843025,0,0,0.2682637870311737,0,0,0.5464871525764465,0,0,0.603042483329773,0
2562f346ed3db617c6cf209d6fbfd384,24,0,0.45522570610046387,0,0,0.01973331905901432,0,0,0.07233711332082748,0,0,0.13322877883911133,0,0,0.048497214913368225,0
2578863f0f367acbce6b260b31470ff1,24,0,0.357100248336792,0,0,0.31075629591941833,0,0,0.4092506468296051,0,1,0.7414407730102539,1,1,0.651029109954834,0
25aec56a720623274a5d51c6faa764b4,24,0,0.454854816198349,0,0,0.0029839423950761557,0,0,0.12750272452831268,0,0,0.2736516296863556,0,0,0.1744551956653595,0
25d536e3c96e22c7c258d2ed859c304a,24,0,0.27007240056991577,0,0,0.16245247423648834,0,0,0.27402493357658386,0,0,0.28996139764785767,0,0,0.15138547122478485,0
25e40d94f13653fcd2b829c45cb18e3f,24,1,0.35884299874305725,0,0,0.002896925201639533,0,1,0.4927419126033783,1,0,0.5648918747901917,0,1,0.8606484532356262,0
25e8a01e7de94f8874d34b9afdd593c5,24,0,0.7021394968032837,1,0,0.6286820769309998,1,0,0.4647665023803711,1,0,0.5945981740951538,0,0,0.305982768535614,0
25f51d768c59ed4ac52079177d45479f,24,0,0.379020094871521,0,0,0.008624451234936714,0,0,0.09479441493749619,0,1,0.6314639449119568,0,0,0.16781875491142273,0
25f92d35866a758f4175812fe3f7f47c,25,0,0.4802889823913574,0,0,0.039010245352983475,0,1,0.18975919485092163,0,0,0.3977603018283844,0,1,0.2222723662853241,0
261fb3e27745849bd6bf75c65166ccbf,25,0,0.23018863797187805,0,0,0.00048413375043310225,0,0,0.1059236079454422,0,0,0.3147621154785156,0,0,0.09988495707511902,0
262f42441f1d7479e741f624becd54cb,25,0,0.7090387940406799,1,0,0.012353507801890373,0,0,0.1358000785112381,0,0,0.3412707448005676,0,0,0.032555192708969116,0
2634fcd5139b26569a4d3ad23ee1beb9,25,0,0.500352680683136,1,0,0.16283221542835236,0,0,0.48892030119895935,1,0,0.7146169543266296,1,1,0.599602997303009,0
269af0bfa0e3246aa7b7330a3c510030,25,1,0.5765783786773682,1,1,0.8096380233764648,1,0,0.9035528302192688,1,0,0.6455283164978027,0,1,0.6307190656661987,0
26a5285339df294ce288663b092c23c3,25,0,0.3768799602985382,0,0,0.26121747493743896,0,0,0.3597526252269745,0,0,0.30973100662231445,0,0,0.42774927616119385,0
26b335d3fb7b871bc7714c05421de9a5,25,0,0.218184232711792,0,0,0.010640651918947697,0,0,0.052432820200920105,0,0,0.22037939727306366,0,0,0.1294325888156891,0
26ca88b5b40079f5627ef686bcc945fe,25,0,0.600233256816864,1,1,0.7427562475204468,1,0,0.5394636988639832,1,0,0.5203483700752258,0,0,0.7862289547920227,0
26ec05d5a77e04dac78841fcab729d17,25,0,0.5208419561386108,1,1,0.06126343458890915,0,1,0.7915807962417603,1,0,0.7445850968360901,1,0,0.8803654313087463,1
26fa2f95e008965bec79eddf40220618,25,0,0.3256150782108307,0,0,0.566224217414856,1,0,0.1430985927581787,0,0,0.12479608505964279,0,0,0.14275933802127838,0
271290de7e7e4fb8aa1c31327f48f4b5,25,0,0.49500593543052673,0,0,0.08133207261562347,0,0,0.41555190086364746,0,0,0.4828204810619354,0,0,0.44986677169799805,0
2719b0f265ede38083eb9558a9b325dc,25,0,0.4988349974155426,0,0,0.3408510684967041,0,0,0.3717556297779083,0,0,0.20576044917106628,0,0,0.38455525040626526,0
271a21b7999e4bf82fb94c8ed51c9e45,25,0,0.3013763129711151,0,0,0.3983689546585083,1,0,0.1865745335817337,0,0,0.21279701590538025,0,0,0.2912980318069458,0
2744fe0f36f0523d926dd8bcca9fb826,25,0,0.2944687306880951,0,0,0.06610081344842911,0,0,0.12715505063533783,0,0,0.5760054588317871,0,0,0.10070379078388214,0
275f8dac86e5b584cf8382e195f3be75,25,0,0.3919070065021515,0,0,0.0034699419047683477,0,0,0.09138832241296768,0,0,0.22694337368011475,0,0,0.03618571534752846,0
2764d6e99a99ac47b4a534511fad4db4,25,0,0.8165320158004761,1,1,0.8371509909629822,1,0,0.6550796627998352,1,0,0.6857695579528809,1,1,0.5202093720436096,0
27660605ca5cdffc3a99e9f2f167b1ff,26,0,0.4979519546031952,0,0,0.5914656519889832,1,0,0.37695157527923584,0,0,0.4271370768547058,0,0,0.25261780619621277,0
2790d36fa3cd4d3fa05229d1c693d499,26,0,0.44243064522743225,0,0,0.46791812777519226,1,1,0.20096802711486816,0,0,0.27220726013183594,0,0,0.14793351292610168,0
279ec29b29dbdf10c6311439ffaa6e03,26,0,0.3932340741157532,0,0,0.012539428658783436,0,0,0.2718070447444916,0,0,0.45898011326789856,0,0,0.6598419547080994,0
27a6da23941b4f586a6812b2d26e61dd,26,0,0.7043793201446533,1,0,0.5414699912071228,1,0,0.49377283453941345,1,0,0.317890465259552,0,0,0.25634995102882385,0
27ab751530d2e92cd18dd82d47ac22d8,26,0,0.3239470422267914,0,0,0.636067807674408,1,0,0.24905134737491608,0,0,0.46347472071647644,0,0,0.39461836218833923,0
27c40d7cad10950490cdc81752b328d7,26,0,0.3946341872215271,0,0,0.007685833144932985,0,0,0.22082452476024628,0,0,0.28867849707603455,0,0,0.15950927138328552,0
27d34a0e721626ef60aeb17cb39e8196,26,1,0.551551878452301,1,0,0.09577237069606781,0,1,0.9253559708595276,1,0,0.5838133096694946,0,0,0.9969430565834045,1
27dd187f50de71108de3de2bfa52698c,26,0,0.4188433587551117,0,0,0.191367045044899,0,0,0.35246163606643677,0,0,0.5783623456954956,0,0,0.7351077795028687,0
27f070654756a43ea9ebb71802e8bb2c,26,0,0.3483850657939911,0,0,0.0013555068289861083,0,0,0.21980269253253937,0,0,0.6440688371658325,0,0,0.2724441587924957,0
281079184d33bc81f9f6ced4771ae746,26,0,0.3703984022140503,0,0,0.562879741191864,1,0,0.41861024498939514,0,0,0.6504186391830444,0,0,0.48212480545043945,0
28119d05971cf37e7709c53a5e45c3a8,26,0,0.4404745101928711,0,0,0.5827815532684326,1,0,0.28572675585746765,0,0,0.3766128718852997,0,0,0.12855477631092072,0
281b0e152c84843e22eba8f121592cea,26,0,0.34093475341796875,0,0,0.03276870399713516,0,0,0.04502849653363228,0,0,0.1261323243379593,0,0,0.04376206174492836,0
28290df9749ce386affc87de6b7c3a49,26,1,0.5117279291152954,1,0,0.031362615525722504,0,0,0.2275070697069168,0,0,0.46879565715789795,0,0,0.2487625628709793,0
2829ec7e67ae926ce846f71c05b08440,26,0,0.5231721997261047,1,0,0.03447718545794487,0,0,0.24663852155208588,0,0,0.4243902564048767,0,0,0.609184741973877,0
282dc34d270eccc44a61901afbd4791d,26,0,0.7229472994804382,1,0,0.2658323049545288,0,0,0.4605499505996704,1,0,0.19278253614902496,0,0,0.02710048295557499,0
28381c8323917ac88d571e1213a2d382,26,0,0.3119717240333557,0,0,0.017875541001558304,0,0,0.07286778092384338,0,0,0.19830700755119324,0,0,0.008016330190002918,0
285becd123b1dd66f5ce5e51bce073a4,27,1,0.31955161690711975,0,0,0.000969929329585284,0,1,0.33055010437965393,0,0,0.5239748358726501,0,0,0.23462650179862976,0
287422bed1d9d153387361889619abed,27,0,0.5614476203918457,1,1,0.961063802242279,1,0,0.586690366268158,1,0,0.7495853304862976,1,0,0.2349531650543213,0
28d11d6696649471d0af4e67f7126299,27,0,0.48758435249328613,0,0,0.09860899299383163,0,0,0.3637724816799164,0,0,0.7227929830551147,1,0,0.7746416330337524,0
28da626e8fb2241c3799343618b7b509,27,0,0.6542584896087646,1,0,0.018471240997314453,0,0,0.30077317357063293,0,0,0.17259520292282104,0,0,0.07694847136735916,0
28e90b2f52b47a0b0398cd6e47abaa0b,27,0,0.2760953903198242,0,0,0.007619436364620924,0,0,0.15242211520671844,0,0,0.37219148874282837,0,0,0.501417875289917,0
28f7374deb70d29031f3c87afa518c68,27,0,0.5510299801826477,1,1,0.24260272085666656,0,0,0.6847681403160095,1,0,0.3086356222629547,0,0,0.4643014073371887,0
2905c37bac1498f5d07b55ecd83bca43,27,0,0.4481787383556366,0,0,0.03362169489264488,0,0,0.5805742740631104,1,0,0.45168250799179077,0,0,0.5888139009475708,0
2936cdce12dc87bb180caac13060ac5f,27,0,0.531472384929657,1,0,0.54678875207901,1,0,0.3324524760246277,0,0,0.2519017159938812,0,0,0.19094246625900269,0
293c5203bc1aa6aed90bed875b06dda8,27,0,0.4163275957107544,0,0,0.3959287106990814,1,0,0.3257863223552704,0,0,0.3475182354450226,0,0,0.40784159302711487,0
293df7b3db7c3d58656e9169abffce81,27,1,0.7389345765113831,1,0,0.1580384224653244,0,0,0.3065454959869385,0,0,0.950761616230011,1,0,0.328753262758255,0
294caa9ce5e9775c2ef2e3a256927584,27,0,0.6263673901557922,1,1,0.9649755954742432,1,0,0.8359732627868652,1,0,0.33623480796813965,0,0,0.6095800399780273,0
2974f5f19670bae016a24ad38bf9106e,27,0,0.5684213638305664,1,0,0.009475351311266422,0,0,0.30705809593200684,0,0,0.5608789324760437,0,0,0.3892785608768463,0
2979cd224774fef9c95a43c4f1e8e721,27,0,0.6375675797462463,1,0,0.27323025465011597,0,0,0.3002561032772064,0,0,0.145667165517807,0,0,0.04486362636089325,0
2988971976e06066ddc6934ec6f29aa3,27,0,0.3148031234741211,0,0,0.043084654957056046,0,0,0.14863476157188416,0,0,0.5480031967163086,0,1,0.7990112900733948,0
298ba40fdf4ed6ad85ffd10748e805df,27,0,0.26220229268074036,0,0,0.019642755389213562,0,0,0.11977041512727737,0,0,0.11670494824647903,0,0,0.07712021470069885,0
299a26bc4cc1680b6d22047a5a7aca2a,27,0,0.22096920013427734,0,0,0.08052195608615875,0,0,0.045075323432683945,0,0,0.13866455852985382,0,0,0.03175931051373482,0
29a257cdeae837a1a080c969b40150a3,28,1,0.5409780740737915,1,0,0.40240609645843506,1,0,0.2759830057621002,0,0,0.827374279499054,1,0,0.3939266502857208,0
29b9c96e5b2af75325cad69a8ddab7c7,28,1,0.7004424929618835,1,0,0.08620566874742508,0,1,0.9472765922546387,1,0,0.8855571150779724,1,0,0.6044145822525024,0
29c02ba2cb51e8cedbe8165049d37fa5,28,0,0.3840774893760681,0,0,0.07074828445911407,0,0,0.19937942922115326,0,0,0.47658440470695496,0,0,0.25717273354530334,0
29d1fbd56a7ba8971054fa9d370e87da,28,0,0.32565057277679443,0,0,0.025968952104449272,0,0,0.18301112949848175,0,0,0.25456729531288147,0,0,0.4219161570072174,0
29d5ed367182f9edefd323fc97f0edd6,28,0,0.26625746488571167,0,0,0.22440823912620544,0,0,0.10259800404310226,0,0,0.16409306228160858,0,0,0.04216873645782471,0
29fc11e345d3a084f33fda5c43686076,28,0,0.6543349027633667,1,1,0.8733597993850708,1,0,0.7898414731025696,1,0,0.24324394762516022,0,0,0.3959970772266388,0
2a0554b42dbf31adb9cd5b4d0b865b84,28,0,0.3590869903564453,0,0,0.046032823622226715,0,0,0.05591176822781563,0,0,0.15579096972942352,0,0,0.032117001712322235,0
2a1bf9e93ae38f5c230e5deed9db4182,28,0,0.49180668592453003,0,0,0.07252072542905807,0,0,0.29446008801460266,0,0,0.2642430067062378,0,0,0.5759895443916321,0
2a3e22dea097a54f357d2634ca9837a1,28,0,0.5430400371551514,1,0,0.6835911273956299,1,0,0.44476228952407837,1,0,0.1765870898962021,0,0,0.5136848092079163,0
2a48953e401d5a9375966491758310a0,28,0,0.45792773365974426,0,0,0.4632686674594879,1,0,0.37870901823043823,0,0,0.42912426590919495,0,0,0.29734379053115845,0
2a59884092b4774790654f357628cd77,28,0,0.3602296710014343,0,0,0.8963117599487305,1,0,0.28917890787124634,0,0,0.2833627760410309,0,0,0.07446379214525223,0
2a7079dd9e08df7d5ec7db974003d97a,28,0,0.5095394849777222,1,0,0.005693576764315367,0,0,0.20534248650074005,0,0,0.37155765295028687,0,0,0.30672508478164673,0
2a7272f9551b1b6248aba470735154aa,28,1,0.6934858560562134,1,0,0.022890601307153702,0,1,0.525500476360321,1,0,0.8240821957588196,1,0,0.7498113512992859,0
2a7a59327e473f50b0fa174fe0ba6d30,28,0,0.2598562240600586,0,0,0.000993338762782514,0,0,0.12493777275085449,0,0,0.3199325203895569,0,0,0.2773577570915222,0
2a80feb480fa5f90a50fdd5e2e89833c,28,0,0.41441744565963745,0,0,0.014515342190861702,0,1,0.43253517150878906,1,0,0.7160422801971436,1,0,0.6393401622772217,0
2a974dff02147c8c34b2e5f9f90c312f,28,0,0.44828879833221436,0,0,0.031486764550209045,0,0,0.09032278507947922,0,0,0.2530670464038849,0,0,0.06794537603855133,0
2aa1314e73226a5551d4e27f4925c967,29,1,0.8773991465568542,1,0,0.6427368521690369,1,0,0.6299458742141724,1,0,0.1860402375459671,0,1,0.12604384124279022,0
2aa621807bfa78b2fc36c1ca34962f1c,29,0,0.46111246943473816,0,0,0.5182875394821167,1,0,0.2937832772731781,0,0,0.37038654088974,0,0,0.37981748580932617,0
2ab2b7040d46ac3babebb3eca1d92b0f,29,0,0.3270557224750519,0,0,0.0016856935108080506,0,0,0.10567925870418549,0,0,0.37881630659103394,0,0,0.2561616897583008,0
2af8fdf7c60bd75e480f5d992841a301,29,0,0.27839580178260803,0,0,0.3501781225204468,0,0,0.060680314898490906,0,0,0.20061840116977692,0,0,0.0784609243273735,0
2b004c4cb35e703a7b28d5f3d80ac310,29,0,0.3340100049972534,0,0,0.009960150346159935,0,0,0.08365315198898315,0,0,0.3107505440711975,0,0,0.12168771773576736,0
2b096376f5a0f62d10847e5d6f540a41,29,0,0.4682992994785309,0,0,0.0977698341012001,0,0,0.3935376703739166,0,0,0.5618224740028381,0,0,0.8477951288223267,0
2b2810284313c5547241b38668f67b2c,29,0,0.6337506771087646,1,0,0.11565884202718735,0,0,0.4003080427646637,0,0,0.3411279022693634,0,0,0.6616420149803162,0
2b363efe261baca45b7b1033e1a6b7f1,29,0,0.7561954855918884,1,1,0.27154457569122314,0,1,0.9678395390510559,1,0,0.5073748826980591,0,0,0.17888657748699188,0
2b526a754c5cae80c2c45bc85ce95bb6,29,0,0.24184459447860718,0,0,0.0019159455550834537,0,0,0.07203071564435959,0,0,0.46249455213546753,0,0,0.11205155402421951,0
2b7ee30a6af65e9d2915764004122b36,29,0,0.13145582377910614,0,0,0.004658232908695936,0,0,0.08627070486545563,0,0,0.5335792303085327,0,0,0.23663711547851562,0
2ba3fde405e8f849abba2c8e87857626,29,1,0.8695560693740845,1,1,0.8033676743507385,1,1,0.9536388516426086,1,0,0.647219181060791,0,0,0.275224506855011,0
2ba6db6ed664e2aacd6e274edb609ec1,29,0,0.524558424949646,1,0,0.09409438818693161,0,0,0.26478832960128784,0,0,0.3284604549407959,0,0,0.30717021226882935,0
2bc8d5ac6ce8651f95b07a2753dcb04b,29,0,0.3375034034252167,0,0,0.0607936829328537,0,0,0.09100046008825302,0,0,0.2418707013130188,0,0,0.029026539996266365,0
2bcbfb940309bc9a3d7cce3378cc877c,29,0,0.47817522287368774,0,1,0.9784426093101501,1,0,0.5979708433151245,1,0,0.292243093252182,0,0,0.23157019913196564,0
2bcf36484564a6ba7a1bda9c7ae96087,29,0,0.4671553075313568,0,0,0.03060171939432621,0,0,0.5578671097755432,1,0,0.5043423175811768,0,0,0.875248372554779,1
2c46afc6145ab7743ca9828389a4d892,29,0,0.39592039585113525,0,0,0.4575135409832001,1,0,0.24482490122318268,0,0,0.5623902678489685,0,0,0.5999743342399597,0
2c779143ede5ab9248e40bd83d6b72bf,30,0,0.5718225240707397,1,0,0.023392537608742714,0,0,0.25680339336395264,0,0,0.1393185704946518,0,0,0.07788553833961487,0
2c833f17b079546235157db9e70304ef,30,0,0.482109010219574,0,0,0.8629060387611389,1,0,0.35523006319999695,0,0,0.3588961660861969,0,0,0.2570364475250244,0
2cad63ccbc654b82534ba31070301835,30,0,0.7568036317825317,1,0,0.5094806551933289,1,0,0.604730486869812,1,0,0.4119744896888733,0,0,0.5931724309921265,0
2cbbb0c958dbc2f4d15171d1fc11ba2a,30,0,0.3619469404220581,0,0,0.01977476291358471,0,0,0.3283359110355377,0,0,0.3310851454734802,0,0,0.6299464702606201,0
2ce93e10c745a4e18901ae37073bc29e,30,0,0.20721158385276794,0,0,0.0028881430625915527,0,0,0.02219225838780403,0,0,0.05588492378592491,0,0,0.004471989348530769,0
2ce9d73f2f2b9809f54f5ced22abb25e,30,0,0.3555448353290558,0,0,0.003257544245570898,0,0,0.2674461603164673,0,0,0.32929369807243347,0,0,0.6566383838653564,0
2d106d30e4ddce3aca77d00715c8a655,30,0,0.2651611864566803,0,0,0.018123527988791466,0,0,0.14552880823612213,0,0,0.36985889077186584,0,0,0.3681483566761017,0
2d2bf2587e5341d8e4ae9c24150efdd9,30,0,0.6372684836387634,1,0,0.3097928762435913,0,0,0.3608528971672058,0,1,0.7789283394813538,1,0,0.7565353512763977,0
2d4a0f76c837262f10a610d8b9c69e5f,30,0,0.5067225694656372,1,0,0.10020323842763901,0,0,0.17562055587768555,0,0,0.3529946506023407,0,0,0.037045128643512726,0
2d746a6e9c35faa63f915f17405a7620,30,0,0.4967682659626007,0,0,0.364052414894104,1,0,0.503908097743988,1,0,0.6559813618659973,0,0,0.8273250460624695,0
2d94fa68576a921838bdfec98d9a3767,30,0,0.35150623321533203,0,0,0.03845896199345589,0,0,0.3862595856189728,0,0,0.6626467108726501,0,0,0.2825641632080078,0
2da8f014c4422d4cd59c05ff4518ae1b,30,0,0.5997574925422668,1,0,0.2823339104652405,0,0,0.3704170286655426,0,1,0.3356468379497528,0,0,0.2476438283920288,0
2df0a695053bb26243095e62b3c2cf2c,30,0,0.619140088558197,1,0,0.1068279892206192,0,0,0.6865875720977783,1,0,0.3685843348503113,0,0,0.11547908931970596,0
2df2669e9b045feb28e5bf4b585f8d2c,30,0,0.47320204973220825,0,0,0.5879302620887756,1,0,0.4224918484687805,0,0,0.4260141849517822,0,0,0.3907555341720581,0
2e2f4e832dc3bd12ddd8d405cbf7fdf5,30,0,0.4951752722263336,0,0,0.30092307925224304,0,0,0.5351659655570984,1,0,0.3818277418613434,0,0,0.6122204661369324,0
2e585169bb0b0f7f6e4875b517f87259,30,1,0.5059483051300049,1,0,0.613135576248169,1,1,0.4975985586643219,1,0,0.8978573083877563,1,0,0.5669618248939514,0
2e65079841bd4b68a51facf322a72cb2,31,0,0.15415306389331818,0,0,0.0037236325442790985,0,0,0.035986050963401794,0,0,0.33796942234039307,0,0,0.08449556678533554,0
2e7031642f0d951eda8e991c77c611c2,31,0,0.24592800438404083,0,0,0.0024920236319303513,0,0,0.14891435205936432,0,0,0.3567555248737335,0,0,0.4875551164150238,0
2e72c2566be0f82a09336a05d58499af,31,0,0.417332261800766,0,0,0.01932840794324875,0,0,0.5455440878868103,1,0,0.45226389169692993,0,0,0.3687843978404999,0
2e73e92e0c1d60ebb2d9a342dd73c277,31,0,0.7637268900871277,1,0,0.28405842185020447,0,0,0.250939279794693,0,0,0.6959271430969238,1,0,0.03563361614942551,0
2eae70b57d68947a20d6d0cc8f9f2e58,31,1,0.6080567836761475,1,0,0.0249504242092371,0,0,0.6409067511558533,1,1,0.7422715425491333,1,0,0.804067075252533,0
2ed178b03fe6156fa3f4985d16620094,31,0,0.3300339877605438,0,0,0.019842414185404778,0,0,0.36304813623428345,0,0,0.3831642270088196,0,0,0.6123683452606201,0
2edfac59a792f8bf27a0d5beead24c27,31,0,0.33634790778160095,0,0,0.4494127929210663,1,0,0.2106831669807434,0,0,0.3276238441467285,0,0,0.28544941544532776,0
2f2f368d580b179c65b6ad42f4d529f8,31,0,0.6516844034194946,1,0,0.7587637305259705,1,0,0.7573122382164001,1,0,0.36250150203704834,0,0,0.7195882797241211,0
2f3821fa3729d0814a5dc4890261fa51,31,0,0.4610445499420166,0,1,0.6624208092689514,1,0,0.38233667612075806,0,0,0.6807881593704224,1,0,0.39509105682373047,0
2f49fa57375e32c9d69f8205bd5b0a96,31,0,0.3326103687286377,0,0,0.0279837753623724,0,0,0.09090079367160797,0,0,0.34327879548072815,0,0,0.4638047218322754,0
2f629036ede0886b8a4eef89f6526fc6,31,0,0.3364178240299225,0,0,0.22299113869667053,0,0,0.14458340406417847,0,0,0.13499683141708374,0,0,0.007497281301766634,0
2f775125346cd62232d8e835794941c0,31,0,0.45198410749435425,0,0,0.0032372819259762764,0,1,0.3023228049278259,0,0,0.42619746923446655,0,1,0.5994229912757874,0
2f8f4f988fd84809caf191477ebc05db,31,0,0.658941388130188,1,0,0.5723497867584229,1,0,0.7029586434364319,1,0,0.5687510371208191,0,0,0.2087637335062027,0
2f977e3238400bf52f146ed0eb3a57c1,31,0,0.5591651797294617,1,0,0.5165476202964783,1,0,0.24350717663764954,0,0,0.19225820899009705,0,0,0.418714314699173,0
2fb8c4094b8bd6943407a071dfe6c73d,31,0,0.8104059100151062,1,1,0.5847582221031189,1,1,0.7815947532653809,1,0,0.461864173412323,0,0,0.6457700133323669,0
2fcfb42d501dd9e3ca9fb94b532cf4de,31,0,0.402078777551651,0,1,0.4022337794303894,1,0,0.1436278522014618,0,0,0.17960147559642792,0,0,0.05144748464226723,0
2fdc77728d36fdc8506d65520d2aa0d3,32,0,0.5340481400489807,1,1,0.9166436791419983,1,0,0.552643895149231,1,0,0.33695316314697266,0,0,0.38759100437164307,0
2ff406f25425c2066fb57e7e534d1c90,32,0,0.35481783747673035,0,0,0.004636863246560097,0,0,0.07353561371564865,0,0,0.17978835105895996,0,0,0.053406164050102234,0
2ff4d2a98e787e19d3b853df59493732,32,0,0.39010089635849,0,0,0.044329214841127396,0,0,0.337821900844574,0,0,0.29873156547546387,0,0,0.39691492915153503,0
3019aec706bd013e1e3348564fbfd086,32,0,0.5291023850440979,1,0,0.01523926667869091,0,1,0.5059134364128113,1,1,0.8161805272102356,1,1,0.7058939933776855,0
3020abca19e8fa4bba62fe583f07050d,32,0,0.37953871488571167,0,0,0.26098257303237915,0,0,0.30143192410469055,0,0,0.4419114887714386,0,1,0.646887481212616,0
3037b4ac894bd448153d3da7b700f79f,32,0,0.7837900519371033,1,1,0.39626461267471313,1,0,0.8970267176628113,1,0,0.5889614820480347,0,0,0.2267591953277588,0
30475d6d6e3d67d52fc9a1f568eb81e5,32,0,0.6065922379493713,1,0,0.37167808413505554,1,0,0.3173133432865143,0,0,0.35377833247184753,0,0,0.3037462830543518,0
3075716fb54707f068e0ecd8d687f799,32,0,0.2719078063964844,0,0,0.03053615801036358,0,0,0.07132133096456528,0,0,0.39199721813201904,0,0,0.12221027165651321,0
3075e85dda12262bc9e34a5bd518d226,32,0,0.3528631329536438,0,0,0.021114520728588104,0,0,0.1411249190568924,0,0,0.26442819833755493,0,0,0.1911458522081375,0
3075ea62bfa39a295cbf419b9248401b,32,0,0.6373215317726135,1,0,0.1348738819360733,0,0,0.5740143656730652,1,0,0.8743698596954346,1,0,0.5474246740341187,0
3097b40e5fe9ed1c66ef81dd98ecefec,32,0,0.2747814655303955,0,0,0.17589013278484344,0,0,0.31435492634773254,0,0,0.4003460109233856,0,0,0.2631956934928894,0
309ea022e7179851582a662b97ca9ce4,32,1,0.7030448913574219,1,1,0.7980765104293823,1,0,0.632322371006012,1,0,0.592928409576416,0,0,0.6929273009300232,0
30e41da3ce3686e6e105c8358aed4445,32,0,0.3469116687774658,0,0,0.0062604327686131,0,0,0.19638369977474213,0,0,0.25975918769836426,0,0,0.5172877311706543,0
31043d30ee29726c185d655800f025ec,32,0,0.3609456717967987,0,0,0.031272001564502716,0,0,0.07687019556760788,0,0,0.09342392534017563,0,0,0.010545034892857075,0
31109259018ccc4aefbc2083a608f032,32,0,0.5358399748802185,1,0,0.13158167898654938,0,0,0.4524919092655182,1,0,0.5214186906814575,0,1,0.6349529027938843,0
311301e3ac19b4b8eda85672e625b2e8,32,0,0.4642266035079956,0,0,0.24253688752651215,0,0,0.30371320247650146,0,0,0.3647977113723755,0,0,0.17716674506664276,0
31446c7e7cae2f7aac75a2a922643474,33,0,0.45568934082984924,0,0,0.025111522525548935,0,0,0.34514132142066956,0,0,0.26809433102607727,0,0,0.2166069895029068,0
3185bd3972ec4bc6029fbfe00af919f0,33,0,0.4699077904224396,0,0,0.24998915195465088,0,0,0.28400853276252747,0,0,0.8997528553009033,1,0,0.500037431716919,0
3198b14b43ec49fdb55d5fe3b03a56f3,33,0,0.5593587160110474,1,0,0.007197000086307526,0,1,0.848892331123352,1,1,0.766750156879425,1,1,0.7953887581825256,0
31b4de538dd6272b05e295142c5ccc2a,33,0,0.4578363299369812,0,0,0.07416548579931259,0,0,0.41944819688796997,0,0,0.5651724338531494,0,0,0.635201096534729,0
31ccf1b8a9992b055d0d26043eea3c30,33,0,0.37396326661109924,0,0,0.0841444879770279,0,0,0.26324519515037537,0,0,0.35469087958335876,0,0,0.22133992612361908,0
3210943635d98be46b4864dc5fae5079,33,0,0.35524171590805054,0,0,0.005241168197244406,0,0,0.20093275606632233,0,0,0.34113943576812744,0,0,0.42910709977149963,0
3215a7d4dc49d93b54635b85df536b8f,33,0,0.24270129203796387,0,0,0.053663864731788635,0,0,0.04293704405426979,0,0,0.20873722434043884,0,0,0.05589346960186958,0
3243c41d5e3fb5e6b0ea0f3092adaca5,33,0,0.3840629756450653,0,0,0.03277071565389633,0,0,0.03574254736304283,0,0,0.19416281580924988,0,0,0.047601934522390366,0
325fa15bdeaf8dfe6cf63a82fad30228,33,1,0.335376113653183,0,1,0.23759150505065918,0,1,0.4070661664009094,0,0,0.8015872240066528,1,0,0.6482409834861755,0
3274df5c70fba85244fd07f57dd95e3e,33,0,0.4328388273715973,0,0,0.05564182624220848,0,0,0.220250204205513,0,0,0.42480555176734924,0,0,0.04735226184129715,0
32761b596170dacbce163df97a5d935b,33,0,0.264428049325943,0,0,0.16307084262371063,0,0,0.20833200216293335,0,0,0.2588769197463989,0,0,0.5975830554962158,0
327f8c6c13ad1a6efefd78409c9f2191,33,0,0.4406989812850952,0,0,0.005908760242164135,0,0,0.17256808280944824,0,0,0.3482159376144409,0,0,0.6304139494895935,0
3297d4a571f2259e8699427999a79121,33,0,0.6385875344276428,1,1,0.913072407245636,1,0,0.5655816197395325,1,0,0.1263851821422577,0,0,0.08085803687572479,0
32b33ed354f4f86cec0a90e53f584d58,33,0,0.6361362934112549,1,0,0.577093780040741,1,0,0.37320414185523987,0,0,0.29533615708351135,0,0,0.3231258690357208,0
32ce0ed98d68f9ed492aa9cdbe8a11fe,33,0,0.7259392142295837,1,1,0.5743152499198914,1,1,0.8662989735603333,1,0,0.45763087272644043,0,1,0.4441774785518646,0
32d6ac0696adc1f9c50d689a97925cf2,33,0,0.6898079514503479,1,0,0.21596309542655945,0,0,0.43727314472198486,1,0,0.3411104679107666,0,0,0.09506265074014664,0
32f4fc5f09a10e5dd9bbdf35d7656fb6,34,0,0.44694024324417114,0,0,0.34909170866012573,0,0,0.26668089628219604,0,0,0.5005002021789551,0,0,0.2591193914413452,0
32f991e64870da55f30028f559545973,34,1,0.5029957890510559,1,0,0.03228171169757843,0,1,0.5116033554077148,1,0,0.5520750880241394,0,1,0.8407813906669617,0
330c8fe642a041f281f7e7cad8ac2f7c,34,1,0.48448410630226135,0,0,0.13322867453098297,0,0,0.9002771973609924,1,0,0.5810365080833435,0,0,0.7080720663070679,0
3313b32f4a3d416440ef4509591ecc68,34,0,0.2718554139137268,0,0,0.012543933466076851,0,0,0.08906174451112747,0,0,0.33369287848472595,0,0,0.0782274529337883,0
331d6f73321a73102327f7cff11ec842,34,0,0.6742478609085083,1,0,0.5402757525444031,1,0,0.47645360231399536,1,0,0.4804688096046448,0,0,0.2832716703414917,0
331dd7060c9d960473535fdd82355bb0,34,0,0.4058908224105835,0,0,0.07036332786083221,0,0,0.335227370262146,0,0,0.862043559551239,1,0,0.4007275104522705,0
33218cf183c1224a74ccfb514e827e15,34,1,0.7949516177177429,1,0,0.012913694605231285,0,0,0.8088666200637817,1,0,0.6016241908073425,0,0,0.23149706423282623,0
333feefeb39e5d2df1e5de640c82a9a4,34,0,0.2666207253932953,0,0,0.05776190385222435,0,0,0.02911505103111267,0,0,0.08929378539323807,0,0,0.0445626936852932,0
33475eb6c08efe5e59c243813d3df10e,34,0,0.40593278408050537,0,0,0.028757652267813683,0,0,0.2196032702922821,0,0,0.290107786655426,0,0,0.40659821033477783,0
33710a9edd291057f356433bcb50a632,34,0,0.37379470467567444,0,0,0.1269613355398178,0,0,0.13202856481075287,0,0,0.28996455669403076,0,0,0.21892189979553223,0
33a621bb6474d8000c932ce489c4f734,34,0,0.319720059633255,0,0,0.5231674313545227,1,0,0.14704366028308868,0,0,0.16001930832862854,0,0,0.13636544346809387,0
33c4b9d23a829868e1418362e4d94500,34,0,0.5505539774894714,1,0,0.03088495135307312,0,1,0.47758421301841736,1,0,0.6586738228797913,0,0,0.566699743270874,0
33d6c3efe631dbef8424df136efa9412,34,1,0.5930330753326416,1,0,0.02332405559718609,0,0,0.35929644107818604,0,0,0.32477542757987976,0,0,0.2533780038356781,0
33e9093de7567d13466efefda65aa682,34,0,0.3832060396671295,0,0,0.018344499170780182,0,0,0.0881924033164978,0,0,0.2761388421058655,0,0,0.13284556567668915,0
33ea04bbc65df11ddd004fbabc94b193,34,0,0.6128336787223816,1,1,0.9827725887298584,1,0,0.7039300799369812,1,0,0.3167154788970947,0,0,0.47777771949768066,0
33ef8fbf5f60047d375274a0a612119e,34,0,0.3318520784378052,0,0,0.1674133688211441,0,0,0.17509406805038452,0,0,0.34334102272987366,0,0,0.247070774435997,0
33fb234fc2ad20c92d1a556d7c3eb916,35,1,0.5938979387283325,1,0,0.08381395787000656,0,1,0.9120032787322998,1,0,0.6106368899345398,0,0,0.33861207962036133,0
3401e0a653e4b1489ce0d770c0f3748b,35,0,0.2140999436378479,0,0,0.0022363916505128145,0,0,0.07223531603813171,0,0,0.29490506649017334,0,0,0.09178883582353592,0
341f942a70c16113f7b1c93c9ca9afb1,35,0,0.5935549736022949,1,0,0.7711068987846375,1,0,0.3362596035003662,0,0,0.24315185844898224,0,0,0.3047630786895752,0
342ac977b5591f53b37f9fcce27bfa2c,35,0,0.665330171585083,1,1,0.8317549228668213,1,0,0.8096510171890259,1,0,0.7044510841369629,1,0,0.7277794480323792,0
342f1081f906354b4cca70450b27d32a,35,0,0.3364083170890808,0,0,0.5599929690361023,1,0,0.2030271589756012,0,0,0.3941612243652344,0,0,0.08614577353000641,0
3457c18599e510d039aa44c4c3d56e3c,35,0,0.4469083249568939,0,0,0.10682907700538635,0,0,0.19686557352542877,0,0,0.4732142388820648,0,0,0.4190860688686371,0
35140570aec20f94b22429d00dc142e9,35,0,0.39256614446640015,0,0,0.010408417321741581,0,0,0.25516316294670105,0,0,0.4113514721393585,0,0,0.8673475980758667,0
352ec28500e57fa5c87183f1eb83ffa0,35,0,0.4697002172470093,0,0,0.3876071870326996,1,0,0.1933976113796234,0,0,0.22774626314640045,0,0,0.34553763270378113,0
3533a82817c5bba65a24f2799679fb50,35,0,0.6167514324188232,1,0,0.01701154001057148,0,0,0.10634009540081024,0,0,0.342821329832077,0,0,0.23390740156173706,0
35360687c230a5851d43ee95597d7b71,35,0,0.5141550898551941,1,0,0.5526813268661499,1,0,0.3369171619415283,0,0,0.40146538615226746,0,0,0.1046152412891388,0
353d7e4d7a4434ce27c7de1cd151423b,35,1,0.6269782781600952,1,0,0.0719669908285141,0,0,0.751362681388855,1,0,0.4127955436706543,0,0,0.6659395694732666,0
3540f15d1d45917683cfc818416099ab,35,0,0.36795368790626526,0,0,0.6557391881942749,1,0,0.25793492794036865,0,0,0.34586089849472046,0,0,0.10177065432071686,0
35a7775073c28080ee57ce23585cf17b,35,0,0.34533780813217163,0,0,0.0038097372744232416,0,0,0.26730430126190186,0,0,0.28546762466430664,0,0,0.7980092763900757,0
35d9d826e89a38a66484430f6ebf85c9,35,0,0.40027284622192383,0,0,0.030257700011134148,0,0,0.08774793148040771,0,0,0.16856375336647034,0,0,0.03832723945379257,0
3600f42e5ab24a48e561618b5ecc125e,35,1,0.42607495188713074,0,1,0.22378632426261902,0,0,0.3454446494579315,0,0,0.5206271409988403,0,0,0.08561555296182632,0
360d0940a6a47185b8fea2eccf1d639f,35,0,0.3328801989555359,0,0,0.009378182701766491,0,0,0.12482206523418427,0,0,0.6080442070960999,0,0,0.21506918966770172,0
360dbf51ef9e2c43f06cf3a853dffa3c,36,0,0.7059608101844788,1,0,0.0656282976269722,0,0,0.44104671478271484,1,0,0.5430236458778381,0,0,0.1315401792526245,0
3658d0751f708f6676dce25b328dccca,36,0,0.43399617075920105,0,0,0.0036833547055721283,0,0,0.1641225516796112,0,0,0.2822207510471344,0,0,0.2728210687637329,0
366fb4e84d6940ea74267b32edbd1311,36,0,0.7281482219696045,1,0,0.40626782178878784,1,0,0.5921688675880432,1,0,0.14591412246227264,0,0,0.09045751392841339,0
367d407eeafceb8dd55ee11f7e52b3d7,36,0,0.31666186451911926,0,0,0.17338202893733978,0,0,0.21210061013698578,0,0,0.402720183134079,0,0,0.5735104084014893,0
3685798c0a54f17473262707013b594f,36,0,0.4209153950214386,0,0,0.2636868953704834,0,0,0.38181060552597046,0,0,0.3728944957256317,0,0,0.6856825351715088,0
3689f084f7fa4d0f6336cca39a224f22,36,0,0.19105947017669678,0,0,0.07000850141048431,0,0,0.10152174532413483,0,0,0.22112318873405457,0,0,0.2151118814945221,0
36a77e1a171a23bfd214fe07fc90ea2b,36,0,0.4038088023662567,0,0,0.16863436996936798,0,0,0.3412870168685913,0,0,0.5119010210037231,0,0,0.3637140691280365,0
36aa7cdf317c33edc514ef43814d4c9b,36,0,0.3510407507419586,0,0,0.04482973739504814,0,0,0.07098075747489929,0,0,0.1481693536043167,0,0,0.11614713817834854,0
36aec3c16185942a4925ed5f272156b1,36,1,0.5517447590827942,1,0,0.050467148423194885,0,1,0.810425341129303,1,0,0.9425739049911499,1,1,0.8476768732070923,0
36b6cdc7fa471226b319816a0935d9a3,36,0,0.381350576877594,0,0,0.316867858171463,0,0,0.24565300345420837,0,0,0.316943496465683,0,0,0.12718485295772552,0
36b6d2736b8b2ec5e60686e06a7199f8,36,0,0.7551758885383606,1,1,0.2181677669286728,0,0,0.8113769292831421,1,0,0.35816487669944763,0,0,0.5770027041435242,0
36b6d5f8f49d605ee5f27fbd80b96d5a,36,0,0.3503270447254181,0,0,0.006887997034937143,0,0,0.07999639958143234,0,0,0.2349686175584793,0,0,0.16738148033618927,0
36cb07063dd0f4f649e5f478d3ec2c72,36,0,0.36503836512565613,0,0,0.7618013024330139,1,0,0.4881727397441864,1,0,0.3607655167579651,0,0,0.7694587111473083,0
36cd56c10616e2089c21010d73d0df3b,36,0,0.3112329840660095,0,0,0.003135890932753682,0,0,0.09519299864768982,0,0,0.4917445182800293,0,0,0.3122525215148926,0
36eaf06f68d1f5eb34e2247a5ffabdb6,36,0,0.45946425199508667,0,0,0.030630921944975853,0,1,0.20521757006645203,0,0,0.7809162139892578,1,1,0.02560972049832344,0
36fc763ac49338f190eeb00404783331,36,0,0.6060625910758972,1,1,0.9378877878189087,1,0,0.4916124939918518,1,0,0.2695780396461487,0,0,0.1924222856760025,0
36ffc780ab3e684e32802143790e5ee1,37,0,0.45625996589660645,0,0,0.024336477741599083,0,0,0.1886313110589981,0,0,0.2723141014575958,0,0,0.041366059333086014,0
375230098adb78e73b6d162c9e30acd6,37,0,0.28299248218536377,0,0,0.053619008511304855,0,0,0.15156498551368713,0,0,0.28559404611587524,0,0,0.08495783060789108,0
378c5843d109c9f0bd82baa85b15dac8,37,0,0.3387739360332489,0,0,0.16682621836662292,0,0,0.18598303198814392,0,0,0.3417504131793976,0,0,0.15279197692871094,0
379350d6cca599b6a09c5387c9160aad,37,0,0.4954327642917633,0,0,0.18196140229701996,0,0,0.4672570526599884,1,1,0.8391987681388855,1,1,0.871632993221283,1
37bf1c43895b0e72e6e6c4de3040bfeb,37,0,0.8059602975845337,1,0,0.24080348014831543,0,1,0.622029721736908,1,0,0.2997596263885498,0,0,0.4786594808101654,0
37c489f4e9b80a82bfec581082e14dd2,37,0,0.49983447790145874,0,0,0.12965582311153412,0,0,0.2456561177968979,0,0,0.4299739599227905,0,0,0.09176133573055267,0
37e7deb1b1895f2d2648781e426a3460,37,0,0.413796067237854,0,0,0.5344446301460266,1,0,0.21184132993221283,0,0,0.2585447132587433,0,1,0.3173287510871887,0
37f45b3477ae15855f96dbe3f1f7f9c0,37,0,0.36300861835479736,0,0,0.7192808389663696,1,0,0.29989689588546753,0,0,0.32499030232429504,0,0,0.13595783710479736,0
3826548c8fedb944bee4f6eaa5c2090e,37,0,0.3693274259567261,0,0,0.29295921325683594,0,0,0.2598553001880646,0,0,0.41199278831481934,0,0,0.4121725261211395,0
384ee8c20076c44adbe60bfe7e805869,37,0,0.5862433910369873,1,0,0.3423524498939514,0,0,0.47069141268730164,1,0,0.4475671648979187,0,0,0.31924283504486084,0
3857dfdfba3a8a401121776389818b72,37,0,0.47824856638908386,0,0,0.11455893516540527,0,0,0.48195698857307434,1,0,0.6397687196731567,0,0,0.7776209712028503,0
3873c2297c6f237f67defb7ef1243a3a,37,0,0.7935923933982849,1,0,0.45243412256240845,1,0,0.5317146182060242,1,0,0.20246140658855438,0,0,0.05675690621137619,0
38ad783850c6ef47e04130ae94af93df,37,0,0.5159906148910522,1,0,0.014317132532596588,0,0,0.3241729140281677,0,0,0.24074214696884155,0,0,0.6129381060600281,0
38ca9de33c512c71aa3094a151dd5368,37,0,0.3781780004501343,0,0,0.006547076627612114,0,0,0.2467554658651352,0,0,0.42133909463882446,0,0,0.6927004456520081,0
38d2d9277b7de0d843bb1b283e6814e9,37,0,0.26998063921928406,0,0,0.017974549904465675,0,0,0.21607434749603271,0,0,0.6266922354698181,0,0,0.5444621443748474,0
38d60e4b63eeca0de18a1539dc527c93,37,0,0.22679126262664795,0,0,0.0044838255271315575,0,0,0.088947594165802,0,0,0.3680214583873749,0,0,0.07717087119817734,0
38fc380de74d2102e2087e7ba889fd44,38,0,0.5725420713424683,1,0,0.24308538436889648,0,0,0.1858510673046112,0,0,0.40329140424728394,0,1,0.40426596999168396,0
39077a997b195cfedd2287c9e9476b38,38,0,0.6188569664955139,1,1,0.251426637172699,0,0,0.4536947011947632,1,0,0.5591251850128174,0,0,0.15120096504688263,0
3919111229e688f20ec426237af05162,38,0,0.2980425953865051,0,0,0.007638204377144575,0,0,0.10680896043777466,0,0,0.41491571068763733,0,0,0.36378392577171326,0
395f2f015b69bcf2e58fcba55ecb6793,38,1,0.7052775621414185,1,0,0.04564254358410835,0,0,0.314142107963562,0,0,0.3090243935585022,0,0,0.03389126434922218,0
3975d9bd8377d6cbf2fa92ca2efcfc39,38,0,0.428989052772522,0,0,0.5671704411506653,1,0,0.28189709782600403,0,0,0.5492008328437805,0,0,0.3098292052745819,0
3980fbd0f4f131b672d5dac9b4b044a0,38,0,0.2946382164955139,0,0,0.1887054592370987,0,0,0.15004326403141022,0,0,0.14740386605262756,0,0,0.5008279085159302,0
39949d5d2d8855e391b87d8a932b5aaf,38,1,0.5266063213348389,1,0,0.012464254163205624,0,0,0.5126996636390686,1,1,0.9281916618347168,1,0,0.5688050389289856,0
39af4d0dbe33277af4520b6bdee5e1b2,38,0,0.3640928566455841,0,0,0.0013030115514993668,0,0,0.2026057243347168,0,0,0.4391564428806305,0,0,0.5695902705192566,0
39bd0688c096acd60756fc1a7ea39c3b,38,0,0.35358381271362305,0,0,0.32285168766975403,0,0,0.17245648801326752,0,0,0.5069255828857422,0,0,0.21637484431266785,0
39c1050099b63c29f6140e4eea23f8af,38,0,0.4053574502468109,0,0,0.012840009294450283,0,0,0.2499765157699585,0,0,0.3846679627895355,0,0,0.26880916953086853,0
39c48b218f46e9448e1f877de440faec,38,0,0.44658148288726807,0,0,0.3948163688182831,1,0,0.4064493179321289,0,0,0.1547212302684784,0,0,0.19216737151145935,0
39d9ea42feb3af75ef0ea3dd91e7e1f5,38,0,0.389414519071579,0,0,0.6292350888252258,1,0,0.2953789234161377,0,0,0.19664840400218964,0,0,0.20941147208213806,0
39ec5d4083b0ece455f7e87381bbc0a1,38,0,0.43707525730133057,0,0,0.11685868352651596,0,0,0.234336718916893,0,0,0.5556647181510925,0,0,0.5826051831245422,0
39fb994092b2b3b96068fe06724af10e,38,0,0.31330031156539917,0,0,0.014349985867738724,0,0,0.21891549229621887,0,0,0.3091336190700531,0,0,0.22326035797595978,0
3a0135174fe1bec08b8318fba4aa951c,38,0,0.5262764096260071,1,0,0.7488310933113098,1,0,0.4413470923900604,1,0,0.2560252547264099,0,0,0.4113049805164337,0
3a14159e53495689a8b21a371aa54ef7,38,0,0.46988505125045776,0,0,0.06179817020893097,0,0,0.47995811700820923,1,0,0.4036645293235779,0,0,0.08048006147146225,0
3a443e2a67c5b0956e461a7fb853bf9e,39,0,0.589455783367157,1,0,0.056885067373514175,0,0,0.165334552526474,0,0,0.10973191261291504,0,0,0.026226595044136047,0
3a515d9ba5419a9f35dc382017d5e98e,39,0,0.39441871643066406,0,0,0.006659505423158407,0,0,0.1772533506155014,0,0,0.446002334356308,0,0,0.4333593547344208,0
3aa53ed6b890f65e41d2d359912626dd,39,0,0.4095952808856964,0,0,0.7922766208648682,1,0,0.28323566913604736,0,0,0.3102204203605652,0,0,0.5837159156799316,0
3aaaa45a86fd160e7c9907b98b8b6c79,39,0,0.4337419271469116,0,0,0.5873192548751831,1,0,0.20083238184452057,0,0,0.7320664525032043,1,0,0.3811738193035126,0
3aaefe9e6128e0b34d206e0c86ef3e9c,39,0,0.47335702180862427,0,1,0.34683671593666077,0,0,0.4494490921497345,1,0,0.7766023874282837,1,0,0.6412686109542847,0
3ad213b03c666ce943479e847e102035,39,0,0.4824373424053192,0,0,0.06869766861200333,0,0,0.15284867584705353,0,0,0.2683500349521637,0,0,0.07972873002290726,0
3ad9881c5d75a15454c6c9336362fd46,39,0,0.31648436188697815,0,0,0.014147105626761913,0,1,0.18717285990715027,0,1,0.3221589922904968,0,0,0.33337607979774475,0
3b55e52750fa2737857d05526f196b18,39,0,0.23129017651081085,0,0,0.0036180377937853336,0,0,0.15147899091243744,0,0,0.3061482608318329,0,0,0.42003533244132996,0
3b5957a38160102563037a3769a383be,39,1,0.8494894504547119,1,1,0.9018656015396118,1,1,0.9541914463043213,1,0,0.4992733895778656,0,0,0.22136422991752625,0
3b68bc60f5353a7f3a8c30a99ed5cc3f,39,0,0.5089634656906128,1,0,0.016505056992173195,0,0,0.24641774594783783,0,0,0.6256864666938782,0,0,0.735749363899231,0
3b742aa4d975709f2dada47203639704,39,0,0.22573263943195343,0,0,0.013741938397288322,0,0,0.13723240792751312,0,0,0.31061750650405884,0,0,0.15072771906852722,0
3b74377f53c13dcfcb252294fbc70dde,39,0,0.5207961201667786,1,1,0.2147567719221115,0,0,0.35433706641197205,0,0,0.3760698437690735,0,0,0.0780639722943306,0
3b9dc61181ac4c1d78d2ad1431a75a9e,39,0,0.38088613748550415,0,0,0.14395561814308167,0,0,0.19613629579544067,0,0,0.34775853157043457,0,0,0.1072186827659607,0
3ba1428b5a468133d0b75b0418514c23,39,0,0.27883872389793396,0,0,0.02270706184208393,0,0,0.2754491865634918,0,0,0.2670288681983948,0,0,0.4290602207183838,0
3bbdbcb655e1cedc451d96b4ab3cf4e0,39,0,0.7721428275108337,1,1,0.6572271585464478,1,0,0.7712316513061523,1,0,0.35530054569244385,0,0,0.28248950839042664,0
3bde9f07f146da27d795709456f6ab17,39,0,0.36524635553359985,0,0,0.1392543464899063,0,0,0.13899920880794525,0,0,0.29119011759757996,0,0,0.3313949704170227,0
3be17a7a8e451ec0fb71ef3b8efa9425,40,0,0.5564819574356079,1,0,0.01910526677966118,0,0,0.18963834643363953,0,0,0.08686178177595139,0,0,0.03874565288424492,0
3beb39b65b26ffb9b93e9f12dd5f07d0,40,1,0.49856528639793396,0,0,0.07965174317359924,0,0,0.5256282091140747,1,1,0.7633680701255798,1,1,0.6243442296981812,0
3c0da76eb43946a1f718198ef00bea1a,40,0,0.3656359314918518,0,0,0.39577552676200867,1,0,0.14003528654575348,0,0,0.3126510977745056,0,0,0.07765981554985046,0
3c134ccada9f182596bf6107b0dabb8d,40,0,0.22833466529846191,0,0,0.0006190947606228292,0,0,0.11194786429405212,0,0,0.5047221779823303,0,0,0.27789807319641113,0
3c22b17493566a9bca5ac33f0cd0b42f,40,0,0.4116836190223694,0,1,0.079181008040905,0,0,0.3418411314487457,0,0,0.6821211576461792,1,0,0.8624706864356995,0
3c2cf7dee8ad4b5b2921c65cc2524ce6,40,0,0.5213779211044312,1,1,0.06103760376572609,0,0,0.583522617816925,1,0,0.49424880743026733,0,0,0.831741452217102,0
3c40a353f341731f92fbfe963242e4e7,40,0,0.6785306334495544,1,0,0.12728701531887054,0,0,0.592566192150116,1,0,0.3375924229621887,0,0,0.6870665550231934,0
3c4375177b66fa5e8914d22b1556dd48,40,0,0.29523494839668274,0,0,0.0013245675945654511,0,0,0.06769769638776779,0,0,0.2838388681411743,0,0,0.02707449160516262,0
3c507def3894eeaba8be81a1e2cf1f38,40,1,0.5957555174827576,1,1,0.893002450466156,1,0,0.6564997434616089,1,0,0.35956060886383057,0,0,0.49191540479660034,0
3c620ca6be5c87ad9f167e85b43defc2,40,0,0.27148571610450745,0,0,0.1630387157201767,0,0,0.22690905630588531,0,0,0.4830559194087982,0,0,0.23479732871055603,0
3c6f70f56258cad13d74e7f17da1c7c5,40,0,0.5922420620918274,1,0,0.7501892447471619,1,0,0.49209287762641907,1,0,0.5420774817466736,0,0,0.24124982953071594,0
3c8a5906888ab86560daf594daf3b3c2,40,0,0.3615880310535431,0,0,0.5705878138542175,1,0,0.28021037578582764,0,0,0.5076228976249695,0,0,0.2815111577510834,0
3c948bc922d30f6c7ed39df29f5cd989,40,0,0.6893264651298523,1,0,0.4177073538303375,1,0,0.3430294692516327,0,0,0.1419461965560913,0,0,0.030519424006342888,0
3ca907c03b1409d8a703591f6ca7882e,40,0,0.41697922348976135,0,0,0.19954802095890045,0,0,0.4229848384857178,0,0,0.34704142808914185,0,0,0.49853694438934326,0
3cb7123b676ed1963d77850bfe185482,40,0,0.463467001914978,0,0,0.1627034842967987,0,0,0.2497987300157547,0,0,0.2944296598434448,0,0,0.3040887415409088,0
3cc3637e5b01e1fb105326b58dfc7fa2,40,0,0.5074757933616638,1,0,0.0933096632361412,0,0,0.16098445653915405,0,0,0.4053869843482971,0,0,0.2565951943397522,0
3cc51f95d2d193e231d6cdab5b423243,41,0,0.2379082888364792,0,0,0.008461530320346355,0,0,0.06828468292951584,0,0,0.2750978469848633,0,0,0.16588225960731506,0
3ccbd8fd3eadbf3f0bef8e091a5ea5b5,41,0,0.6287283897399902,1,0,0.30875739455223083,0,0,0.2738335132598877,0,0,0.3889341652393341,0,0,0.3423073887825012,0
3cdcf9e3f1b8d011d20f4c1c779851ee,41,0,0.3536975383758545,0,0,0.15745176374912262,0,0,0.46156495809555054,1,0,0.22481687366962433,0,0,0.26216909289360046,0
3cfb5f7af41ff012658cb64ebf82e84f,41,0,0.6408659219741821,1,1,0.7964019179344177,1,0,0.7409080266952515,1,0,0.6667827367782593,0,0,0.5093698501586914,0
3cfc0bb78ca18773c9ec91ad9bbe3d4d,41,0,0.2900311350822449,0,0,0.11868076026439667,0,0,0.09371232241392136,0,0,0.2920987010002136,0,0,0.15398338437080383,0
3cff8dcf3354f5ed794061627d7d24a7,41,0,0.2912607192993164,0,0,0.316425621509552,0,0,0.15344281494617462,0,0,0.21462391316890717,0,0,0.2388165146112442,0
3d26f5e39259810fb7a332f50bd9d867,41,0,0.5960657596588135,1,0,0.5245525240898132,1,0,0.4285804331302643,0,0,0.27386942505836487,0,0,0.1546684056520462,0
3d281a2a2c78f8e0713166ed125a183a,41,0,0.6677684187889099,1,0,0.3555876612663269,0,0,0.2900700271129608,0,0,0.1291198432445526,0,0,0.04152582585811615,0
3d31da3e8d49304c7752e3522b0e3a9f,41,0,0.7082805037498474,1,0,0.04407103359699249,0,0,0.34060847759246826,0,0,0.5059965252876282,0,0,0.1391689032316208,0
3d4c07ae432d5834781d532d833d75ac,41,0,0.580535888671875,1,0,0.13267405331134796,0,0,0.3852524161338806,0,0,0.43727561831474304,0,0,0.46247926354408264,0
3d53b9b699cfec21262399ebd558f2cf,41,0,0.44967371225357056,0,0,0.44446176290512085,1,0,0.488781213760376,1,0,0.3670612573623657,0,0,0.21070945262908936,0
3d718e505b0ee17de0f2e821eba38eef,41,0,0.26002946496009827,0,0,0.008558031171560287,0,0,0.0843687579035759,0,0,0.27934083342552185,0,0,0.03107495792210102,0
3d88da32e0b7971e4f1bb1aa684a038a,41,1,0.6365162134170532,1,1,0.11778798699378967,0,0,0.6039512157440186,1,1,0.7462142705917358,1,0,0.5086931586265564,0
3d91a84170a65127a0d998987962dd07,41,0,0.4317229390144348,0,0,0.011062082834541798,0,0,0.32229432463645935,0,0,0.4557752311229706,0,0,0.7861328721046448,0
3d92749a082bc9206b4ba07779853e00,41,0,0.32775944471359253,0,0,0.1528405100107193,0,0,0.2161492556333542,0,0,0.26059290766716003,0,0,0.5400885343551636,0
3db534bf69409b385d0278eb677d9b62,41,0,0.3199306130409241,0,0,0.0038187126629054546,0,0,0.3262922167778015,0,0,0.8646990656852722,1,0,0.8353527188301086,0
3db61dfe06d558636a4027e6b35ea820,42,0,0.44003117084503174,0,0,0.43624207377433777,1,0,0.5299903750419617,1,0,0.5319772362709045,0,0,0.41720420122146606,0
3dcc30d354b4502eb28e3dfbc697756b,42,0,0.5018964409828186,1,0,0.0005271961563266814,0,0,0.34075090289115906,0,0,0.47366613149642944,0,0,0.37260007858276367,0
3dd50dfa4f67ff1c2e0fc6af3c165fa6,42,0,0.6012474298477173,1,0,0.25887954235076904,0,0,0.3325999975204468,0,0,0.2638152241706848,0,0,0.5155012607574463,0
3e00c13e8222abbd2c177f4d95d6d718,42,0,0.40751487016677856,0,0,0.8137831091880798,1,0,0.3084808588027954,0,0,0.08292853087186813,0,0,0.01807308755815029,0
3e15991154a164d30bb9fbbb29fe437c,42,0,0.46830517053604126,0,0,0.1177801713347435,0,0,0.4412967562675476,1,0,0.3747929632663727,0,0,0.5086737871170044,0
3e34595ad37ca0b7b2658b09792c9b04,42,0,0.4795985221862793,0,0,0.19520024955272675,0,0,0.24507524073123932,0,0,0.3107379972934723,0,0,0.5142950415611267,0
3e41c27c6bd34d990b4b4c33f9920342,42,0,0.396053284406662,0,0,0.026249676942825317,0,0,0.23038092255592346,0,0,0.23839066922664642,0,0,0.4149048626422882,0
3e86f7a0078799279f334db4074f109e,42,0,0.45208534598350525,0,0,0.010604379698634148,0,1,0.35022878646850586,0,0,0.7519255876541138,1,1,0.5298926830291748,0
3e90adc40cb10bf9f49d34c6d54ba50c,42,0,0.4455552101135254,0,0,0.49513718485832214,1,0,0.18252681195735931,0,0,0.2489459216594696,0,0,0.2456655204296112,0
3ea9f49ba17cbf6865a29bcb8d01b3b6,42,0,0.4737255573272705,0,0,0.20513954758644104,0,0,0.2561149299144745,0,0,0.49045294523239136,0,0,0.5971047878265381,0
3ec25a3d86136b2b3df04179d7118525,42,0,0.35763847827911377,0,0,0.0221246350556612,0,0,0.26470646262168884,0,0,0.2655099928379059,0,0,0.45619457960128784,0
3edd2755894c91c8ab38a9ef7ddb7985,42,0,0.611426591873169,1,0,0.11319521069526672,0,0,0.7476041913032532,1,0,0.3248051106929779,0,0,0.11761678755283356,0
3eeac231c839fbc52b79514b34330663,42,0,0.47109416127204895,0,0,0.7972637414932251,1,0,0.32162022590637207,0,0,0.6335390210151672,0,0,0.21975068747997284,0
3ef5a2d445ede454793f144d462faaab,42,1,0.835157573223114,1,0,0.7085591554641724,1,0,0.545574426651001,1,1,0.7552530765533447,1,0,0.5013259649276733,0
3f1244037d78cc260defbde5720024c2,42,0,0.19587771594524384,0,0,0.05926205962896347,0,0,0.054210834205150604,0,0,0.2331632673740387,0,0,0.06296992301940918,0
3f2dcbb885cf38e7b07d29785d81215e,42,0,0.21550892293453217,0,0,0.0016163652762770653,0,0,0.05954114347696304,0,0,0.6853235363960266,1,0,0.05908920615911484,0
3f311e13697f83d41f55f079232fe7ee,43,0,0.4028261601924896,0,0,0.09069857001304626,0,0,0.2615986466407776,0,0,0.256756991147995,0,0,0.5129346251487732,0
3f51f6bbad915b2d088bdceea490f3ff,43,0,0.5046843886375427,1,0,0.05771886557340622,0,0,0.6049148440361023,1,0,0.7227308750152588,1,1,0.8347073197364807,0
3f6b6e7041b06528c5629fb7de92d61e,43,0,0.23892007768154144,0,0,0.1992877870798111,0,0,0.06526187062263489,0,0,0.17670506238937378,0,0,0.07238278537988663,0
3f6fcfdcea0e6450a2c953c1768f0297,43,0,0.6966559886932373,1,0,0.3447336256504059,0,0,0.29717013239860535,0,0,0.16439193487167358,0,0,0.02567724511027336,0
3f76b4107e59e33bfded211d2f95d4f4,43,0,0.3512580394744873,0,0,0.6774228811264038,1,0,0.18157808482646942,0,0,0.21546687185764313,0,0,0.2879476547241211,0
3fa43c464676da99ca6e09a17a40aa6d,43,0,0.36676013469696045,0,0,0.013130703009665012,0,0,0.3395770788192749,0,0,0.3759651482105255,0,0,0.10107627511024475,0
3fb7243f97d1493015a5f3cb880d8e4a,43,0,0.3794650435447693,0,0,0.0014722273917868733,0,0,0.3754960894584656,0,0,0.7317869067192078,1,0,0.8249399662017822,0
3fc0d536d17610d6811d9c725999e25e,43,0,0.26062628626823425,0,0,0.463105708360672,1,0,0.20852519571781158,0,0,0.5226278901100159,0,0,0.5526390671730042,0
3fd3c7e4f7012ea21a2f8eba496c6748,43,0,0.617094099521637,1,0,0.45816683769226074,1,0,0.4800727069377899,1,0,0.2874976098537445,0,0,0.12663714587688446,0
3fe12c24bee9c864bf65441b49a53d79,43,0,0.5089044570922852,1,0,0.51560378074646,1,0,0.2592255771160126,0,0,0.2825365662574768,0,0,0.04369670897722244,0
3fe3f892de3a3927f933a3d2b20f4ff0,43,0,0.6225215792655945,1,0,0.25273096561431885,0,0,0.4155408442020416,0,1,0.8825993537902832,1,0,0.3471167981624603,0
3ff458f907610a9eae3130e961a8e3f4,43,0,0.5342768430709839,1,0,0.013408099301159382,0,0,0.5358755588531494,1,0,0.4373242259025574,0,0,0.8481555581092834,0
3ffc3654b8342c68038a2249787f87e9,43,0,0.6458780169487,1,0,0.48359793424606323,1,0,0.29720357060432434,0,0,0.2897182106971741,0,0,0.6132402420043945,0
4000dc950b3d2e3065762471378692eb,43,0,0.23300616443157196,0,0,0.0037798353005200624,0,0,0.17746657133102417,0,0,0.25867924094200134,0,0,0.27999451756477356,0
402d2d78d516f7a6899b25ae6f6b7b91,43,0,0.39066603779792786,0,0,0.007759067229926586,0,0,0.11270759254693985,0,0,0.19517870247364044,0,0,0.06748063117265701,0
40393027d73d1c04bb8b5c49044b4526,43,0,0.7626609802246094,1,0,0.3137023448944092,0,0,0.7602393627166748,1,0,0.6886016130447388,1,1,0.13400602340698242,0
40497da14aafc428210b623fc8445288,44,0,0.762443482875824,1,1,0.9347124695777893,1,0,0.7137008309364319,1,0,0.3419681787490845,0,0,0.357139527797699,0
4053e50a3f75691a16343ebf9c7d602d,44,0,0.4609256386756897,0,0,0.5642606616020203,1,0,0.389957457780838,0,1,0.7053162455558777,1,0,0.6151119470596313,0
4055ab5787f624b27978cc8e612e09a0,44,0,0.3456331491470337,0,0,0.14495393633842468,0,0,0.19670218229293823,0,0,0.29949265718460083,0,0,0.28123024106025696,0
407a0f9b955a811bd3dbb459a8ac7576,44,0,0.3026823103427887,0,0,0.016127770766615868,0,0,0.10734625905752182,0,0,0.30836430191993713,0,0,0.3737342357635498,0
40b1af8c67e6b4610dd91b5230cb9115,44,1,0.5370894074440002,1,1,0.11949189007282257,0,0,0.7592076063156128,1,0,0.7664207220077515,1,0,0.8847017884254456,1
40b2a81a852f7138879e5d0ba0a7ebc4,44,0,0.4553646743297577,0,0,0.4025448262691498,1,0,0.2912016808986664,0,0,0.43219488859176636,0,0,0.5761517882347107,0
40cd10b8770cee353b0ae6a8192097ab,44,0,0.4080817997455597,0,0,0.030230525881052017,0,0,0.5201780200004578,1,0,0.3583146035671234,0,0,0.638372004032135,0
40e58b0a128f657aec8d842c93ce17de,44,0,0.36241647601127625,0,0,0.04918251931667328,0,0,0.3971720337867737,0,0,0.35070890188217163,0,0,0.34797388315200806,0
40fb4c33b5cd086ae3eb5a38a6079fa2,44,1,0.8313326835632324,1,0,0.034635696560144424,0,0,0.30281707644462585,0,0,0.8708866834640503,1,0,0.052095700055360794,0
410d67ef44a7845ca56750960a4b6fed,44,0,0.5319213271141052,1,0,0.04691540449857712,0,0,0.23728910088539124,0,0,0.40129393339157104,0,0,0.11005742847919464,0
4112f6a0a3a7509212801f2b3132dfda,44,0,0.40417784452438354,0,0,0.319937139749527,0,0,0.18828509747982025,0,0,0.24111999571323395,0,0,0.14068548381328583,0
41143299da79b12a5a6d8c4456c68aa7,44,0,0.40030041337013245,0,1,0.8950572609901428,1,0,0.4536018669605255,1,0,0.3761606812477112,0,0,0.1477895826101303,0
411760e414f0c79aab25be4a934c49e1,44,0,0.39650583267211914,0,0,0.2761521339416504,0,0,0.22601616382598877,0,0,0.29880794882774353,0,0,0.14348603785037994,0
4142d115b7a7ce897049a13509e2eb37,44,0,0.45145633816719055,0,0,0.01667996495962143,0,0,0.2730062007904053,0,0,0.20157456398010254,0,0,0.18607363104820251,0
415bbe6901d71d5065322601c47544df,44,0,0.2924061417579651,0,0,0.002358692232519388,0,0,0.04562724754214287,0,0,0.16037482023239136,0,0,0.0723809003829956,0
415fe8e39c0546ff191f8e33888f09d4,44,0,0.29900577664375305,0,0,0.00904753152281046,0,0,0.2822107970714569,0,0,0.274568110704422,0,0,0.39981773495674133,0
419aa74d3b1447debce1775ba7084c29,45,0,0.3433549106121063,0,0,0.02879326604306698,0,0,0.07951660454273224,0,0,0.2621404826641083,0,0,0.1466073840856552,0
41d4c2e74a9e1a602539687646bb1851,45,0,0.31879758834838867,0,0,0.013400595635175705,0,0,0.08305774629116058,0,0,0.16322942078113556,0,0,0.08942774683237076,0
41e182efd77dc26282b2fffb91ddea9c,45,0,0.686388373374939,1,1,0.07065252959728241,0,0,0.5426259636878967,1,0,0.40349921584129333,0,0,0.6531354784965515,0
42182063da0162c48411742e08e48d2c,45,0,0.32301172614097595,0,0,0.002879953943192959,0,0,0.33359023928642273,0,0,0.673210084438324,0,0,0.5881088972091675,0
421efe81b01f6724524502d4337d9435,45,0,0.43005040287971497,0,0,0.4077411890029907,1,0,0.17791606485843658,0,0,0.2978452444076538,0,0,0.08817676454782486,0
4237ca5336f5d9aae908608e00b0ff4b,45,0,0.4162318706512451,0,0,0.022901402786374092,0,0,0.1671687215566635,0,0,0.43208611011505127,0,0,0.3908577561378479,0
42480dff233be45d4fdca62069ea267f,45,0,0.629939615726471,1,0,0.36926981806755066,1,0,0.3613412380218506,0,0,0.3729747533798218,0,0,0.1556907594203949,0
42866ae76e629e8a612a5898ad377afb,45,0,0.39489924907684326,0,0,0.13719123601913452,0,0,0.11594279855489731,0,0,0.4847865104675293,0,0,0.06399737298488617,0
4293c777d8e33cc6d4d6d7f2c72ff43f,45,0,0.3316376805305481,0,0,0.16936276853084564,0,0,0.18191325664520264,0,0,0.4500988721847534,0,0,0.5009333491325378,0
42a70465f4b5859407233bb00aa64e7a,45,0,0.3365499973297119,0,0,0.08027531206607819,0,0,0.3349531590938568,0,0,0.13525673747062683,0,0,0.2257295846939087,0
42d7070a36e7edfa295f9aea2f472e6b,45,0,0.3227667212486267,0,0,0.531615674495697,1,0,0.32314714789390564,0,0,0.3251928985118866,0,0,0.3038932681083679,0
42da2c134b53cb5594774d3d29faac59,45,0,0.47291991114616394,0,1,0.7855629920959473,1,0,0.39654630422592163,0,0,0.5811219811439514,0,0,0.3887858986854553,0
42f425197ab0ba67f0ec8da9d9f57c9f,45,0,0.65205317735672,1,0,0.009025847539305687,0,0,0.7273147702217102,1,0,0.41989487409591675,0,0,0.6921547055244446,0
4317ccff1c5ab145abf05130c49402b0,45,0,0.4667547643184662,0,0,0.5986121296882629,1,0,0.3229924738407135,0,0,0.45002755522727966,0,0,0.13059143722057343,0
4336126559df623f417e0cce8658d834,45,1,0.7041684985160828,1,1,0.1298496276140213,0,1,0.9047842025756836,1,0,0.7302213311195374,1,0,0.2097032517194748,0
435ab3812fb181923346ede78dd5b9a1,45,0,0.5611127614974976,1,0,0.2096163034439087,0,0,0.19049540162086487,0,0,0.2790614664554596,0,0,0.5273686051368713,0
435c653f95dd47326063ff145a0fa82e,46,1,0.6975249648094177,1,0,0.04176197201013565,0,0,0.8490614891052246,1,0,0.8428717851638794,1,1,0.4476282596588135,0
436088e347319cbffc494a8d24005299,46,0,0.45146700739860535,0,0,0.47443893551826477,1,0,0.3602190315723419,0,0,0.6877954006195068,1,0,0.22103819251060486,0
436bfe4e723272edcfe1cd8c85bd37a0,46,0,0.23642119765281677,0,0,0.06981202960014343,0,0,0.2542228102684021,0,0,0.4331507086753845,0,0,0.2699569761753082,0
4378b6e8a912d95d9eadeff7b3b9a48e,46,0,0.7270258665084839,1,0,0.2581162452697754,0,0,0.41824743151664734,0,0,0.26469090580940247,0,0,0.03849682956933975,0
439dc69a4c208bef639794335fc7e8aa,46,1,0.6117796897888184,1,1,0.5771874189376831,1,0,0.5917631983757019,1,1,0.6342807412147522,0,0,0.5252646803855896,0
43a5c26c8ab3300f0848b4b1ebb197f6,46,0,0.47391295433044434,0,0,0.06641402840614319,0,1,0.4369409382343292,1,1,0.5763218998908997,0,0,0.7712990641593933,0
43e2eabebfa4a1545c0d5520a7435ca3,46,0,0.5056579113006592,1,0,0.1013716608285904,0,0,0.5070219039916992,1,0,0.255289763212204,0,0,0.4971388876438141,0
43f22c9287a262c3621ee246b6153a1b,46,0,0.2783777117729187,0,0,0.01448783092200756,0,0,0.3943673372268677,0,0,0.3810138404369354,0,0,0.3433266282081604,0
43f2bfe06c7c0bed1ea56abd891c46c1,46,0,0.2841186225414276,0,0,0.4207358658313751,1,0,0.20058834552764893,0,0,0.18535976111888885,0,0,0.3290696144104004,0
43f36cac2950bc05f18187f0b1a7670e,46,0,0.5021159052848816,1,0,0.11493635922670364,0,0,0.16733390092849731,0,0,0.5464447736740112,0,0,0.21613265573978424,0
440a93a65ecad8a5b0f77db19d5e8fb4,46,0,0.2995712459087372,0,0,0.018694518133997917,0,0,0.1112971305847168,0,0,0.3940643072128296,0,0,0.4211158752441406,0
4419786026e61be0d0cc38481e6d4a6f,46,0,0.2526036202907562,0,0,0.0069658271968364716,0,0,0.033015310764312744,0,0,0.1328500509262085,0,0,0.023999148979783058,0
441e33ddef587e66391d3560e975b045,46,0,0.6112726926803589,1,0,0.16129180788993835,0,0,0.3413058817386627,0,0,0.5261225700378418,0,0,0.6123979687690735,0
442e1e71a3b1c97fe654fc7439119534,46,0,0.6976709365844727,1,0,0.15536803007125854,0,0,0.4133414626121521,0,0,0.14236196875572205,0,0,0.11390243470668793,0
445968a410422d687217c1f21fddf8b9,46,0,0.3714751899242401,0,0,0.27980679273605347,0,0,0.1327132284641266,0,0,0.3266746699810028,0,0,0.4082139730453491,0
44666fb9bad75f506a8fdff1e34b8fa6,46,0,0.3432510495185852,0,0,0.3456985652446747,0,0,0.17141760885715485,0,0,0.23803088068962097,0,0,0.246963232755661,0
448408b2da910f68f956ba77db83bf7f,47,1,0.533625602722168,1,0,0.024401716887950897,0,0,0.7967044711112976,1,0,0.6617992520332336,0,1,0.7488128542900085,0
449090e7c3df33a02d8f935a57af7f74,47,0,0.5868619084358215,1,0,0.6838716864585876,1,0,0.5096925497055054,1,0,0.41794535517692566,0,0,0.669157862663269,0
44a4ac9c03955122caf8db97ae2fcec6,47,0,0.48721563816070557,0,0,0.6367493867874146,1,0,0.20188115537166595,0,0,0.3502174913883209,0,0,0.4953222870826721,0
44a61046e125f744ab317d7a463fbd9b,47,0,0.1897381842136383,0,0,0.0031842479947954416,0,0,0.07222680002450943,0,0,0.3279162347316742,0,0,0.43735039234161377,0
44e38e19f2d5fa89ebc805b4e4249f4a,47,0,0.45643773674964905,0,0,0.17446810007095337,0,0,0.1831091344356537,0,0,0.2642979919910431,0,0,0.17280665040016174,0
455955fc58bafe84b70a4e92384cc07c,47,0,0.4501526951789856,0,0,0.08868799358606339,0,0,0.2652200162410736,0,0,0.8919395804405212,1,0,0.3874723017215729,0
4567d789f16f8cad11b2e53f4b808256,47,0,0.47523367404937744,0,0,0.031566258519887924,0,0,0.11536719650030136,0,0,0.4406951367855072,0,0,0.12194662541151047,0
456a10d48cab2f63322322daa2c40fde,47,0,0.8457019925117493,1,0,0.25395745038986206,0,1,0.5859344005584717,1,0,0.2546565532684326,0,1,0.03132704272866249,0
458dba2869d82b94f34858fc0e9d420d,47,0,0.4450930058956146,0,0,0.4597966969013214,1,0,0.2622736990451813,0,0,0.5056608319282532,0,0,0.1958397775888443,0
458df830e90722a42a663360024ec00c,47,0,0.3781684339046478,0,0,0.0055408054031431675,0,1,0.5092078447341919,1,0,0.22635114192962646,0,0,0.639339029788971,0
4593b44cd46a5ec9c8f341a16ddcba07,47,0,0.4262307286262512,0,0,0.2684847414493561,0,0,0.11852969229221344,0,0,0.29626020789146423,0,0,0.16344937682151794,0
4597cf072dafa598c3396af5b395da05,47,0,0.3560906648635864,0,0,0.29230383038520813,0,0,0.14049586653709412,0,0,0.43967851996421814,0,0,0.08893066644668579,0
45a67b52deef6d917675de9efcace27d,47,0,0.38697874546051025,0,0,0.14650483429431915,0,0,0.10293179750442505,0,0,0.15294349193572998,0,0,0.036745939403772354,0
45ca9eddff39ca3e252551cc283779d0,47,0,0.42768803238868713,0,0,0.06187945604324341,0,0,0.7395012378692627,1,0,0.3953183889389038,0,0,0.17261627316474915,0
45d1c2d9c830ed7a526cdad0d908397a,47,0,0.38596683740615845,0,0,0.1641160547733307,0,0,0.1904304027557373,0,0,0.3681650161743164,0,0,0.606565535068512,0
45db750ac1e7ebdaaba5b1079f06094a,47,0,0.3496398329734802,0,0,0.0015328644076362252,0,1,0.5367772579193115,1,0,0.5205027461051941,0,0,0.6959768533706665,0
45dbcf1210bda737de385640e0635deb,48,0,0.6751679182052612,1,1,0.8339623808860779,1,0,0.5187888145446777,1,0,0.40720275044441223,0,0,0.4597926437854767,0
45f407b266655c8d3faf9bd6faa9a6d2,48,0,0.4459948241710663,0,0,0.03876757249236107,0,0,0.3505518138408661,0,0,0.7901276350021362,1,1,0.41639918088912964,0
45ffdfc3462f0377ee35ef05e9bf2b9d,48,0,0.311189204454422,0,0,0.021319180727005005,0,0,0.156650111079216,0,0,0.47951003909111023,0,0,0.5827057957649231,0
4601f338b350b816ad50be7c58deed92,48,0,0.1910058856010437,0,0,0.0012467686319723725,0,0,0.018215401098132133,0,0,0.08731237798929214,0,0,0.0023307630326598883,0
460283ce802309a67fab5f8d098cc7f1,48,0,0.7199260592460632,1,1,0.31808537244796753,0,0,0.4962429404258728,1,0,0.37029707431793213,0,0,0.532781720161438,0
461047418073179170ff04527460a0c6,48,0,0.6602107286453247,1,0,0.3634558618068695,1,0,0.7145345211029053,1,0,0.5264748334884644,0,0,0.6863365173339844,0
46670a547d530e18e32a16c6a2d3ce23,48,0,0.6660361886024475,1,0,0.009296814911067486,0,1,0.8241420984268188,1,0,0.49073049426078796,0,0,0.8977245092391968,1
467fb10d9fb7d7816e9086fec5aa86f6,48,0,0.6105019450187683,1,1,0.9789316058158875,1,0,0.5636824369430542,1,0,0.38538968563079834,0,0,0.10510256141424179,0
4688671bef57318e17dadd91a29e1e0a,48,0,0.34686803817749023,0,0,0.02473827265202999,0,0,0.1028369590640068,0,0,0.4181102514266968,0,0,0.08897239714860916,0
46b04770c972a6db13be05221cce609d,48,0,0.3842805325984955,0,0,0.1377689689397812,0,0,0.2246701717376709,0,0,0.6129438877105713,0,0,0.23174430429935455,0
46bf77c01c789723965f6180d1d217b0,48,0,0.3219905197620392,0,0,0.0013563792454078794,0,0,0.16414779424667358,0,0,0.6163367033004761,0,0,0.7359274625778198,0
46f349b7cabf56c2c2d9c1d069f8c564,48,1,0.6794115900993347,1,0,0.025059165433049202,0,0,0.6928064227104187,1,0,0.5619487762451172,0,0,0.39505940675735474,0
472672f4fbd1e5093c54346466ef8b6c,48,0,0.3284231424331665,0,0,0.0468202643096447,0,0,0.29018300771713257,0,0,0.2823026180267334,0,0,0.4318597912788391,0
472737987cecf2846b2f7453ec97a0e4,48,0,0.41652581095695496,0,0,0.309770405292511,0,0,0.28701797127723694,0,0,0.2728264033794403,0,0,0.4102756679058075,0
4736524816401e7b31cfb0cac71d7a8e,48,0,0.45526033639907837,0,1,0.9569457173347473,1,0,0.4032973051071167,0,0,0.22495070099830627,0,0,0.11330170184373856,0
473ad58ee65663186dbab2bcae8cd0a7,48,0,0.525280237197876,1,0,0.38377058506011963,1,0,0.3716428875923157,0,0,0.20902876555919647,0,0,0.21667087078094482,0
474007ded9b6b99e3619a705ef34d0dc,49,0,0.39155980944633484,0,0,0.2549744248390198,0,0,0.1260901391506195,0,0,0.15267719328403473,0,0,0.0912189781665802,0
47415deef1ee1c384eeaa1c58ad56b79,49,0,0.39670348167419434,0,0,0.1559273898601532,0,0,0.31083545088768005,0,0,0.2404910773038864,0,0,0.4923548400402069,0
47437878d27d009dcc9fcda42255c2c8,49,0,0.2598060071468353,0,0,0.2722489833831787,0,0,0.29891183972358704,0,0,0.25315555930137634,0,0,0.4083297848701477,0
475274f175ac0685d9ef2153e5d8e47a,49,0,0.40687599778175354,0,0,0.5809674859046936,1,0,0.23969440162181854,0,0,0.4724704921245575,0,0,0.33028462529182434,0
475405daeac63ae42731ddf2b8a53508,49,0,0.4355084002017975,0,0,0.006791118532419205,0,0,0.18931469321250916,0,0,0.2808621823787689,0,0,0.05938493832945824,0
477e93583988faa67e54d97cc39a8df9,49,0,0.24369540810585022,0,0,0.8535129427909851,1,0,0.19573867321014404,0,0,0.2845641076564789,0,0,0.14227323234081268,0
4783897bac1d991d9a95f8c6bdb14766,49,0,0.6911197304725647,1,0,0.1382874697446823,0,0,0.21469320356845856,0,0,0.04966524988412857,0,0,0.0396517738699913,0
47ce4f0300b152a5d4e22f812f747292,49,0,0.5990868210792542,1,0,0.4172612130641937,1,0,0.448091059923172,1,0,0.6520612239837646,0,0,0.17328520119190216,0
47d8960b72621abb40a2544697b6308f,49,0,0.6379854679107666,1,0,0.3508661687374115,0,0,0.5580068230628967,1,0,0.5705419182777405,0,0,0.3456850051879883,0
47e9bd83458885c6edba8b24a267a392,49,1,0.6100940108299255,1,0,0.01944217085838318,0,1,0.9390174150466919,1,0,0.8790439367294312,1,0,0.7810156345367432,0
48170b1f039b7cd08841af54449b5018,49,0,0.6469297409057617,1,0,0.3570009768009186,0,0,0.48475736379623413,1,0,0.30206793546676636,0,0,0.33390721678733826,0
48bcefd8a7e3b434f5680c174bd80ad4,49,0,0.2621188163757324,0,0,0.03592193126678467,0,0,0.08818715065717697,0,0,0.1814504712820053,0,0,0.1270294189453125,0
48f74b1df20e005b30cd5517ffe91aa4,49,0,0.2938956022262573,0,0,0.17788009345531464,0,0,0.19372819364070892,0,0,0.3096885681152344,0,0,0.36768099665641785,0
48fcc25810228823538d0392877fcce0,49,1,0.4833810329437256,0,0,0.0011052044574171305,0,0,0.3448437452316284,0,0,0.7501570582389832,1,1,0.34400975704193115,0
4910dbe4c6e17a35ed2ba6e7f3d04ef8,49,1,0.41651561856269836,0,0,0.014767012558877468,0,0,0.31969135999679565,0,0,0.4531955420970917,0,0,0.8187130689620972,0
49158aad3ffa8a556c9d4cc8efbcf58c,49,1,0.7386184334754944,1,0,0.032308921217918396,0,0,0.3702259659767151,0,1,0.915111780166626,1,0,0.6971906423568726,0
4924e87f8069a1e4d3bb55f7bbeecdab,50,0,0.1282295435667038,0,0,0.019196566194295883,0,0,0.07833707332611084,0,0,0.3830646276473999,0,0,0.1260911524295807,0
49381febdd648ccc7a190965fe5180bd,50,0,0.7134657502174377,1,1,0.8909542560577393,1,0,0.6706103086471558,1,0,0.19242244958877563,0,0,0.11039960384368896,0
493a7af11aa1a9a1a676aba29e0c6f9d,50,0,0.25755882263183594,0,0,0.007422514259815216,0,1,0.344076544046402,0,0,0.45046713948249817,0,1,0.9452952742576599,1
493d5f75237e5b3ee1846c170a393411,50,0,0.5053039193153381,1,0,0.0332355797290802,0,0,0.5066364407539368,1,1,0.808800458908081,1,1,0.650536298751831,0
494445ea1855b61dbabe65e39f6f6927,50,0,0.39893457293510437,0,0,0.9257999062538147,1,0,0.25225844979286194,0,0,0.18012866377830505,0,0,0.11285767704248428,0
4957a9685207cc3eb8425318dc83fafb,50,0,0.42091014981269836,0,0,0.00998830795288086,0,0,0.25623151659965515,0,0,0.5863175988197327,0,0,0.515209972858429,0
49769691d05ec479aaee410f1553093d,50,1,0.5821908712387085,1,0,0.2912224233150482,0,0,0.5041137933731079,1,1,0.8988125920295715,1,0,0.5542494654655457,0
4983daeac755e646cb10670f26f04168,50,0,0.28928905725479126,0,0,0.06505275517702103,0,0,0.32000651955604553,0,0,0.2716783583164215,0,0,0.2352602332830429,0
4988a69766a1c59921d0b747dab42457,50,1,0.7083311080932617,1,0,0.022856753319501877,0,0,0.2600178122520447,0,0,0.8069389462471008,1,0,0.0844588652253151,0
499855f7f211a8f2a5142182f1c6c177,50,0,0.4175579845905304,0,0,0.4049612879753113,1,0,0.10600350052118301,0,0,0.1394071877002716,0,0,0.11933619529008865,0
49c8db913e71138d6d0bbea0ab047490,50,0,0.28743815422058105,0,0,0.0002628451038617641,0,0,0.0913781076669693,0,0,0.310432493686676,0,0,0.524105966091156,0
49cdb90b456d95c6b522acdbda2305c1,50,0,0.32369887828826904,0,0,0.31058037281036377,0,0,0.26243090629577637,0,0,0.3316071331501007,0,0,0.09790102392435074,0
49ff79c0235064bd067c31148066acf0,50,0,0.5654729604721069,1,0,0.4812522530555725,1,0,0.2007453292608261,0,0,0.4642932415008545,0,0,0.2727492153644562,0
4a3a03c8e79cd72efd984b4fef5c157e,50,0,0.7684066891670227,1,0,0.49101027846336365,1,0,0.6790280342102051,1,0,0.1331796646118164,0,0,0.027697701007127762,0
4a43a19ebccba17f3c1aa3b761298293,50,0,0.8085693717002869,1,1,0.24000850319862366,0,0,0.8148155808448792,1,0,0.35055896639823914,0,0,0.5163834095001221,0
4a6d4be950d20bd987baaabf6a986ab0,50,0,0.2643977403640747,0,0,0.011733713559806347,0,0,0.09171921759843826,0,0,0.40959587693214417,0,0,0.4683668613433838,0
4a78111ddffd59513a73874c9978b3c2,51,1,0.7771957516670227,1,1,0.29773402214050293,0,1,0.9480175375938416,1,1,0.5980129241943359,0,0,0.5104848742485046,0
4a8a7088ed91ca054e7e0d6f36f11a61,51,0,0.38843682408332825,0,0,0.015172075480222702,0,1,0.21419911086559296,0,0,0.3872477114200592,0,1,0.8236221671104431,0
4a8ac39c7a3610502f46ae647da2ef19,51,0,0.4107412099838257,0,0,0.16661396622657776,0,0,0.3469938337802887,0,0,0.44480350613594055,0,0,0.29744431376457214,0
4aa26eed11820103f29614a3a42c2d4e,51,0,0.4304569959640503,0,0,0.002615937264636159,0,1,0.35598722100257874,0,0,0.44872817397117615,0,1,0.7802685499191284,0
4aaa644100b006b907aad188b7cbe342,51,0,0.7440939545631409,1,0,0.759854793548584,1,0,0.35553035140037537,0,0,0.1715603619813919,0,0,0.06695953756570816,0
4aace7806718a917535d92c97eec097c,51,0,0.22001129388809204,0,0,0.4422745108604431,1,0,0.19663174450397491,0,0,0.3912646770477295,0,0,0.28348127007484436,0
4adb2de9973bd84b83298d045891ee3e,51,0,0.4071338176727295,0,0,0.009351233020424843,0,0,0.2813056707382202,0,0,0.350391685962677,0,0,0.33725839853286743,0
4b19ca098b479dd60cc2288ab680e3eb,51,0,0.5703542828559875,1,0,0.7034879326820374,1,1,0.3358478844165802,0,0,0.6223183870315552,0,0,0.6320565342903137,0
4b4c014996678e36fa5aa1d74ff71a1a,51,0,0.5143047571182251,1,0,0.9395391941070557,1,0,0.4625454545021057,1,0,0.37287089228630066,0,0,0.21075184643268585,0
4b4d890639634f5cc8aaefc9fed962ca,51,1,0.5589558482170105,1,0,0.049143142998218536,0,0,0.523088812828064,1,1,0.6384888291358948,0,0,0.6611309051513672,0
4b53f1475d0e4f4b617e7e3cb43bda2c,51,0,0.48028406500816345,0,0,0.6033627390861511,1,0,0.17483103275299072,0,0,0.3996855318546295,0,0,0.12925568222999573,0
4b544911d0421cdc60b42416c296a1eb,51,0,0.37369686365127563,0,0,0.015991495922207832,0,0,0.08583331108093262,0,1,0.2587057650089264,0,0,0.06403840333223343,0
4b60a9073eca2b480adde9c58e337d1a,51,0,0.3961769640445709,0,0,0.029520003125071526,0,0,0.3234255015850067,0,0,0.5426554083824158,0,0,0.38985538482666016,0
4b75a96397735f1435c1414abcb6b9ec,51,0,0.28131601214408875,0,0,0.05493990704417229,0,0,0.07760174572467804,0,0,0.13139179348945618,0,0,0.010430444031953812,0
4b7e11251461edb6c46b6acb16583eb2,51,0,0.4317070245742798,0,0,0.0030298999045044184,0,0,0.2793685495853424,0,0,0.7833284735679626,1,1,0.7260589599609375,0
4b81d215ee6e2cb1d59cd812475c0172,51,0,0.44549572467803955,0,0,0.05562577024102211,0,0,0.18866826593875885,0,0,0.18780210614204407,0,0,0.05210535228252411,0
4b848db9936cee0aa033439f83426f91,52,0,0.5224598050117493,1,0,0.25909873843193054,0,0,0.20461061596870422,0,0,0.24309585988521576,0,0,0.0833798348903656,0
4b8cfc33da08ab5309230eeeda306d3d,52,0,0.423834890127182,0,0,0.017329813912510872,0,0,0.38750165700912476,0,0,0.5268740057945251,0,0,0.6018571853637695,0
4b92edbb7f4cfebd83b4562c578d22c7,52,0,0.4140143394470215,0,0,0.019389573484659195,0,0,0.349090039730072,0,0,0.387844055891037,0,0,0.7542587518692017,0
4ba676bdd0c1b0c3876b6050c8fe0f31,52,0,0.5052376389503479,1,0,0.05520274490118027,0,0,0.4281136691570282,0,0,0.40370815992355347,0,0,0.4367464482784271,0
4bbddf35e1c4dfaa9c29d1fca909575f,52,0,0.19891570508480072,0,0,0.0012184317456558347,0,0,0.14612354338169098,0,0,0.4152897000312805,0,0,0.27588677406311035,0
4bc559f97e1d3c8c2ee52deef7de8811,52,0,0.4063464403152466,0,0,0.0488814152777195,0,0,0.17851191759109497,0,0,0.24282079935073853,0,0,0.0826144888997078,0
4bed68bcc1b764cd964f5e96ca83884c,52,0,0.5297237634658813,1,0,0.11860532313585281,0,0,0.532991349697113,1,0,0.5046020150184631,0,0,0.521101176738739,0
4c213a6dd028309618851387389b7a30,52,0,0.5671660900115967,1,0,0.013116140849888325,0,0,0.15613411366939545,0,0,0.4458802044391632,0,0,0.05949794128537178,0
4c5cda3481350033d181e879d29f0135,52,0,0.38771551847457886,0,0,0.5934562087059021,1,0,0.165373295545578,0,1,0.4883899986743927,0,0,0.3237215578556061,0
4c60b5ec140ae2e8611927fa82726f95,52,0,0.4616062641143799,0,0,0.3274605870246887,0,0,0.3770896792411804,0,0,0.47409653663635254,0,0,0.6674433350563049,0
4c942bf5c39903d0ac282810185ddf7a,52,0,0.38490036129951477,0,0,0.03407304361462593,0,0,0.07483380287885666,0,0,0.30475732684135437,0,0,0.16094033420085907,0
4c97a58d5d0c427d1596a8b28f9964ad,52,0,0.3322974741458893,0,0,0.02346172370016575,0,0,0.24299407005310059,0,0,0.2949748933315277,0,0,0.2427607625722885,0
4c98b411d5440af477230c1152109235,52,0,0.5672112703323364,1,1,0.9021655917167664,1,0,0.4694474935531616,1,0,0.41119185090065,0,0,0.36480769515037537,0
4cc22fdb9c33ee883ca3f033c62928c4,52,0,0.28637123107910156,0,0,0.040224310010671616,0,0,0.17401893436908722,0,0,0.47512373328208923,0,0,0.46518388390541077,0
4cc98e51df6aa3dee2c7c1763e3fd512,52,0,0.4410232603549957,0,1,0.8491920828819275,1,0,0.4109613001346588,0,0,0.28178706765174866,0,0,0.29082372784614563,0
4cd5e48c37b1e88e734e6e59dbf8bd6d,52,0,0.7765912413597107,1,0,0.8280729055404663,1,0,0.5326409935951233,1,0,0.2763199508190155,0,0,0.022717243060469627,0
4cf0e4032e75d8766b1a3881e8975fe7,53,0,0.3259606957435608,0,0,0.3685520887374878,1,0,0.1523047685623169,0,0,0.1398756206035614,0,0,0.08664782345294952,0
4d2071baccfd994701c3a5ceb3f64f6f,53,0,0.6674208045005798,1,0,0.5557894110679626,1,0,0.3393769860267639,0,0,0.1907397359609604,0,0,0.2843615412712097,0
4d22210e645f5c3ac3b98e06afd94046,53,0,0.5199000835418701,1,0,0.5494480729103088,1,0,0.31109583377838135,0,0,0.2398861050605774,0,0,0.13775068521499634,0
4d3acb5e51c6ab03ed5bc7537125ffc2,53,0,0.4798130989074707,0,0,0.31949400901794434,0,0,0.3093472123146057,0,0,0.7694979906082153,1,0,0.3905580937862396,0
4d5b56a3024f00356ce28de7f499eaa1,53,0,0.2935686707496643,0,0,0.021161768585443497,0,0,0.061609286814928055,0,0,0.16710107028484344,0,0,0.09976828098297119,0
4d60dedd8acc1fc0c83596e2a0c6d0df,53,0,0.36096349358558655,0,0,0.0007352122920565307,0,0,0.28122588992118835,0,0,0.587256669998169,0,0,0.7602497339248657,0
4d656bcd93f3e99d46fde6c2fa36e7d4,53,0,0.4204873740673065,0,0,0.0038653516676276922,0,0,0.13792051374912262,0,0,0.35264840722084045,0,0,0.12112489342689514,0
4db850f9587d4c21459ea09f9372be3d,53,0,0.45675092935562134,0,0,0.12472947686910629,0,0,0.505429208278656,1,1,0.7856103181838989,1,0,0.4237637221813202,0
4dc355ac95a17cd1a361779cba717ade,53,0,0.24085749685764313,0,0,0.24171240627765656,0,0,0.17725729942321777,0,0,0.2466893494129181,0,0,0.22410066425800323,0
4dcaf539b6497ad02f2734e1b78c9678,53,0,0.664944052696228,1,0,0.3504801392555237,0,0,0.34688302874565125,0,0,0.22789742052555084,0,0,0.11803261190652847,0
4de27ac8b1c575b620cc16780030086d,53,0,0.4425756335258484,0,0,0.11395706981420517,0,1,0.4150623679161072,0,1,0.8180761337280273,1,1,0.6621419191360474,0
4e1b57f8ff96232f8a73eca0e5d87475,53,0,0.7442025542259216,1,0,0.03315554931759834,0,0,0.7573409676551819,1,0,0.3335728645324707,0,1,0.5185626149177551,0
4e36b920e32cc309388138261b94f741,53,0,0.570072591304779,1,0,0.8674660325050354,1,0,0.4071562588214874,0,0,0.28581443428993225,0,0,0.12209269404411316,0
4e60eda03b7df9196e6309009114f54b,53,0,0.2647504210472107,0,0,0.008542920462787151,0,0,0.1580836921930313,0,0,0.32906216382980347,0,0,0.5148505568504333,0
4e6269ee38f7c8afc70792e62d0a05e8,53,0,0.3361697494983673,0,0,0.043625082820653915,0,0,0.48832836747169495,1,0,0.5643154978752136,0,0,0.6161721348762512,0
4e6377304c6519ef809c744ef376c319,53,0,0.37522244453430176,0,0,0.08126332610845566,0,0,0.13250216841697693,0,0,0.5166208744049072,0,0,0.16749969124794006,0
4e685bcf518b823638340e2cb20fbad8,54,0,0.6816163659095764,1,0,0.21262706816196442,0,1,0.5754266977310181,1,0,0.7273444533348083,1,1,0.25383540987968445,0
4e7c01fd1cfbfc54d2ac4913f6359be7,54,0,0.5731367468833923,1,0,0.009177484549582005,0,0,0.31587517261505127,0,0,0.22124455869197845,0,0,0.082295261323452,0
4eef841c5708308c2ff8957ebc79ae06,54,0,0.3353223204612732,0,0,0.24017789959907532,0,0,0.06966688483953476,0,0,0.10294042527675629,0,0,0.058688510209321976,0
4ef47d5bbd7105f7c7558bbb51735d36,54,0,0.5853680968284607,1,0,0.8937084674835205,1,0,0.6092406511306763,1,0,0.4703775644302368,0,0,0.20180849730968475,0
4ef769d2aaadffc2343a01771a9d378c,54,0,0.26058077812194824,0,0,0.004846352618187666,0,0,0.11278510838747025,0,0,0.25895625352859497,0,0,0.28756988048553467,0
4f5fe9950e605a42d75ea7bfb8230866,54,0,0.22859923541545868,0,0,0.047032568603754044,0,0,0.2817615866661072,0,0,0.406893789768219,0,0,0.2788650393486023,0
4f737958fc5a7d9805f4a94f70cfc5a2,54,0,0.4155748188495636,0,0,0.0315442755818367,0,1,0.7620556950569153,1,0,0.6449514627456665,0,0,0.7599121332168579,0
4f7ce99ee360877a27e4e34a03d71bfd,54,0,0.4214443862438202,0,0,0.5831809639930725,1,0,0.15267236530780792,0,0,0.2559378445148468,0,0,0.2879776358604431,0
4fba6d90e4c0141270b19446fbc97796,54,0,0.5156448483467102,1,0,0.1350463479757309,0,0,0.2497919201850891,0,0,0.23169709742069244,0,0,0.34859660267829895,0
4fcf87976ca07858d6ee9af47b2a719c,54,0,0.41347113251686096,0,0,0.22150956094264984,0,0,0.18478725850582123,0,0,0.454892635345459,0,0,0.5420031547546387,0
4fd4306bfaeb5322082642bee9ef3ff8,54,0,0.41752225160598755,0,0,0.0016143503598868847,0,0,0.38343897461891174,0,0,0.7714792490005493,1,0,0.3304569125175476,0
4fef4a4c55426766f8eaff240f1050dd,54,0,0.5735065937042236,1,0,0.20806509256362915,0,0,0.49731341004371643,1,0,0.512397289276123,0,0,0.6151090860366821,0
4fef5faf22105d6c29f218236dd44d66,54,0,0.30964839458465576,0,0,0.014175303280353546,0,0,0.059181008487939835,0,0,0.27466723322868347,0,0,0.1668327897787094,0
5037a5f519c01608134b5e73e2d9e8ed,54,0,0.43854913115501404,0,0,0.08052965253591537,0,0,0.20488062500953674,0,0,0.35713791847229004,0,0,0.18088427186012268,0
503929d8c09942a6e67c9045debaf523,54,0,0.7844526767730713,1,1,0.7843730449676514,1,0,0.7237086296081543,1,0,0.31708991527557373,0,0,0.4513409733772278,0
50772fd4aff6e953333b6812356040f7,54,0,0.45119133591651917,0,0,0.35837218165397644,0,0,0.23134687542915344,0,0,0.5815615653991699,0,0,0.21283744275569916,0
5085aa895168d112f671ae18b22dc0df,55,1,0.8237518072128296,1,0,0.19821037352085114,0,0,0.8095627427101135,1,0,0.5636522769927979,0,0,0.28879037499427795,0
509b0a6e32afb4094897a916b3c72486,55,0,0.4848635196685791,0,0,0.45848754048347473,1,0,0.3367427587509155,0,0,0.38365232944488525,0,0,0.14154696464538574,0
509d5c6ba1cef46882db2c2e86bdfb2a,55,0,0.3926008343696594,0,0,0.027844171971082687,0,0,0.10870647430419922,0,0,0.17957212030887604,0,0,0.18119080364704132,0
50ab3d3a339eaeeb929368cb63599ea7,55,0,0.4671674966812134,0,0,0.3817804455757141,1,0,0.36797383427619934,0,0,0.4417099058628082,0,0,0.4810296595096588,0
50ab53e4414b6551c81b447fee0e43c5,55,0,0.49305588006973267,0,0,0.5974581241607666,1,0,0.1547911912202835,0,0,0.3152940571308136,0,0,0.05330939218401909,0
5118cbe9894006f58312565294e85556,55,1,0.5192629098892212,1,0,0.03791959956288338,0,1,0.718255341053009,1,0,0.5447465777397156,0,1,0.6689373254776001,0
511d77216f874b95d6070d31abb5ac6d,55,0,0.7368961572647095,1,1,0.6906389594078064,1,0,0.550341784954071,1,0,0.45552724599838257,0,0,0.48107513785362244,0
5125bef2ea04ca1c3c197576ffccebe5,55,0,0.32072147727012634,0,0,0.31426432728767395,0,0,0.2512519061565399,0,0,0.22116486728191376,0,0,0.5682229995727539,0
512ab0e4091190c453987236dd18c14e,55,0,0.2949148118495941,0,0,0.009131493978202343,0,0,0.13791343569755554,0,0,0.40017983317375183,0,0,0.3888889253139496,0
512bac5557727b83dd78d39052adf936,55,0,0.5553931593894958,1,0,0.05064577981829643,0,0,0.7343361973762512,1,0,0.6699778437614441,0,0,0.3548519015312195,0
5149be077d0b6e167ccc0f9c3e3de686,55,0,0.5493471026420593,1,0,0.0266535896807909,0,0,0.13790525496006012,0,0,0.23659363389015198,0,0,0.1530837118625641,0
5157d5c9b1f0004b29310652ea54e825,55,0,0.37333402037620544,0,0,0.036896124482154846,0,0,0.22684577107429504,0,0,0.2935161888599396,0,0,0.1874130517244339,0
5164cecc1932454bd2f467ebb4ea0650,55,1,0.2784706950187683,0,0,0.05871982499957085,0,0,0.10414806753396988,0,1,0.5059101581573486,0,1,0.159499391913414,0
5166706a90bb749862f3e3a5b7dd52fb,55,0,0.289115309715271,0,0,0.007550831418484449,0,0,0.14015056192874908,0,0,0.39150241017341614,0,0,0.1671033799648285,0
5175798e4a23ac250b47c0c4fd83a725,55,0,0.283703476190567,0,0,0.01745459996163845,0,0,0.31815776228904724,0,0,0.3442384600639343,0,0,0.28157082200050354,0
51b7daabe78f2a56ec22993e3a77dd3b,55,0,0.38134804368019104,0,0,0.5152175426483154,1,0,0.2192695140838623,0,0,0.45409029722213745,0,0,0.35731539130210876,0
51ba8d89de58ac80db86507e11dcfd03,56,0,0.5688511729240417,1,0,0.010535159148275852,0,1,0.6920698881149292,1,0,0.40835466980934143,0,0,0.5086383819580078,0
51c54b6e7df33f0ae4456131227d2a9a,56,0,0.23968251049518585,0,0,0.008109747432172298,0,0,0.13027149438858032,0,0,0.34775102138519287,0,0,0.38646888732910156,0
51dcd45e616257b874c6017e46737417,56,1,0.6623479723930359,1,0,0.16611839830875397,0,0,0.507400393486023,1,0,0.5994774699211121,0,0,0.611663818359375,0
51f634dd2e12def131b68288f1e7eca1,56,0,0.3517147898674011,0,0,0.42384809255599976,1,0,0.12339510023593903,0,0,0.21380960941314697,0,0,0.2898710072040558,0
521737fe7ce420e5fe1864c36f1f1865,56,0,0.3876023292541504,0,0,0.00364634208381176,0,1,0.2646985948085785,0,1,0.47763538360595703,0,1,0.6800823211669922,0
523a0dcc2fdba0812176614c5302258c,56,0,0.2957417666912079,0,0,0.22710420191287994,0,0,0.10116666555404663,0,0,0.21697859466075897,0,0,0.16267123818397522,0
524c4a83f27a9e1f28921213261850a7,56,0,0.3892767131328583,0,0,0.33281490206718445,0,0,0.2678427994251251,0,0,0.5492299199104309,0,0,0.2013285905122757,0
5254623fe2189d170d018917e5833c79,56,0,0.6692852973937988,1,0,0.21007423102855682,0,0,0.7639696002006531,1,0,0.5218439698219299,0,0,0.7352930307388306,0
52547b2bd82aff7a631e41b23990a9ab,56,0,0.724739134311676,1,0,0.7379143834114075,1,0,0.46489229798316956,1,0,0.298450767993927,0,0,0.061363548040390015,0
5263004c6cdd4b53933a5669c3a4975f,56,0,0.2653568685054779,0,0,0.006483586970716715,0,0,0.059100836515426636,0,0,0.23332609236240387,0,0,0.007509270217269659,0
527cb2595339f9379a4af358760e9a50,56,0,0.6966429352760315,1,0,0.7595056891441345,1,0,0.3895058333873749,0,0,0.3136539161205292,0,0,0.4773446321487427,0
5280b2f1ea5c084e2bd8f2fe9447ab84,56,1,0.29105323553085327,0,0,0.0066074286587536335,0,1,0.4630661904811859,1,0,0.4026435911655426,0,1,0.8498108386993408,0
528800fde9832ed21a8c8c6f45cddf14,56,0,0.4197283983230591,0,0,0.09727701544761658,0,0,0.19731932878494263,0,0,0.3582403063774109,0,0,0.456943541765213,0
529e1b84a553a1eace23e78a49d041aa,56,0,0.5120778679847717,1,0,0.18203617632389069,0,0,0.33113840222358704,0,0,0.43375054001808167,0,0,0.21669363975524902,0
52c4db1817a8262a7c2afa9c49a4210c,56,0,0.44451454281806946,0,0,0.10957451164722443,0,0,0.4027610719203949,0,0,0.8093012571334839,1,0,0.11982542276382446,0
52c52586097de7c4e1aa3761d28bb5e3,56,0,0.5081714391708374,1,0,0.5189974904060364,1,0,0.2768738865852356,0,0,0.2678748071193695,0,0,0.0607406385242939,0
52e03964d4f942fc325a3154e88c4289,57,0,0.7388389706611633,1,0,0.6016957759857178,1,0,0.5208320617675781,1,0,0.3602355420589447,0,0,0.27538713812828064,0
52e9686ffccd0f4d3a6c58de8a12259b,57,0,0.401686429977417,0,0,0.004749074578285217,0,1,0.4366075396537781,1,0,0.6601364612579346,0,1,0.7720569372177124,0
52fc86cf7b4c993c983ed3412e781ebf,57,0,0.30332237482070923,0,0,0.3129099905490875,0,0,0.12678025662899017,0,0,0.20986323058605194,0,0,0.07510446012020111,0
53272263f44e3360b23a54230f7becf7,57,0,0.604101836681366,1,0,0.2849145829677582,0,0,0.42426395416259766,0,0,0.2909327447414398,0,0,0.3864985704421997,0
533bf2420ef58839a93d4fcbec6e27ec,57,0,0.32630106806755066,0,0,0.1478821337223053,0,0,0.22706206142902374,0,0,0.6528158783912659,0,0,0.6120985746383667,0
533e87c55ad38b554f3ff19bf751eb14,57,0,0.4123283624649048,0,0,0.014096002094447613,0,0,0.38929644227027893,0,0,0.2932504415512085,0,0,0.5679548382759094,0
5341b6bd8338f8a8374c18b19f737e9a,57,0,0.549950897693634,1,0,0.09046187996864319,0,0,0.5717777013778687,1,0,0.48702216148376465,0,0,0.7270411252975464,0
53675dd5b4676fb96d77abf225209f41,57,0,0.6043972969055176,1,0,0.3221605122089386,0,0,0.5103718638420105,1,0,0.4307335317134857,0,0,0.4463232457637787,0
536b5b1ff8d718e73afa20299daa9578,57,0,0.3851589560508728,0,0,0.5374739766120911,1,0,0.4524046778678894,1,0,0.46285775303840637,0,0,0.3391936719417572,0
53881e3f1cab94cd71cf490b9ac5dbe9,57,1,0.7487707734107971,1,0,0.3895311653614044,1,0,0.8112920522689819,1,0,0.3246329724788666,0,0,0.05873437598347664,0
53ae3d1a464529cb387ce44aa655846f,57,0,0.36323416233062744,0,0,0.008289759978652,0,0,0.14929568767547607,0,1,0.7217569947242737,1,1,0.2656230032444,0
53ee044ed59a68c2d089f8a8f0bd620e,57,0,0.2872244715690613,0,0,0.11156418919563293,0,0,0.13201665878295898,0,0,0.2986491620540619,0,0,0.32738590240478516,0
53f6b9d988c8195673ea55343c046187,57,0,0.3530965745449066,0,0,0.13183102011680603,0,0,0.10452011227607727,0,0,0.12988094985485077,0,0,0.11985507607460022,0
5424def929d8cb11e03df4a5c02df124,57,0,0.5486564636230469,1,0,0.04111466556787491,0,0,0.13117672502994537,0,0,0.33623045682907104,0,0,0.06997770816087723,0
543063d457e1f7416a0b80b451064f43,57,0,0.2798902988433838,0,0,0.01638919860124588,0,0,0.21911528706550598,0,0,0.66151362657547,0,0,0.3541158437728882,0
543f81bf4d0f157b27ce10063bed1c66,57,0,0.4167603850364685,0,0,0.13471262156963348,0,0,0.14184248447418213,0,0,0.2599771022796631,0,0,0.09534712135791779,0
5468cd29e7d6db0d551f2497bed48387,58,0,0.6667795181274414,1,1,0.8689396977424622,1,0,0.49254727363586426,1,0,0.5484005808830261,0,0,0.41142117977142334,0
547c3618a312f5c3cb3095d457483a57,58,0,0.3216434717178345,0,0,0.1739402562379837,0,0,0.24636830389499664,0,0,0.32634878158569336,0,0,0.11920072883367538,0
548cf3241eba5f1482caac5fbc0b9fee,58,0,0.2886107861995697,0,0,0.0016810803208500147,0,1,0.24425168335437775,0,0,0.7185347080230713,1,0,0.679323136806488,0
54a6bb5b22305b51f9a17728202d1180,58,0,0.4654539227485657,0,0,0.07165205478668213,0,0,0.41923829913139343,0,0,0.40684962272644043,0,0,0.2970067858695984,0
54cf3b86aba7151a1bbca30db954307e,58,0,0.44722193479537964,0,0,0.11988727003335953,0,0,0.3064635097980499,0,0,0.5116842985153198,0,0,0.6342335939407349,0
54fb9abeb8e92ec3f690a7455d892c3a,58,1,0.44052326679229736,0,0,0.020907115191221237,0,0,0.3278597593307495,0,0,0.3958832025527954,0,1,0.6092098355293274,0
552e53af89d7ae4c482cb935ac1542b7,58,0,0.4202302098274231,0,0,0.0008296742453239858,0,1,0.41105934977531433,0,0,0.6455092430114746,0,1,0.7979130148887634,0
5559843d1f057bcaa0d9b5d56a9a3d46,58,0,0.5310400724411011,1,0,0.5011266469955444,1,0,0.22748441994190216,0,0,0.3526146411895752,0,0,0.3387582004070282,0
558622a97e3722ee974a2c8dddc4ca80,58,0,0.8117870688438416,1,0,0.17809580266475677,0,0,0.44915762543678284,1,0,0.11091172695159912,0,0,0.007165664341300726,0
558b20219d89e3918384de0ffffaec60,58,0,0.5671804547309875,1,1,0.6356724500656128,1,0,0.3088642358779907,0,0,0.6682091355323792,0,0,0.3350985050201416,0
55a3c0036c2d994975cfd350a79cf69e,58,0,0.6631965041160583,1,1,0.581159770488739,1,0,0.41942331194877625,0,0,0.3608059883117676,0,0,0.2227819859981537,0
55af1c9a0c2d59b4b6a07797df35b0d5,58,0,0.3105503022670746,0,0,0.040104057639837265,0,0,0.17235243320465088,0,0,0.2957555055618286,0,0,0.10602779686450958,0
560ff4beac01961b07e664cda2419933,58,0,0.17398002743721008,0,0,0.007413396146148443,0,0,0.04210824519395828,0,0,0.24024319648742676,0,0,0.06565243005752563,0
56237d3770e31568eb965067d2d948af,58,0,0.6745393872261047,1,1,0.5950480699539185,1,0,0.4815444350242615,1,0,0.43416890501976013,0,0,0.555187463760376,0
5638340de6412cce7a4b7a81b7b1d92a,58,0,0.49330058693885803,0,0,0.10369323939085007,0,0,0.3764784336090088,0,0,0.2183367908000946,0,0,0.14019708335399628,0
564141a415cfa32841bb2de146faa5eb,58,0,0.3583983778953552,0,0,0.3826032280921936,1,0,0.34279724955558777,0,0,0.3484671115875244,0,0,0.3654838800430298,0
5644031df0b3584a477f0454acb7b291,59,1,0.6998085379600525,1,0,0.05287596583366394,0,1,0.9759684801101685,1,0,0.465229332447052,0,0,0.14694778621196747,0
566a004f7fbde95775f15ece4975d65a,59,0,0.3760833740234375,0,0,0.04101909324526787,0,0,0.2863977253437042,0,0,0.501948356628418,0,0,0.62745201587677,0
56beeb20098b516474d17a9c36b23c7c,59,1,0.6592791080474854,1,1,0.5028148293495178,1,0,0.716546356678009,1,0,0.687602162361145,1,0,0.5138223171234131,0
56cb181941ae9b45448469cc0e420ba7,59,0,0.5256233215332031,1,0,0.5830364227294922,1,0,0.29237300157546997,0,0,0.23290136456489563,0,0,0.32579341530799866,0
56df1818b6567b2e812e615365b22e60,59,0,0.3112108111381531,0,0,0.03125932812690735,0,0,0.06492049247026443,0,0,0.17320102453231812,0,0,0.06796974688768387,0
56e3aa531cd2b4c2a597657ce69bea4f,59,1,0.809749960899353,1,0,0.5073856115341187,1,0,0.8034509420394897,1,0,0.6370958685874939,0,0,0.7256007194519043,0
56f24c084776e6bef2576015b4caf11d,59,0,0.3522949814796448,0,0,0.30138447880744934,0,0,0.05442727729678154,0,0,0.2315148264169693,0,0,0.06772402673959732,0
570cc0e3366db46a98ef038a6b5f0489,59,0,0.35508161783218384,0,0,0.0026974035426974297,0,0,0.06909250468015671,0,0,0.20020323991775513,0,0,0.10215986520051956,0
57169906bb821d83315d3291af052418,59,0,0.5949589014053345,1,0,0.5087990164756775,1,0,0.35390716791152954,0,1,0.6101449728012085,0,0,0.5966587066650391,0
5790429cd6ee14e2fbce734dba47dc21,59,0,0.3334144651889801,0,0,0.013609769754111767,0,0,0.11728697270154953,0,0,0.3046513497829437,0,0,0.1140262708067894,0
5797ed009ccc4840c86e430aa66f3e8e,59,0,0.18347331881523132,0,0,0.00020751910051330924,0,0,0.07535266131162643,0,0,0.3668127655982971,0,0,0.23449552059173584,0
57a1009ac321900b0c1743e721e3a1e5,59,0,0.4985268712043762,0,0,0.1980440318584442,0,0,0.33447709679603577,0,0,0.25332412123680115,0,0,0.26374974846839905,0
57a1a6b02398e336508aa57ecf962e74,59,0,0.4563107192516327,0,1,0.3580021560192108,0,1,0.590401828289032,1,0,0.5174819827079773,0,1,0.7167965769767761,0
57a32a219495bdff5cd72597688a46d2,59,0,0.5671482682228088,1,1,0.8660517334938049,1,0,0.40551796555519104,0,0,0.6593411564826965,0,0,0.3191538453102112,0
57b473e8eaf284e0d3321d9def714930,59,0,0.4841327667236328,0,0,0.468851774930954,1,0,0.19484488666057587,0,0,0.3107321262359619,0,0,0.2528993487358093,0
57c89de7d680ee5e4a85d047c68b6050,59,0,0.4554094672203064,0,0,0.0641494169831276,0,0,0.32656288146972656,0,0,0.39279747009277344,0,0,0.2597304582595825,0
57ced2cce18cbee790add6d5d3330aa1,60,0,0.38215065002441406,0,0,0.7302820086479187,1,0,0.19330592453479767,0,0,0.2138485312461853,0,0,0.029662728309631348,0
57d8fda3ee850a41defcfd7e17673395,60,0,0.48724648356437683,0,0,0.19746941328048706,0,0,0.26531982421875,0,0,0.640945553779602,0,0,0.45306068658828735,0
57efd697f8ed1fe9bd4c44a139b7aa66,60,0,0.634148359298706,1,0,0.09710802137851715,0,0,0.3427746295928955,0,0,0.3860216438770294,0,0,0.4193638563156128,0
57f397ca3063fa50ecf48b1929e9afba,60,0,0.5664558410644531,1,1,0.43159109354019165,1,0,0.38999947905540466,0,0,0.8332527875900269,1,0,0.34816890954971313,0
57fdcbf8bf0215b154b097ee3cbe7c10,60,0,0.37424877285957336,0,0,0.009534523822367191,0,0,0.07219021022319794,0,0,0.2116747945547104,0,0,0.08523005247116089,0
580909ae5a366bc3fd7524d97cf1e771,60,0,0.3081018030643463,0,0,0.6697262525558472,1,0,0.2147592455148697,0,0,0.4132823348045349,0,0,0.10984356701374054,0
5817c3257a58b34a43122134fc3115f9,60,0,0.470085084438324,0,0,0.017699534073472023,0,0,0.2923138737678528,0,0,0.4699394404888153,0,0,0.5286791324615479,0
5820b002c7643e23208a87a986818348,60,0,0.4033355414867401,0,0,0.139503613114357,0,0,0.18080708384513855,0,0,0.3681356906890869,0,0,0.20616766810417175,0
5852bd535b5b625b64bc5b8c2f59f0b3,60,0,0.5615339279174805,1,0,0.013322991319000721,0,0,0.5340311527252197,1,0,0.39844441413879395,0,0,0.327088326215744,0
585e0273f62af98bf949addee0a2efea,60,0,0.2986007332801819,0,0,0.25860658288002014,0,0,0.3438657522201538,0,0,0.23515887558460236,0,0,0.30681681632995605,0
58675a9b3a6015291c518c1327d81ab5,60,0,0.6018516421318054,1,0,0.09564418345689774,0,0,0.3347923457622528,0,0,0.35540491342544556,0,0,0.729224443435669,0
588634981efe8a011372632c6d76eea0,60,1,0.5913003087043762,1,0,0.13003987073898315,0,0,0.4916396737098694,1,0,0.40919843316078186,0,0,0.5921451449394226,0
5889a7857b883db3bee6ad8ed4a6f955,60,0,0.2512487471103668,0,0,0.006817242596298456,0,0,0.18143610656261444,0,0,0.4827312231063843,0,0,0.6106694936752319,0
588b9e528e57a25e8985888133d3af61,60,0,0.5135652422904968,1,1,0.24614685773849487,0,0,0.7258443832397461,1,0,0.3636612594127655,0,0,0.49768781661987305,0
58a34363814d97cd8dd5c26f5673d6cb,60,0,0.5096642971038818,1,0,0.13544197380542755,0,0,0.27592042088508606,0,0,0.2059410661458969,0,0,0.10865706950426102,0
58baa9b0269a2987f5475a554033c4b1,60,0,0.3960157036781311,0,0,0.03542104735970497,0,0,0.20604556798934937,0,0,0.370955228805542,0,0,0.11492332071065903,0
58d2bf66beb82854825bef7db742819f,61,0,0.38320159912109375,0,0,0.0017136133974418044,0,0,0.1778283417224884,0,0,0.2377263754606247,0,0,0.37934890389442444,0
58d5bdf590c4892a7a1dff01b6be48ba,61,0,0.4683941602706909,0,0,0.029658740386366844,0,0,0.15196488797664642,0,0,0.2312033325433731,0,0,0.10440081357955933,0
58d76e6dae9bbb3a24fe79f771b735a6,61,0,0.4423361122608185,0,0,0.02680477872490883,0,0,0.22641338407993317,0,0,0.41531768441200256,0,1,0.6148920655250549,0
5927e15c854e4b6ba3fda0539251b91a,61,0,0.5817439556121826,1,0,0.7140493392944336,1,0,0.5199064016342163,1,0,0.4362182021141052,0,0,0.370593786239624,0
594fb89413087c080ddd2c97a3f6acf0,61,0,0.42836934328079224,0,0,0.2734602391719818,0,0,0.319486141204834,0,0,0.6409232020378113,0,0,0.3717891275882721,0
59779a96f5abd70d14a67ebdd4502d60,61,0,0.6770448088645935,1,0,0.3748866617679596,1,1,0.8243480920791626,1,0,0.5600482225418091,0,1,0.7914181351661682,0
5994672502a02f2e1d49b164e16ab4af,61,0,0.30449098348617554,0,0,0.1998622715473175,0,0,0.09233598411083221,0,0,0.3268202841281891,0,0,0.13387058675289154,0
5995bef3891e94a9666695e1302247cc,61,0,0.26836666464805603,0,0,0.00826805830001831,0,0,0.10405080020427704,0,0,0.5748730301856995,0,0,0.22392934560775757,0
59c201e80a79922c74bf490f5f571369,61,0,0.306247740983963,0,0,0.043194543570280075,0,0,0.0732736736536026,0,0,0.27404454350471497,0,0,0.06502741575241089,0
59c9c25f625f58bb64d3c79ddf8f2780,61,0,0.68207186460495,1,0,0.4596555531024933,1,0,0.5495237112045288,1,0,0.6721614599227905,0,0,0.36118006706237793,0
59da30abf63819b706a361028157735e,61,0,0.39835214614868164,0,0,0.011068297550082207,0,0,0.31412988901138306,0,0,0.30544179677963257,0,0,0.24757811427116394,0
59da7ba739c19ecee53fbcb6f6d1f707,61,0,0.4842589199542999,0,0,0.4686815142631531,1,0,0.27125728130340576,0,0,0.22451241314411163,0,0,0.14721110463142395,0
5a09dc583a83bf49eb3a245a4dcbea1d,61,0,0.584692656993866,1,0,0.3758484423160553,1,0,0.3691246509552002,0,0,0.5853428840637207,0,0,0.09783322364091873,0
5a29c1b605b7a41733a9bbecdd70de2b,61,0,0.552061140537262,1,0,0.5084415078163147,1,0,0.4653705656528473,1,0,0.3849617838859558,0,0,0.6495724320411682,0
5a2e907a3101a321fb0906de1a110006,61,0,0.32246965169906616,0,0,0.016391541808843613,0,0,0.10959409177303314,0,0,0.3185758590698242,0,0,0.13148736953735352,0
5a4adb39fcdcf0851d445970acfa17e7,61,1,0.3820037245750427,0,0,0.17351171374320984,0,1,0.6504759192466736,1,0,0.2944669723510742,0,1,0.5278810858726501,0
5a5364fb4f700d6a3daad03dc7a3eefc,62,0,0.4204743504524231,0,0,0.19850172102451324,0,0,0.37235912680625916,0,0,0.5894047021865845,0,0,0.17030242085456848,0
5a5981d693eb84fee6381d8e41a3e27d,62,1,0.461816668510437,0,0,0.05511237680912018,0,1,0.8770970702171326,1,1,0.8585983514785767,1,0,0.637416422367096,0
5a719936747485b2902623a89643a508,62,0,0.6378313899040222,1,1,0.647101879119873,1,0,0.531683623790741,1,1,0.603813111782074,0,0,0.31000661849975586,0
5a823d8330fbfc71c32173de09b74b01,62,0,0.5229906439781189,1,1,0.28006500005722046,0,0,0.3345015347003937,0,0,0.5170050263404846,0,0,0.6026069521903992,0
5a85e877ecee5e7fd6cf3b9a4bc802d2,62,0,0.29614266753196716,0,0,0.15537916123867035,0,0,0.2797357141971588,0,0,0.725632905960083,1,0,0.6571041941642761,0
5aa416acbc31207ebc35faed872c8e3d,62,0,0.36198553442955017,0,0,0.37344151735305786,1,0,0.2783301770687103,0,0,0.342192143201828,0,0,0.3862510621547699,0
5ab94e57ccb8175f3b1969059c55ea9d,62,0,0.4079877734184265,0,0,0.06615912169218063,0,0,0.12237481027841568,0,0,0.26850083470344543,0,0,0.0992867574095726,0
5acff5ccf1bcb3137e2c12dc99919396,62,0,0.5020838379859924,1,0,0.780650794506073,1,0,0.42752447724342346,0,0,0.4417572617530823,0,0,0.4921756982803345,0
5ae703e09cb7b139ccb6824a79d26efa,62,1,0.7671217322349548,1,0,0.24991491436958313,0,0,0.3327711224555969,0,0,0.10652650892734528,0,0,0.04888106882572174,0
5af59b2dc1595664ab6aaf11ea7887af,62,0,0.40100711584091187,0,0,0.016214946284890175,0,0,0.24458476901054382,0,0,0.23083990812301636,0,0,0.2609204053878784,0
5b12004cef17343beaf944f5868016c3,62,0,0.45552965998649597,0,0,0.13588660955429077,0,0,0.2367321103811264,0,0,0.09832905977964401,0,0,0.059780608862638474,0
5b1e75dd15524be14eb8722cb4370490,62,0,0.4592824876308441,0,0,0.04869697988033295,0,0,0.25494909286499023,0,0,0.3391871750354767,0,0,0.27561652660369873,0
5b26309e228cdffb49fee96063e2c880,62,0,0.12729573249816895,0,0,0.0007155521889217198,0,0,0.032216738909482956,0,0,0.2027939260005951,0,0,0.025964898988604546,0
5b26a75de620121bcdf0b76e15fbbd3f,62,0,0.6116705536842346,1,1,0.06984676420688629,0,1,0.3936837613582611,0,0,0.5239137411117554,0,0,0.5026167631149292,0
5b3620a56668010877cfafa9322e18b5,62,0,0.4737390875816345,0,0,0.09253564476966858,0,0,0.209153413772583,0,0,0.3708760142326355,0,0,0.34918084740638733,0
5b50b56feb8f2129463d1c825ceb00f0,62,0,0.548427164554596,1,0,0.08222690969705582,0,0,0.3372677266597748,0,0,0.49474048614501953,0,0,0.7750961184501648,0
5b60ed5c54d1c07ce7c02515c7499c1c,63,0,0.7549836039543152,1,0,0.2924262285232544,0,0,0.5425208806991577,1,0,0.2945103645324707,0,1,0.07852103561162949,0
5b6707d336c733e0a8d4233bb08483c7,63,0,0.16946406662464142,0,0,0.04383307322859764,0,0,0.08303641527891159,0,0,0.42077481746673584,0,0,0.12825264036655426,0
5b77e693767a6cf469f16bd9e498f780,63,0,0.378356397151947,0,0,0.41901591420173645,1,0,0.16424186527729034,0,0,0.31138408184051514,0,0,0.1708241105079651,0
5b7e2ccb87c1e20394f7a84f3bb8c821,63,0,0.21397553384304047,0,0,0.0382797047495842,0,0,0.052222106605768204,0,0,0.2660984992980957,0,0,0.04598196595907211,0
5ba0a669fd3430e9386758e838210b98,63,0,0.8060430288314819,1,0,0.08216170221567154,0,0,0.4463651478290558,1,0,0.14647343754768372,0,0,0.06418472528457642,0
5ba94d99f827e546b59846aa66eea08c,63,0,0.5881860852241516,1,0,0.49740299582481384,1,0,0.573536217212677,1,0,0.4651217758655548,0,0,0.5869532823562622,0
5bac00dc9f948cebf2b3abe05a1ed729,63,0,0.5638126730918884,1,0,0.2940249741077423,0,0,0.41340893507003784,0,0,0.7016468048095703,1,0,0.2859146296977997,0
5bb1e2eb9e2886652aa3a4c4ab01ae7a,63,0,0.28834468126296997,0,0,0.020965855568647385,0,0,0.4233073890209198,0,0,0.23481063544750214,0,0,0.5699146389961243,0
5bdeac502c30eb11341c174fd8276e4d,63,0,0.33161619305610657,0,0,0.002191393868997693,0,0,0.24145571887493134,0,0,0.4537127614021301,0,0,0.48401448130607605,0
5be05d9818c57db3635e33dca8315507,63,0,0.34398654103279114,0,0,0.02478107064962387,0,0,0.0893988236784935,0,0,0.15585047006607056,0,0,0.1007397249341011,0
5beee832c007826c93c25ba287ee4d48,63,0,0.8034464120864868,1,1,0.614676296710968,1,1,0.7122973203659058,1,0,0.44856005907058716,0,0,0.16801707446575165,0
5bfab539ea74f0a5051707ca62f562b6,63,0,0.3429824709892273,0,0,0.653228223323822,1,0,0.29447948932647705,0,0,0.45602455735206604,0,0,0.3348029553890228,0
5c0e796a597b61fba079b721221267a4,63,0,0.2585877776145935,0,0,0.10872852802276611,0,0,0.13499605655670166,0,0,0.22812004387378693,0,0,0.3843577206134796,0
5c0fa88ca172de9b668b330f0b4d7e60,63,0,0.2989961802959442,0,0,0.0013866819208487868,0,0,0.1056588888168335,0,0,0.5588367581367493,0,0,0.21465690433979034,0
5c1dd749315a3713355b35ab28fdebb9,63,1,0.6560893654823303,1,1,0.49628040194511414,1,0,0.6787664890289307,1,0,0.660283625125885,0,0,0.9330984354019165,1
5c22ee484c55a079ac153153368ecd60,63,1,0.6943075060844421,1,1,0.2911144495010376,0,1,0.7220316529273987,1,0,0.6936727166175842,1,0,0.7221488356590271,0
5c4202e130bd01f555e57d8503de6491,64,0,0.41002514958381653,0,0,0.1880878508090973,0,0,0.22076790034770966,0,0,0.36885058879852295,0,0,0.08826747536659241,0
5c55f871429730b84a8ee275839b8aae,64,0,0.42937859892845154,0,0,0.04043406620621681,0,0,0.46134841442108154,1,0,0.4868486821651459,0,0,0.7834812998771667,0
5c696936abfc9bbded3d8fd2fa853678,64,0,0.5338257551193237,1,0,0.013564005494117737,0,0,0.2544096112251282,0,0,0.2108897566795349,0,0,0.49850448966026306,0
5c6ffc9cdf3d6d485aaf30a52eb9b525,64,0,0.5008602142333984,1,0,0.14280350506305695,0,0,0.29051876068115234,0,0,0.2630079388618469,0,0,0.08341354131698608,0
5ca63942b0365ee7a3b26b6453f4076d,64,0,0.786867082118988,1,1,0.8863336443901062,1,1,0.4224373996257782,0,0,0.5971878170967102,0,0,0.051556311547756195,0
5cd3d3d32b73aba570d20a9a54a6be24,64,0,0.38472768664360046,0,0,0.11230890452861786,0,0,0.3394395112991333,0,0,0.6488491892814636,0,0,0.6441974639892578,0
5cd7b69add950d3e0fd7d6a0b84d9ce3,64,0,0.4376204311847687,0,0,0.2831816077232361,0,0,0.1513272076845169,0,0,0.3019287586212158,0,0,0.08410049974918365,0
5cecfb5a445acc92080b9fbdf321a4eb,64,1,0.5663567781448364,1,1,0.390888512134552,1,0,0.8263758420944214,1,0,0.5914027690887451,0,0,0.8154143691062927,0
5d29e7137d24e923a347d54eb81eefcd,64,0,0.4764433205127716,0,0,0.25898030400276184,0,0,0.4482133984565735,1,0,0.3771391212940216,0,0,0.5274918079376221,0
5d47fc0830ff38a5a584e9fc83928990,64,0,0.4530263841152191,0,0,0.7493760585784912,1,0,0.20282603800296783,0,0,0.11598790436983109,0,0,0.07428639382123947,0
5d4e0afb1579da54bc7a06f1fe159349,64,0,0.522727906703949,1,1,0.04813370481133461,0,0,0.26179584860801697,0,0,0.22304077446460724,0,0,0.24822285771369934,0
5d63f31cc8e21664c69bd7613b1b76e4,64,1,0.43776780366897583,0,0,0.027623770758509636,0,0,0.44476884603500366,1,0,0.7975553274154663,1,0,0.6162171363830566,0
5d6805e3bd24dcb9489d6718b9e60875,64,0,0.1664096862077713,0,0,0.0020821760408580303,0,0,0.05168277397751808,0,0,0.1523975431919098,0,0,0.03779533505439758,0
5d6a25163584e7b05a528d3f94fda500,64,0,0.5819851160049438,1,0,0.21775291860103607,0,0,0.14950969815254211,0,0,0.2021676003932953,0,0,0.3913330137729645,0
5d6e9e74f44b6f359525af6c176bf9fa,64,0,0.2643093168735504,0,0,0.020306013524532318,0,0,0.3659152388572693,0,0,0.37745773792266846,0,0,0.49386435747146606,0
5d74f8fd78068c30775dc2c98790e8b9,64,0,0.44434407353401184,0,1,0.0531124472618103,0,0,0.29055505990982056,0,0,0.9151719808578491,1,0,0.4458334147930145,0
5d8ade464909d72789ba814870c30e0d,65,0,0.5266523957252502,1,0,0.07715138792991638,0,0,0.3363053798675537,0,0,0.6458553075790405,0,0,0.2302597016096115,0
5d8d9b5c072bbc2a4a2a0b89cd35ee9f,65,0,0.2733122706413269,0,0,0.0005434126942418516,0,0,0.18281954526901245,0,0,0.6493037343025208,0,0,0.5485869646072388,0
5da88679ea6837b341bb17cf40877cea,65,0,0.5521323084831238,1,0,0.2814752459526062,0,0,0.4136718511581421,0,0,0.36825284361839294,0,0,0.4704996943473816,0
5dc955f7d99449f88928d0fdd492533b,65,0,0.47048625349998474,0,0,0.39632803201675415,1,0,0.2715984284877777,0,0,0.3026747405529022,0,0,0.2741052210330963,0
5dcc32890d8892aa5583f07b8308f6d9,65,0,0.29520002007484436,0,0,0.5997658967971802,1,0,0.1774744689464569,0,0,0.2529357969760895,0,0,0.28273478150367737,0
5dcc4cf4ea03103c20218117eb9fb9b0,65,0,0.2970057427883148,0,0,0.17653897404670715,0,0,0.14594873785972595,0,0,0.34569957852363586,0,0,0.20720715820789337,0
5dda48765ebe01374eecab8e65821615,65,0,0.48793211579322815,0,0,0.30297598242759705,0,0,0.2594298720359802,0,0,0.5224470496177673,0,0,0.4210865795612335,0
5df8ceb0c06c1a5a7eae66e68cecc804,65,0,0.5441970825195312,1,0,0.4844147264957428,1,0,0.5148395299911499,1,0,0.31427064538002014,0,0,0.5969477891921997,0
5e0835a600b595340117661ddcf40874,65,0,0.2956029176712036,0,0,0.013697708025574684,0,0,0.07972931116819382,0,0,0.20564237236976624,0,0,0.13466216623783112,0
5e0c289e7bf4efc3780975780ca3dcf4,65,0,0.6766908168792725,1,0,0.38823941349983215,1,0,0.5302231907844543,1,0,0.19248047471046448,0,0,0.29147422313690186,0
5e0e46b7af5381ca4af6a51e7992a69f,65,0,0.7853361368179321,1,1,0.049370426684617996,0,1,0.9512618780136108,1,0,0.5258627533912659,0,0,0.42840972542762756,0
5e5fc315d2f1aa94c2a06dd54aaba053,65,0,0.43486154079437256,0,0,0.06356321275234222,0,0,0.09900794923305511,0,0,0.4137875735759735,0,0,0.016544461250305176,0
5e65e6bc517da1f30cb5ce0ce367efd6,65,0,0.6668038964271545,1,0,0.17237626016139984,0,0,0.22310654819011688,0,0,0.18456688523292542,0,1,0.2832847237586975,0
5e6bdaa0089a60e2d44f8414c188abb3,65,0,0.39663445949554443,0,0,0.12527237832546234,0,0,0.24162887036800385,0,0,0.452047735452652,0,0,0.3240446448326111,0
5e74d323e655e680438e743b868d47b8,65,0,0.4132610261440277,0,0,0.02616708166897297,0,0,0.41397830843925476,0,1,0.6944168210029602,1,0,0.0990922600030899,0
5e9b9e927b853f5a95cd487b249e77b2,65,0,0.2862394452095032,0,0,0.055709753185510635,0,0,0.1635204702615738,0,0,0.3665986955165863,0,0,0.4768756628036499,0
5ead347d71cf5025f286cd0340e8de98,66,0,0.5616205334663391,1,1,0.8869991302490234,1,0,0.435614675283432,1,0,0.4161819815635681,0,0,0.34550997614860535,0
5ed2380173b2e8517d11c525198474d0,66,0,0.42840060591697693,0,0,0.8031607270240784,1,0,0.364308625459671,0,0,0.4161851406097412,0,0,0.29498055577278137,0
5eda4abc36bf4f4d7553ce62ad167fc3,66,0,0.2261967808008194,0,0,0.00965556874871254,0,0,0.12043419480323792,0,0,0.2529972493648529,0,0,0.10481700301170349,0
5ef0d0b605f39b09df42d293e87971e3,66,0,0.40711769461631775,0,0,0.04088238626718521,0,0,0.2940250337123871,0,0,0.48283204436302185,0,0,0.6322383284568787,0
5f187acbe31f6335db2d8ec41c2815b5,66,0,0.37299758195877075,0,0,0.005887737963348627,0,0,0.09028661251068115,0,0,0.22066229581832886,0,0,0.16451840102672577,0
5f258fac6e0345f01b8253712e83e454,66,0,0.6107467412948608,1,0,0.21804091334342957,0,0,0.27706366777420044,0,0,0.8076300024986267,1,0,0.46026673913002014,0
5f465c42b5dabad92561ebc83310755f,66,0,0.4871574640274048,0,0,0.04386435076594353,0,0,0.09085408598184586,0,0,0.36711812019348145,0,0,0.046942953020334244,0
5f493090bbd86d604d1032df61b2bc8b,66,0,0.6096987128257751,1,0,0.6826671361923218,1,0,0.33771294355392456,0,0,0.15053977072238922,0,0,0.044101569801568985,0
5f6e71dbd4bfb41dd6ba455f38b55b48,66,1,0.23811617493629456,0,0,0.2033699005842209,0,0,0.22407835721969604,0,0,0.3804375231266022,0,0,0.7634791731834412,0
5f6f2b299b3563b39f0a81dc4045f38a,66,0,0.21093273162841797,0,0,0.08185255527496338,0,0,0.22968879342079163,0,0,0.2706165611743927,0,0,0.14105509221553802,0
5f7ff740eb512cd79270692b145d9f43,66,0,0.3754132091999054,0,0,0.001862877863459289,0,0,0.29910945892333984,0,0,0.5656585693359375,0,0,0.36103206872940063,0
5fa0495898bec4aa9880079a3073ebe9,66,0,0.7382150888442993,1,0,0.19162778556346893,0,0,0.20434805750846863,0,0,0.08955520391464233,0,0,0.043165452778339386,0
5fb0ad980bcb4764b72c8ec737669801,66,0,0.694977343082428,1,1,0.6722002029418945,1,0,0.7766760587692261,1,0,0.4152762293815613,0,0,0.08599206060171127,0
5fbbcff7a47bce1f31ac6ca777e79a2d,66,0,0.3841671645641327,0,0,0.0009368855971843004,0,0,0.3142499029636383,0,0,0.403586208820343,0,0,0.7441386580467224,0
5fc06f3386f8762ac1d2563520056a95,66,1,0.599518358707428,1,0,0.24556779861450195,0,0,0.5142351984977722,1,0,0.6638519763946533,0,0,0.37542781233787537,0
5fc94f48e87133c8b9aa2011b76a50a2,66,1,0.6014827489852905,1,1,0.256523072719574,0,0,0.6905766129493713,1,1,0.7136759757995605,1,0,0.8374553918838501,0
5fe1faff313cb7b3019b7e1686f7ff57,67,0,0.3681724965572357,0,0,0.22131295502185822,0,0,0.43333253264427185,1,0,0.40101292729377747,0,0,0.5378628373146057,0
6022bb1b65e1ffd7d70a6c5b70bc3962,67,0,0.4923616647720337,0,0,0.24191167950630188,0,0,0.5198807120323181,1,0,0.42480605840682983,0,0,0.6873666644096375,0
6039745a7cf89b4f65da84eaa8c1a226,67,0,0.4212687313556671,0,0,0.034997303038835526,0,0,0.048896681517362595,0,0,0.12653028964996338,0,0,0.009720289148390293,0
6039aea81ebf9094b5b3a1be940e09eb,67,0,0.4577137529850006,0,0,0.7158774137496948,1,0,0.42785364389419556,0,0,0.4432174265384674,0,0,0.45369789004325867,0
603f46ee0064be1ad82c131af4f5c5df,67,0,0.32145529985427856,0,0,0.045982472598552704,0,0,0.1641438603401184,0,0,0.38700851798057556,0,0,0.3975754380226135,0
60485f64a1de6c652639c3ab84fcd12f,67,0,0.3024970591068268,0,0,0.03959896042943001,0,0,0.07347483932971954,0,0,0.501092791557312,0,0,0.061181433498859406,0
605186158128f2160564d7b3c9898db3,67,0,0.6884101033210754,1,0,0.037601593881845474,0,0,0.7518748641014099,1,0,0.8850215673446655,1,0,0.26889145374298096,0
605dd6be5c1776fcc2435dacb7f9bad1,67,0,0.45740896463394165,0,0,0.0026721772737801075,0,0,0.4700910747051239,1,0,0.6563370227813721,0,0,0.5565941333770752,0
6072691c16f225c5758fd5d4750b3044,67,0,0.7569528222084045,1,1,0.8310332298278809,1,0,0.5963618159294128,1,0,0.5393397808074951,0,0,0.3577914535999298,0
6073528e3a3ae67cf0f69e79c2d65c7a,67,0,0.46625256538391113,0,0,0.06495969742536545,0,0,0.3063742220401764,0,0,0.23854514956474304,0,0,0.2629409432411194,0
608614185411b42c65111af9fc737f35,67,0,0.3381917476654053,0,0,0.4094829261302948,1,0,0.14294065535068512,0,0,0.16339759528636932,0,0,0.06419230997562408,0
6087594b3cfce30c211a8e2edcc3421e,67,0,0.35315144062042236,0,0,0.013108774088323116,0,0,0.2482908070087433,0,0,0.2611871659755707,0,0,0.53403240442276,0
60c667d029a8c9a394a64e83af944953,67,0,0.67669278383255,1,0,0.039997648447752,0,0,0.5509051084518433,1,0,0.28735747933387756,0,0,0.352341890335083,0
6100bc75e0a668c382d92d5eb9038076,67,0,0.30728933215141296,0,0,0.38918164372444153,1,0,0.17036791145801544,0,0,0.3313184082508087,0,0,0.3627099096775055,0
61073332776c189abf3844bb71f990ab,67,0,0.30083802342414856,0,0,0.6165660619735718,1,0,0.08636907488107681,0,0,0.1242637187242508,0,0,0.10632357001304626,0
6109bd812d12e7f376d24f936ae44412,67,0,0.5339468121528625,1,0,0.0049172136932611465,0,0,0.40856239199638367,0,0,0.75738525390625,1,0,0.7510052919387817,0
61327c4b99bf9a8459c9bbbb8cdb1e98,68,0,0.3890700340270996,0,0,0.006145141553133726,0,0,0.45571833848953247,1,0,0.7396751046180725,1,0,0.6457292437553406,0
61353a4bf860223894df6ca7dcd857d1,68,0,0.6009207963943481,1,0,0.43713268637657166,1,0,0.33417803049087524,0,0,0.31910470128059387,0,0,0.12626788020133972,0
614aa276d0f32f1807409cc1ce713e0e,68,1,0.4456121623516083,0,0,0.0033987953793257475,0,0,0.3803987503051758,0,0,0.6325567960739136,0,0,0.864276647567749,0
615103c934a78744f2081127125616a3,68,0,0.20041894912719727,0,0,0.1453666239976883,0,0,0.07052526623010635,0,0,0.11000480502843857,0,0,0.013475621119141579,0
615be21de05d7049ddb1652520d7f528,68,0,0.5949665307998657,1,0,0.33016908168792725,0,0,0.4415474236011505,1,0,0.37338852882385254,0,0,0.30392879247665405,0
615f0f5be81be998158659b735a3e8c8,68,1,0.5475244522094727,1,0,0.026223374530673027,0,1,0.7718825340270996,1,0,0.4669337272644043,0,1,0.8143495321273804,0
617ea36830c24b725ac31c81cbe6bdbd,68,0,0.39517107605934143,0,0,0.21306335926055908,0,0,0.18946748971939087,0,0,0.20855873823165894,0,0,0.03850175440311432,0
61811eeeb8edb37cac44cdaa6cd30364,68,1,0.7390796542167664,1,0,0.35885754227638245,0,0,0.5168247818946838,1,1,0.8007636070251465,1,1,0.623438835144043,0
6182777129374eb463e2b20ed36b4011,68,0,0.36891859769821167,0,1,0.07029460370540619,0,1,0.4290701448917389,0,0,0.7360642552375793,1,0,0.675542414188385,0
618777b8305b062583337d9a6b7a3d4e,68,0,0.4027882516384125,0,0,0.049087509512901306,0,0,0.40008944272994995,0,0,0.587090790271759,0,0,0.763300895690918,0
618881f58ff428d49dc4b830c762845f,68,0,0.34398889541625977,0,0,0.2078118920326233,0,0,0.06791577488183975,0,0,0.09688346832990646,0,0,0.03876752033829689,0
61b5b9b49242ae40885781dd2c1a2cb0,68,0,0.3912445306777954,0,0,0.34022295475006104,0,0,0.3096730411052704,0,0,0.3306693434715271,0,0,0.2714364528656006,0
61c0f32c4fad9cadae858544705625dd,68,0,0.3576717972755432,0,0,0.027256764471530914,0,0,0.07379238307476044,0,0,0.16469734907150269,0,0,0.028315892443060875,0
61eab9bde303d3cd00fb9a4137b7ea22,68,0,0.5762884020805359,1,0,0.023638689890503883,0,0,0.4327752888202667,1,0,0.3837021291255951,0,0,0.6931911110877991,0
62019939690f6d1adffa89335bc8822f,68,0,0.5809649229049683,1,1,0.268913596868515,0,0,0.27957817912101746,0,0,0.4133528172969818,0,0,0.2041572630405426,0
622892fc0ef372c3c6c99d593c341f2f,68,1,0.6659720540046692,1,1,0.710844874382019,1,0,0.527538001537323,1,0,0.5164857506752014,0,0,0.31862005591392517,0
624ad6845050f024902fd3fce5402988,69,0,0.4323596954345703,0,0,0.7101776003837585,1,0,0.1626552790403366,0,0,0.07454617321491241,0,0,0.03061703033745289,0
626185fb9e429be96fdf29f0c1ec665a,69,0,0.27786752581596375,0,0,0.02726120315492153,0,0,0.16200993955135345,0,0,0.4924512803554535,0,0,0.3581710159778595,0
6262074ab507148344a09ead5941c3b8,69,0,0.4092678725719452,0,0,0.02544773556292057,0,0,0.15874895453453064,0,0,0.22411364316940308,0,0,0.05554919317364693,0
627085177f108602d3bdcf13a1748354,69,0,0.45995959639549255,0,0,0.01849900372326374,0,0,0.6735183596611023,1,0,0.46002674102783203,0,0,0.7412293553352356,0
6273626dc6aded042607dd342de195af,69,0,0.3392353653907776,0,0,0.2270238697528839,0,0,0.16349360346794128,0,0,0.3206247091293335,0,0,0.12708348035812378,0
62c427184e17db926037ce718ed2d202,69,0,0.5325167775154114,1,0,0.7974804043769836,1,0,0.6197565793991089,1,0,0.3458288908004761,0,0,0.41970548033714294,0
62e12180474ea235f3e915afb79b1aaa,69,0,0.4388562738895416,0,0,0.0301279965788126,0,0,0.20970791578292847,0,1,0.3232780396938324,0,0,0.5379899740219116,0
6325341c36f40a4641b62c3131d82b4e,69,0,0.4467272162437439,0,0,0.2435751110315323,0,0,0.18999788165092468,0,0,0.299085408449173,0,0,0.050442133098840714,0
6325ed4ab3c3d0233263c751e7452907,69,0,0.6159808039665222,1,1,0.681596577167511,1,0,0.36959198117256165,0,0,0.38638338446617126,0,0,0.3255852162837982,0
6330b65f66ce37f9a3a3916a9850c6b5,69,0,0.2392437607049942,0,0,0.02437284030020237,0,0,0.11543171107769012,0,0,0.3095433712005615,0,0,0.3981444537639618,0
63766e86c0ffb84139f35b8809380326,69,0,0.4968562424182892,0,0,0.12878312170505524,0,0,0.40558087825775146,0,0,0.3314194083213806,0,0,0.7411181330680847,0
63a81da4e2cbd78bdf8eddbdc368b3fb,69,0,0.47968289256095886,0,0,0.6112846732139587,1,0,0.30381694436073303,0,0,0.2768339216709137,0,0,0.05436988174915314,0
63d11e1a4e6167f0625d0276fa926a47,69,0,0.30519869923591614,0,0,0.027404356747865677,0,0,0.2586170434951782,0,0,0.613254725933075,0,0,0.4808403551578522,0
63e68d84225031fbfd93bb129a808eb7,69,1,0.6005834341049194,1,0,0.029907146468758583,0,0,0.4978058636188507,1,0,0.9337894916534424,1,0,0.2079250067472458,0
642719d5349009d7f20e33a5c65752e1,69,1,0.780571699142456,1,0,0.10549413412809372,0,0,0.6412938237190247,1,0,0.728243887424469,1,0,0.6492391228675842,0
645e178a29fb3afd99c82be559afb26e,69,0,0.4687538146972656,0,0,0.007124211639165878,0,0,0.3253486454486847,0,1,0.5075535774230957,0,0,0.6194603443145752,0
645f1d663a0008a679a6187bef19e968,70,0,0.33035391569137573,0,0,0.047632619738578796,0,0,0.19592802226543427,0,0,0.25661325454711914,0,0,0.22959314286708832,0
6490e2cf8ea994ef53c06c287d59085d,70,0,0.46299508213996887,0,0,0.03574136272072792,0,0,0.3047527074813843,0,0,0.2655700445175171,0,0,0.1329493671655655,0
64a157c58ebf8f3c33287c75c6ec4767,70,0,0.28811362385749817,0,0,0.6236957311630249,1,0,0.27686578035354614,0,0,0.28319108486175537,0,0,0.25209686160087585,0
64fb0a3840ef0a2c922c91571f27688f,70,0,0.3087159991264343,0,0,0.02043614536523819,0,0,0.043699219822883606,0,0,0.10736632347106934,0,0,0.021914152428507805,0
650b995364f405a9341f39f50126ffcf,70,0,0.30186814069747925,0,0,0.002649532863870263,0,0,0.1136268898844719,0,0,0.2998808026313782,0,0,0.28566595911979675,0
651f80308ec0b380af4f031bd547c229,70,0,0.572346031665802,1,0,0.8417056202888489,1,0,0.46311163902282715,1,0,0.5293437838554382,0,0,0.14873464405536652,0
65279dbfdffd5d1250e8f7d0293d5727,70,0,0.24591614305973053,0,0,0.01087551936507225,0,0,0.10995671153068542,0,0,0.2688257098197937,0,0,0.35357898473739624,0
652ae3349c1019e5b64e7e967f29c5d9,70,0,0.5089663863182068,1,0,0.20294807851314545,0,0,0.31969091296195984,0,0,0.5713937878608704,0,0,0.19510452449321747,0
652bd062cf5ccabe5e120d5fecfd46b0,70,0,0.5852595567703247,1,0,0.38893961906433105,1,0,0.6901911497116089,1,0,0.79324871301651,1,0,0.7802286744117737,0
6547bec43838410978ebabe333495e7a,70,0,0.760452926158905,1,0,0.6844411492347717,1,0,0.8469662070274353,1,0,0.4435807466506958,0,0,0.16503332555294037,0
6581602a6339fe446da34c3bbc628dc8,70,0,0.2948508560657501,0,0,0.018020372837781906,0,0,0.2227317839860916,0,0,0.45035481452941895,0,0,0.5065619945526123,0
65865c33df06763900eca14fc91390bf,70,0,0.4306475520133972,0,0,0.36301717162132263,1,0,0.16193214058876038,0,0,0.14187677204608917,0,1,0.22607643902301788,0
658f4a76ab0e81e31d37f12c8c661b3c,70,1,0.614999532699585,1,0,0.011185644194483757,0,1,0.4052883982658386,0,0,0.7690727710723877,1,1,0.8153784871101379,0
65d990620d6cdcf8e92ea7e2eb624fc0,70,0,0.4701460003852844,0,0,0.010099202394485474,0,0,0.14733777940273285,0,0,0.42459550499916077,0,0,0.049514323472976685,0
65e600f7fd5b8cf1c3027e2165585ed8,70,0,0.5245153903961182,1,0,0.18077751994132996,0,0,0.3159297704696655,0,0,0.3524645268917084,0,0,0.6450251340866089,0
660579a438aedc7960b0bea9640c2df1,70,0,0.5574000477790833,1,0,0.3868413269519806,1,0,0.5549567341804504,1,0,0.6440198421478271,0,0,0.6852065920829773,0
660b7e51824df6c7e0cf8d669f7b6485,71,0,0.43522706627845764,0,0,0.29960203170776367,0,0,0.4476979672908783,1,0,0.1636800318956375,0,0,0.3019086718559265,0
660eef5eec9f1d7af587da0e67222e94,71,1,0.7197893857955933,1,1,0.12873272597789764,0,0,0.7191879749298096,1,0,0.6218519806861877,0,0,0.6152437925338745,0
66204c1c0e3628601c10aae51963b5ea,71,0,0.38434430956840515,0,0,0.2809228003025055,0,0,0.36159011721611023,0,0,0.3949071168899536,0,0,0.6154510974884033,0
6621cc841cea87c5e90550935fdfb730,71,0,0.3827850818634033,0,0,0.227265402674675,0,0,0.19854937493801117,0,0,0.3353087902069092,0,0,0.32598599791526794,0
662b95447b40328a6844834af8835fd2,71,0,0.4912799298763275,0,0,0.32211798429489136,0,0,0.3107975125312805,0,0,0.24846795201301575,0,0,0.37249213457107544,0
6637c08da9b3bce162e3aa689da14574,71,1,0.6505134105682373,1,0,0.08350864052772522,0,1,0.7508096098899841,1,1,0.597413182258606,0,0,0.3425353765487671,0
665c4a6d2693dc0286d65ab479c9b169,71,0,0.6100504994392395,1,0,0.35753190517425537,0,0,0.5175672769546509,1,1,0.914519727230072,1,0,0.47742730379104614,0
667ee8460269a5864a0fc00b4a9bf62f,71,0,0.28460779786109924,0,0,0.00943797454237938,0,0,0.18299324810504913,0,0,0.2904289662837982,0,0,0.11348721385002136,0
66999352526e3fe5ea5e2fcb065eb2c5,71,0,0.5379863977432251,1,0,0.010809925384819508,0,0,0.23167270421981812,0,0,0.30660104751586914,0,0,0.22441184520721436,0
669a2a0c6d62262965801dee89376343,71,0,0.25878021121025085,0,0,0.022572694346308708,0,0,0.19300828874111176,0,0,0.12900550663471222,0,0,0.05855739489197731,0
66d46e46d052f43f708037a2fa8c3587,71,0,0.37622350454330444,0,0,0.0594370998442173,0,0,0.1952211856842041,0,0,0.29674461483955383,0,0,0.36793434619903564,0
66f3c32f043f484e86d2b3e48777b1a4,71,0,0.6070395708084106,1,0,0.16245703399181366,0,0,0.17691197991371155,0,0,0.28788721561431885,0,0,0.06342394649982452,0
66f8ea5f21b26731b6bd4a1574c25abb,71,0,0.505765974521637,1,0,0.1402016580104828,0,0,0.19521644711494446,0,0,0.5041031837463379,0,0,0.39156797528266907,0
66fcdc246e2d6dbe7aae14db8b54d2ef,71,0,0.2698436379432678,0,0,0.01508859358727932,0,0,0.11111916601657867,0,0,0.1923714131116867,0,0,0.21205821633338928,0
670058d081c80065f0bc1087737093cb,71,0,0.2699073851108551,0,0,0.022542374208569527,0,0,0.06298346817493439,0,0,0.29909032583236694,0,0,0.08043204993009567,0
673fdef5f3c813232620a6d2af079cac,71,1,0.6988598704338074,1,1,0.9073440432548523,1,0,0.6332191228866577,1,1,0.8542366027832031,1,0,0.6239504218101501,0
67626c635c3b17db4acd9052a06f8be5,72,0,0.2704741060733795,0,0,0.3161109685897827,0,0,0.23151139914989471,0,0,0.13832475244998932,0,0,0.20361249148845673,0
6786d1115f8dd6a72aaf6484ebfcc7aa,72,1,0.610794186592102,1,0,0.2656627893447876,0,0,0.355499804019928,0,0,0.37465688586235046,0,0,0.5394366383552551,0
67b03574d2c2a1cb24109269ceb021c3,72,0,0.47375836968421936,0,0,0.0058739278465509415,0,0,0.04664066806435585,0,0,0.6483478546142578,0,0,0.07281401753425598,0
67b79ff73377ea7e3b3077e7fe493ca0,72,0,0.4890494644641876,0,0,0.6469002366065979,1,0,0.20226281881332397,0,0,0.2464783936738968,0,0,0.033254172652959824,0
67bbf19b5522fcff2ca65e09b1cd1df8,72,0,0.4829099774360657,0,0,0.12753735482692719,0,0,0.41476693749427795,0,0,0.3732623755931854,0,0,0.8414894342422485,0
67d7e1cdaf6a8da4b2247f70d06718e3,72,0,0.6654476523399353,1,0,0.08607856184244156,0,1,0.5199735760688782,1,1,0.9344400763511658,1,0,0.2853509485721588,0
67f342c22873acfcf19d3b6501e53802,72,1,0.4729573428630829,0,0,0.0023828865960240364,0,0,0.4902074933052063,1,0,0.5150355696678162,0,0,0.9060208797454834,1
6818934fdace67a5ebca75f90d598002,72,0,0.5754345655441284,1,0,0.23972585797309875,0,0,0.6569882035255432,1,0,0.3635440170764923,0,0,0.4612339735031128,0
68586360d876ffd615409150466439f2,72,0,0.5221088528633118,1,0,0.4466153383255005,1,0,0.5251915454864502,1,0,0.5311763882637024,0,1,0.6145275235176086,0
687a7fcfa8f707f5770e5191f0008037,72,0,0.3567408621311188,0,0,0.15179742872714996,0,0,0.4399343729019165,1,0,0.2035999894142151,0,0,0.5066962838172913,0
688ecdb1a4e994d42b5a50a8c4a9736f,72,0,0.46851399540901184,0,1,0.7837117314338684,1,0,0.2164764255285263,0,0,0.28362444043159485,0,0,0.1326858103275299,0
68c57d93f9fcc74a760de0a64c6bc883,72,1,0.3274591863155365,0,0,0.09275231510400772,0,0,0.1721823513507843,0,0,0.3454393744468689,0,0,0.4732634127140045,0
68de8599cb0dad09fd695e507f3ddfd0,72,0,0.35770389437675476,0,0,0.6451779007911682,1,0,0.1819336712360382,0,0,0.16488291323184967,0,0,0.04065573215484619,0
68ea2c78d412b314ebe9b7261173f274,72,0,0.7581160068511963,1,0,0.06844688206911087,0,0,0.768280565738678,1,0,0.4237464368343353,0,0,0.05600568652153015,0
690bb572300ef08bbbb7ebf4196099cf,72,0,0.38473355770111084,0,0,0.08865329623222351,0,0,0.1146114245057106,0,0,0.5085973143577576,0,0,0.057375308126211166,0
690f60dc7bb8faf32394031b8c300891,72,0,0.16446420550346375,0,0,0.0011181281879544258,0,0,0.11036784946918488,0,0,0.29633060097694397,0,0,0.5176224708557129,0
692132c8de743f5d8d37c499fda700e7,73,0,0.5051490664482117,1,0,0.7652120590209961,1,0,0.4441320598125458,1,0,0.3157632648944855,0,0,0.2138386070728302,0
693b9d7ca60ce47d15fb730a3a0ad999,73,0,0.26927056908607483,0,0,0.0037629087455570698,0,0,0.18687748908996582,0,0,0.3693910539150238,0,0,0.4347064197063446,0
69454c090ae1d9ff81da56af7c2d27b8,73,0,0.30268624424934387,0,0,0.42652755975723267,1,0,0.21079908311367035,0,0,0.24646860361099243,0,0,0.4362637996673584,0
6959b17325347f030bc39218814e23b5,73,0,0.5890598297119141,1,0,0.1476929485797882,0,0,0.3548926115036011,0,0,0.1997925043106079,0,1,0.2542392909526825,0
69697ec2f4497b9c4da61a96b30ded28,73,0,0.6897773146629333,1,0,0.2267449051141739,0,0,0.4182131886482239,0,0,0.372821182012558,0,0,0.24525517225265503,0
696b2f74de8b69decbb4f884b77c7429,73,0,0.43343934416770935,0,0,0.7437338829040527,1,0,0.1762094497680664,0,0,0.6609191298484802,0,0,0.23323379456996918,0
699a8677439fd564ed21abdbf7b44db0,73,0,0.24220815300941467,0,0,0.00715631153434515,0,0,0.07497482001781464,0,0,0.4947207570075989,0,0,0.16320009529590607,0
69aae4076223158f2e0cfe8f6f74ce68,73,0,0.4343340992927551,0,0,0.018657725304365158,0,0,0.5197793841362,1,0,0.33604806661605835,0,0,0.5148693323135376,0
69c3b647eb846e099161d2a162ea5ce0,73,0,0.580570638179779,1,0,0.31937432289123535,0,0,0.42309796810150146,0,0,0.7184612154960632,1,1,0.3458227515220642,0
69cab0314beaa8eefe2f3b4d316b2642,73,0,0.46487411856651306,0,0,0.16998012363910675,0,0,0.2745245099067688,0,0,0.2248833328485489,0,0,0.2820327877998352,0
69cdda9dc9e51f15384964918ef50806,73,0,0.6161631345748901,1,0,0.894365668296814,1,0,0.6261983513832092,1,0,0.34245485067367554,0,0,0.3765118718147278,0
69d19f0d8ac223581188a5adf05cd313,73,0,0.4547882676124573,0,0,0.3975345492362976,1,0,0.411020427942276,0,0,0.32122722268104553,0,0,0.09581457823514938,0
69e11ab385dac820accda778f80af430,73,0,0.4290045499801636,0,0,0.006485802121460438,0,0,0.2785278260707855,0,0,0.45143449306488037,0,0,0.49600949883461,0
69f8a7c2bc453e0c3c71442dd0c46d91,73,0,0.6015830039978027,1,0,0.01821429841220379,0,0,0.4600326120853424,1,0,0.4625219404697418,0,0,0.7108234167098999,0
69fa47c3c46618fe8c58966a2cc66aef,73,0,0.5687867999076843,1,0,0.17525199055671692,0,0,0.5856806039810181,1,0,0.7456032633781433,1,0,0.3545829951763153,0
6a31846520f47386beb48675231cde3b,73,0,0.28071892261505127,0,0,0.0035526275169104338,0,0,0.026735400781035423,0,0,0.1945113092660904,0,0,0.02567676268517971,0
6a5838d715564084f35e0719e58fe610,74,0,0.29282012581825256,0,0,0.0892479419708252,0,0,0.11567015945911407,0,0,0.2450684905052185,0,0,0.07154527306556702,0
6a7a509436c9822e6481247f7df41779,74,0,0.41061729192733765,0,0,0.03027951903641224,0,0,0.19414086639881134,0,0,0.2807295620441437,0,0,0.4043543338775635,0
6ae39ad5e196a92fbba5d134ef59463d,74,0,0.5993484258651733,1,1,0.872556746006012,1,0,0.6317520141601562,1,0,0.6011861562728882,0,0,0.4477764368057251,0
6ae66f1bc9c08766adb65d366a60e2b0,74,0,0.3298254907131195,0,0,0.007933376356959343,0,0,0.11335822194814682,0,0,0.15694594383239746,0,0,0.03426606208086014,0
6ae67e95de277c280873ec6a0dd3dc01,74,0,0.3135623633861542,0,0,0.039832256734371185,0,0,0.22758632898330688,0,0,0.344228059053421,0,0,0.6294184923171997,0
6af0347de5ced3d7daa3c5db56c4ebf4,74,0,0.5579607486724854,1,0,0.35046908259391785,0,0,0.37346673011779785,0,0,0.3715907037258148,0,0,0.18911738693714142,0
6b393b32817f727c23d31e2333876763,74,0,0.5106954574584961,1,0,0.11967970430850983,0,0,0.3156154155731201,0,0,0.35660842061042786,0,0,0.318871408700943,0
6b3e4fda37acc0d488a930b100fa0317,74,0,0.34272077679634094,0,0,0.01742946356534958,0,0,0.3203609585762024,0,0,0.4774268865585327,0,0,0.6597139239311218,0
6b6a6751b4156410868de79d1a6ca72a,74,0,0.36869779229164124,0,0,0.7401081919670105,1,0,0.2846294045448303,0,0,0.2878558337688446,0,0,0.4814131557941437,0
6b872791e23742f6c33a08fc24f77365,74,0,0.35830456018447876,0,0,0.23661303520202637,0,0,0.09945229440927505,0,0,0.1597827523946762,0,0,0.11618202179670334,0
6b94fef0e417c083388ba961b1d2786a,74,0,0.6053284406661987,1,1,0.09042712301015854,0,0,0.2803806960582733,0,0,0.6781907677650452,0,0,0.2876272201538086,0
6be87996a6f4e9339892c7b8c3af42f3,74,0,0.36166250705718994,0,0,0.0053700595162808895,0,0,0.45374956727027893,1,0,0.4725135564804077,0,0,0.7475826144218445,0
6bf51457a3a0798a7d00fdce6d50756f,74,0,0.652917742729187,1,0,0.13525179028511047,0,0,0.4016967713832855,0,0,0.49054041504859924,0,0,0.10668881982564926,0
6c0557a8c8475e92ba4118e480157ff5,74,0,0.5213283896446228,1,0,0.08902361243963242,0,0,0.3657280206680298,0,0,0.7010422945022583,1,0,0.3019169867038727,0
6c093584e2497ef2129a3bdbaac44060,74,0,0.6294430494308472,1,1,0.9020630121231079,1,0,0.6636155843734741,1,0,0.4361547529697418,0,0,0.35211095213890076,0
6c096a44b9b644d74f7a2dc79401f475,74,0,0.3677578568458557,0,0,0.005890228319913149,0,0,0.09057102352380753,0,0,0.32712191343307495,0,0,0.15538975596427917,0
6c17cc0ca0591575ae3f0ae62fd9edef,75,0,0.48486384749412537,0,0,0.005413814913481474,0,1,0.8776856660842896,1,1,0.9214370250701904,1,0,0.564110517501831,0
6c1abadac7cba4b7ace5ef35d67b0082,75,0,0.32742977142333984,0,0,0.07893609255552292,0,0,0.26127272844314575,0,0,0.6181558966636658,0,0,0.6145042777061462,0
6c28ef5c6b6bc382a9c5b70fbe7f1864,75,0,0.3667881488800049,0,0,0.13182267546653748,0,0,0.11117347329854965,0,0,0.2517438232898712,0,0,0.1704467386007309,0
6c4f50895f5342d5377b80c6dca50ac4,75,0,0.2619445323944092,0,0,0.009738398715853691,0,0,0.11577751487493515,0,0,0.28265535831451416,0,0,0.4293730556964874,0
6c6c4e6cb64f4291077af260d3f696d1,75,0,0.6460627317428589,1,0,0.3731344938278198,1,0,0.23704710602760315,0,0,0.09903700649738312,0,0,0.021730395033955574,0
6c71ea8dbd37e59b995085cd189e1621,75,0,0.6776155829429626,1,0,0.02607622556388378,0,0,0.3696695566177368,0,0,0.7200313210487366,1,1,0.21519063413143158,0
6c9502d09e81b5505727e86481d2ed51,75,0,0.16411122679710388,0,0,0.14116112887859344,0,0,0.08548571914434433,0,0,0.5110195279121399,0,0,0.3272780179977417,0
6ca2a9acd3421424f26805ef49e9bdff,75,0,0.27002930641174316,0,0,0.006941336207091808,0,0,0.2738551199436188,0,0,0.34961214661598206,0,0,0.5905855298042297,0
6cbbbc0e77251e60d6f4af673cc19e2a,75,1,0.7322114109992981,1,1,0.16413770616054535,0,1,0.9213600158691406,1,0,0.44588184356689453,0,1,0.5061054229736328,0
6cbf4295b5b72bc01ef6fd171ef7733e,75,1,0.7836015224456787,1,0,0.3377129137516022,0,1,0.6916763186454773,1,0,0.35556933283805847,0,0,0.2616386413574219,0
6cce56dda2a5b90c9ac2987b1a8e3f45,75,0,0.34893128275871277,0,0,0.08259473741054535,0,0,0.1791781485080719,0,0,0.39367902278900146,0,0,0.5403952598571777,0
6cd9d28658e91fe717e33e2f8b10e81a,75,0,0.6696695685386658,1,1,0.7213647365570068,1,0,0.4652229845523834,1,0,0.5987171530723572,0,1,0.6780468821525574,0
6ce0806845f2f73ef1665353979d581f,75,0,0.5635703802108765,1,0,0.13017529249191284,0,0,0.07280158996582031,0,0,0.07483142614364624,0,0,0.020194770768284798,0
6ce444e8adaafc7d20422f662b9ef160,75,0,0.6731400489807129,1,0,0.4928135871887207,1,0,0.5498676896095276,1,0,0.29892709851264954,0,0,0.18466688692569733,0
6ced1a5ca6625e9c00070e14a98cf816,75,0,0.1766369342803955,0,0,0.008795730769634247,0,0,0.05099772289395332,0,0,0.47194409370422363,0,0,0.23277239501476288,0
6cf8916303a07f3909297be170f21f7a,75,0,0.408507764339447,0,0,0.8688789010047913,1,0,0.2903274893760681,0,0,0.2542751133441925,0,0,0.24808187782764435,0
6d2219f1c8c4af1e05acfe2c6e02f1d5,76,0,0.1993693858385086,0,0,0.0009733917540870607,0,0,0.05703169107437134,0,0,0.35579848289489746,0,0,0.040639426559209824,0
6d3d6b53f358a983b486e9e03144eb62,76,0,0.4209970235824585,0,0,0.032165877521038055,0,0,0.2575521767139435,0,0,0.6905022263526917,1,0,0.4256969094276428,0
6d5cbffaa090403113687a73278ba98e,76,0,0.4425758719444275,0,0,0.5210109353065491,1,0,0.32122883200645447,0,0,0.19784270226955414,0,0,0.11137982457876205,0
6d63702f8b638639e72c9b72e504d45d,76,0,0.49104171991348267,0,0,0.3710106313228607,1,0,0.2654188275337219,0,0,0.13627848029136658,0,0,0.35196325182914734,0
6d7b08da7043a6e7c2d18424e329ced4,76,0,0.39931342005729675,0,0,0.37474921345710754,1,1,0.24903640151023865,0,0,0.4179551303386688,0,0,0.4580419659614563,0
6da36354fc904b63bc03eb3884e0c35c,76,0,0.5917217135429382,1,0,0.02943502739071846,0,0,0.6293136477470398,1,0,0.5744253396987915,0,1,0.5428088307380676,0
6db59ec25f0f8ab882e5ce79b1688aed,76,0,0.561905562877655,1,0,0.22269757091999054,0,0,0.39007237553596497,0,0,0.5357505083084106,0,1,0.8802632689476013,1
6dd5ddb94bf5028c69056c4d9af92cd9,76,0,0.444981187582016,0,0,0.027605921030044556,0,0,0.28585341572761536,0,0,0.30093851685523987,0,0,0.4539470970630646,0
6ddb758545f7aa226b736fa869cfb946,76,0,0.2824644446372986,0,0,0.2360089272260666,0,0,0.03783956170082092,0,0,0.16651199758052826,0,0,0.0331219844520092,0
6ddfbc87602afc5ef112b401637ef3ae,76,0,0.21609383821487427,0,0,0.006926422938704491,0,0,0.06986229121685028,0,0,0.4107494056224823,0,0,0.31990259885787964,0
6de2e33c4814358a4af07f0d2b03e2de,76,0,0.542549192905426,1,1,0.8513665199279785,1,0,0.4664788544178009,1,0,0.35132211446762085,0,0,0.338809072971344,0
6e07fab2014be723250f7897ab6e3df2,76,0,0.7098658680915833,1,0,0.34555891156196594,0,0,0.42276912927627563,0,0,0.2147391438484192,0,0,0.009454652667045593,0
6e1cefab110115d73b04accbe36df6f0,76,0,0.4310509264469147,0,0,0.05556739494204521,0,0,0.20468366146087646,0,0,0.32154208421707153,0,0,0.3129290044307709,0
6e27c7b2eed8f7a3d6342e242a89c631,76,0,0.5286819338798523,1,0,0.49590519070625305,1,0,0.5339061617851257,1,0,0.3959166705608368,0,0,0.6811513900756836,0
6e5612b9b3f15553bd159ead3b22e09d,76,1,0.6270250082015991,1,0,0.024800922721624374,0,1,0.8638352155685425,1,0,0.8722566962242126,1,0,0.4383580982685089,0
6e735c0945a973a1cc5f091eea115292,76,1,0.6613714098930359,1,0,0.07138393819332123,0,0,0.7261142134666443,1,1,0.661445140838623,0,0,0.5625905990600586,0
6e7d48015a85db1c2bc29bf3479e598f,77,1,0.5289113521575928,1,0,0.01823766902089119,0,0,0.5391566753387451,1,0,0.8608764410018921,1,0,0.6644319891929626,0
6e7d4b9cf93fee47afe3c299da9cd589,77,0,0.5024282932281494,1,0,0.8551687002182007,1,0,0.32722535729408264,0,0,0.1992291659116745,0,0,0.20456509292125702,0
6e911d2832e14bb624a486bea52220d6,77,0,0.46340471506118774,0,1,0.5758266448974609,1,0,0.51761394739151,1,0,0.472577303647995,0,0,0.8262932300567627,0
6e930ab867c57f51c91565b9d251ecc0,77,0,0.4614807069301605,0,0,0.19182898104190826,0,0,0.21100617945194244,0,0,0.49323874711990356,0,0,0.4229568839073181,0
6ebfa96ac20b0558ad4d0ff155df4035,77,0,0.3032189607620239,0,0,0.02927217073738575,0,0,0.49480003118515015,1,0,0.3006085455417633,0,0,0.56590735912323,0
6ee33e87bb9db350f4492c105b484d7b,77,0,0.4212700128555298,0,0,0.04980888217687607,0,0,0.1515878289937973,0,0,0.5458099246025085,0,0,0.2528094947338104,0
6ee6a322ef5a5c52b1e160c2ef5e83fd,77,0,0.6940966248512268,1,0,0.16646218299865723,0,0,0.5474199652671814,1,0,0.43853330612182617,0,0,0.3820050358772278,0
6efc2a619fbf842eeadbb1abc9b523f5,77,0,0.5631025433540344,1,0,0.7518328428268433,1,0,0.3964143395423889,0,0,0.6328946948051453,0,0,0.24463005363941193,0
6f04094bb30e028d5ae7dba96788e9dd,77,0,0.35118168592453003,0,0,0.20522883534431458,0,0,0.24985773861408234,0,0,0.32983165979385376,0,0,0.29020994901657104,0
6f1fcc25543d35bc02e348deabf59581,77,1,0.5567110776901245,1,0,0.015007443726062775,0,1,0.9184942245483398,1,1,0.8019270896911621,1,0,0.31273946166038513,0
6f2237ac129bdb372382853afb3fee6f,77,0,0.3928523659706116,0,0,0.06647980213165283,0,0,0.14021353423595428,0,0,0.21074546873569489,0,0,0.46651437878608704,0
6f275a49e59b6d07416bfd3b8b73f7a8,77,0,0.3690018057823181,0,0,0.004344669170677662,0,0,0.07389036566019058,0,0,0.09049613028764725,0,0,0.006291034631431103,0
6f375ce065ee91c25505dc4677b1e495,77,0,0.43138378858566284,0,0,0.012251167558133602,0,0,0.15624064207077026,0,0,0.34530290961265564,0,0,0.5317914485931396,0
6f681094d26fc24ffac5f0dcbb12c5e4,77,0,0.5243016481399536,1,0,0.06045905500650406,0,1,0.6308342814445496,1,0,0.6626831293106079,0,0,0.30897971987724304,0
6f69a6354bed9fabd85e9d5766075075,77,0,0.2774137258529663,0,0,0.44861796498298645,1,0,0.06786536425352097,0,0,0.2070026844739914,0,0,0.045239754021167755,0
6f80079783fd3bf3df3fed4d0733d511,77,0,0.5808297991752625,1,0,0.10747825354337692,0,0,0.1644660234451294,0,0,0.21369574964046478,0,0,0.3427615165710449,0
6f8320a9c444090bd55010537a9e7dcb,78,1,0.5554676055908203,1,0,0.006760824471712112,0,1,0.9151428937911987,1,0,0.6144012808799744,0,0,0.6408787369728088,0
6f85d2a7982a02cea67abf229e402404,78,0,0.4910414218902588,0,0,0.03379509598016739,0,0,0.24901936948299408,0,0,0.2511345446109772,0,0,0.07886213064193726,0
6f8b23eee8e3c3e4e47173d141f9b791,78,0,0.7794764041900635,1,1,0.8615883588790894,1,0,0.7367064952850342,1,0,0.4237886369228363,0,0,0.3856641948223114,0
6f915569b8a5b8143cfe9e17f421355c,78,0,0.5915364623069763,1,0,0.553920567035675,1,0,0.34819111227989197,0,0,0.19851894676685333,0,0,0.33347025513648987,0
6fa8814e8159cc0e7ac6d0477c0e6164,78,0,0.3521173298358917,0,0,0.013171274214982986,0,0,0.03779437392950058,0,0,0.1976759284734726,0,0,0.01989557221531868,0
6facd092dfec22384fd9446fd84c1ce3,78,0,0.43680229783058167,0,0,0.08068820089101791,0,0,0.14149188995361328,0,0,0.6450934410095215,0,0,0.30834776163101196,0
6fb36dc586cdfd180b79f23f4cd447f0,78,0,0.4337773323059082,0,0,0.3078005015850067,0,0,0.4399568438529968,1,1,0.6701144576072693,0,0,0.44038182497024536,0
6fdc6a34720c31d685942b7bb44f9612,78,0,0.21375033259391785,0,0,0.005837630480527878,0,0,0.022863954305648804,0,0,0.20123793184757233,0,0,0.042159318923950195,0
6fe306d319701f17fdf9d477bc2d1251,78,0,0.5894870162010193,1,0,0.2449360191822052,0,0,0.4757375121116638,1,0,0.3734683394432068,0,0,0.4428866505622864,0
6fe65e41cb661237e9030f191e3a2a9b,78,0,0.495525598526001,0,0,0.8679807782173157,1,0,0.33484387397766113,0,0,0.17489022016525269,0,0,0.13114364445209503,0
6fe8ac8da89618e402e51dd7e1e103fe,78,0,0.341291606426239,0,0,0.3040202260017395,0,0,0.39100274443626404,0,0,0.3497820198535919,0,0,0.4410993158817291,0
6febf1e7c57204153c4751a1bf6e39cc,78,0,0.5036415457725525,1,0,0.2034706026315689,0,0,0.37872153520584106,0,0,0.5367652177810669,0,0,0.6377902030944824,0
700ae38015597465d1f8e99b3885afb7,78,0,0.7802217602729797,1,0,0.49966880679130554,1,1,0.9443739056587219,1,0,0.36560845375061035,0,0,0.6725101470947266,0
703257c7585df8905ab7962f4a598bb2,78,0,0.2724801003932953,0,0,0.0029731732793152332,0,0,0.15388038754463196,0,0,0.5264390707015991,0,0,0.6780574321746826,0
703cd1b366d83f31d96b478a41dc1b2c,78,0,0.3699301779270172,0,0,0.280256062746048,0,0,0.21380615234375,0,0,0.46600499749183655,0,0,0.6554343104362488,0
703f3e88b76dc44678a08cc71e2e23be,78,0,0.3133644759654999,0,0,0.00303877261467278,0,0,0.0942762941122055,0,0,0.6598019003868103,0,0,0.09314659982919693,0
704b25bea8a6e8f0ed239f15b14fb68b,79,1,0.5066128373146057,1,0,0.006353484466671944,0,1,0.6645017862319946,1,0,0.6803326606750488,1,0,0.6400096416473389,0
7060531528cdf18aab89ddc252354c1d,79,0,0.6352565288543701,1,0,0.940815806388855,1,0,0.22124820947647095,0,0,0.14917585253715515,0,0,0.01792268082499504,0
706814b8f626ce46d5614029ec51dc44,79,0,0.4161357581615448,0,0,0.007656547240912914,0,1,0.31848692893981934,0,1,0.7068805694580078,1,1,0.6582615971565247,0
7069dd8c7c8c846ce7e73e4b10a432fc,79,0,0.16112518310546875,0,0,0.011866419576108456,0,0,0.05425262823700905,0,0,0.10648652166128159,0,0,0.2324329912662506,0
7073d58de75ee80e16ec3a4458349f90,79,0,0.771094799041748,1,1,0.7237554788589478,1,0,0.8644220232963562,1,0,0.8009390830993652,1,0,0.4056987166404724,0
7087e60b5382e43856c13a72ca679c6e,79,1,0.4765123426914215,0,0,0.0010661864653229713,0,1,0.4253327548503876,0,1,0.736097514629364,1,1,0.8299307227134705,0
70ac27185833639e72610a5f6b937ee0,79,0,0.5239859819412231,1,1,0.24283413589000702,0,0,0.3055121898651123,0,0,0.3767308294773102,0,0,0.4765782356262207,0
70b513210efb66bdbb469eeb3b3266d5,79,0,0.4474544823169708,0,0,0.07537394016981125,0,0,0.08929816633462906,0,0,0.08122926950454712,0,0,0.11477493494749069,0
70e3e8abfeb3eaae756976b397217311,79,0,0.5957779884338379,1,1,0.7686333656311035,1,0,0.4893959164619446,1,0,0.36480262875556946,0,0,0.6957734823226929,0
710139037804abe11795c4544fba66e5,79,0,0.3816470801830292,0,0,0.03643470257520676,0,0,0.13949204981327057,0,0,0.24661965668201447,0,0,0.3397541344165802,0
710700d3055a746543394296d1fb736e,79,0,0.38616350293159485,0,0,0.002180282259359956,0,0,0.2675105929374695,0,0,0.7372049689292908,1,0,0.5918987989425659,0
7109c2bb3c552f274418c7d7d769445d,79,0,0.5879172682762146,1,0,0.052364978939294815,0,0,0.1691511869430542,0,0,0.3679540753364563,0,0,0.07603096216917038,0
711dc542c6c7e2b21889838cd050a810,79,0,0.5201337337493896,1,0,0.14432628452777863,0,0,0.5870272517204285,1,0,0.3193832039833069,0,0,0.290941059589386,0
714003ac5b8363ff20f6b187ce55ae9e,79,0,0.5923961400985718,1,0,0.5732537508010864,1,0,0.23519442975521088,0,0,0.2733316421508789,0,1,0.18942289054393768,0
7142d5dae053a2b32c4225f7cf671d8c,79,0,0.36396324634552,0,0,0.6896080374717712,1,0,0.256082147359848,0,0,0.18340784311294556,0,0,0.0661403015255928,0
714d10886bc8bf6a1f1adc0f61127071,79,0,0.27655482292175293,0,0,0.5529890060424805,1,0,0.3850054442882538,0,1,0.793851912021637,1,0,0.03648067265748978,0
7158cb1a21c2af6490567b0fe1dfaae0,80,1,0.35092729330062866,0,0,0.003604128723964095,0,0,0.43700727820396423,1,0,0.7243931889533997,1,0,0.7576391696929932,0
715f936a0ab2aca1f671041c7704e15f,80,0,0.3472525179386139,0,0,0.06107577309012413,0,0,0.2388337105512619,0,0,0.5567091703414917,0,0,0.45220300555229187,0
7199ee845675a788a07d629d325a431a,80,0,0.7400690913200378,1,1,0.8711240887641907,1,0,0.7554667592048645,1,0,0.6360187530517578,0,0,0.5291693210601807,0
71ae8a44d7e82a2d5672d04d3d7b48f8,80,0,0.41141247749328613,0,0,0.1808365285396576,0,0,0.16620782017707825,0,0,0.22596292197704315,0,0,0.3409421145915985,0
71b4eda82984d225fdddc3a4d1d32ad5,80,0,0.2915763556957245,0,0,0.32563573122024536,0,0,0.15525498986244202,0,0,0.2898811399936676,0,0,0.06602370738983154,0
71c27a4f0124bfee54339b40ee4164cc,80,0,0.6969714760780334,1,0,0.5567885637283325,1,0,0.48067381978034973,1,0,0.49838587641716003,0,0,0.25336700677871704,0
71c75db6da20e3320fb90ca9b018ab31,80,0,0.30988165736198425,0,0,0.48217400908470154,1,0,0.20323602855205536,0,0,0.16839168965816498,0,0,0.415768563747406,0
71e9666b94e09e7485ab6350036faea6,80,0,0.49055418372154236,0,0,0.4796120226383209,1,0,0.2735137939453125,0,0,0.48031994700431824,0,0,0.38721585273742676,0
72039a144501dd60065d7f5e9e0c8385,80,0,0.37505361437797546,0,0,0.051434293389320374,0,0,0.07939507812261581,0,0,0.13044796884059906,0,0,0.01788419857621193,0
721f5da499fd2c079738720daaa2706f,80,0,0.3874179422855377,0,0,0.05690755695104599,0,0,0.4140790104866028,0,0,0.38698482513427734,0,0,0.19763074815273285,0
7222b97b9a833ddac0e188319a3c4af3,80,0,0.3588637113571167,0,0,0.11815693229436874,0,0,0.13758514821529388,0,0,0.23043493926525116,0,0,0.1926167756319046,0
724c7003e9c18c07c5f925edd825ef02,80,1,0.5266401767730713,1,0,0.04701721668243408,0,0,0.32917818427085876,0,0,0.624604344367981,0,1,0.7188313603401184,0
7257660acd36f94fab12cc9626d58da9,80,0,0.4385451674461365,0,0,0.02970989979803562,0,0,0.29349470138549805,0,0,0.5307031273841858,0,0,0.3093552589416504,0
72842226962cd50c932146b07bec593e,80,0,0.4926739037036896,0,0,0.07817815989255905,0,0,0.2877297103404999,0,0,0.6623625159263611,0,0,0.3872216045856476,0
7285810152dc8bc8a7e300f7e431b553,80,0,0.3741765320301056,0,0,0.003561984281986952,0,0,0.2543375492095947,0,0,0.2872638702392578,0,0,0.1996961236000061,0
728b3cf755f42fd628ff5fee7bf338d5,80,0,0.5368528962135315,1,0,0.026099763810634613,0,0,0.18921150267124176,0,0,0.1904473751783371,0,0,0.14889098703861237,0
729beaed8db4766d1aa3bb237a047e7a,81,0,0.40067175030708313,0,0,0.030929280444979668,0,0,0.08690737187862396,0,0,0.15113618969917297,0,0,0.045802779495716095,0
72a272f0770ae72999e9afa93a5bf024,81,1,0.5908506512641907,1,0,0.024467768147587776,0,1,0.7555939555168152,1,0,0.5158605575561523,0,0,0.3479006886482239,0
72b5767e2d03a32d3a3514f851f0c872,81,0,0.541614294052124,1,0,0.668599545955658,1,0,0.22341305017471313,0,0,0.15173768997192383,0,0,0.15999862551689148,0
72bf61e8260519dbf3d388f964dacd44,81,1,0.6126590371131897,1,0,0.007001785561442375,0,0,0.3079056441783905,0,0,0.39181599020957947,0,0,0.19724690914154053,0
72cfa22b529d2ae71985b2636cb9baf8,81,1,0.45525801181793213,0,0,0.13307946920394897,0,1,0.39001840353012085,0,0,0.5824979543685913,0,0,0.7545852065086365,0
72d2a167034f2cb425bcf7897137c464,81,0,0.6603018641471863,1,1,0.252144992351532,0,0,0.35290053486824036,0,0,0.39367493987083435,0,0,0.5615185499191284,0
72d693c05239faab88247fd1d98f2cbe,81,0,0.4233837127685547,0,0,0.05975133925676346,0,0,0.170953169465065,0,0,0.4386865496635437,0,0,0.24377307295799255,0
72e0c97617b24b368795a2711b66def3,81,0,0.5169598460197449,1,1,0.9647398591041565,1,0,0.3122439980506897,0,0,0.23977425694465637,0,0,0.25083720684051514,0
72fce426937854b7068b528e2a3c96d7,81,1,0.7219773530960083,1,0,0.11936742812395096,0,1,0.5243807435035706,1,1,0.9416624903678894,1,1,0.2642291188240051,0
730f25f4ac6b4fd10d9cf582494c911e,81,1,0.6168816089630127,1,0,0.10405926406383514,0,1,0.9200516939163208,1,0,0.6403893232345581,0,0,0.437020480632782,0
7324a6d2f3cdb80878587b427f6df871,81,0,0.4601302146911621,0,0,0.09505436569452286,0,1,0.6520201563835144,1,0,0.7191475629806519,1,1,0.457323282957077,0
7333af45f987aed199da0aed5dd59fd6,81,0,0.395982950925827,0,0,0.0628896951675415,0,0,0.22297517955303192,0,0,0.6726398468017578,0,0,0.5757585763931274,0
734c7dc48a16c5a16188bd0ec7d05fe9,81,0,0.28144049644470215,0,0,0.15200462937355042,0,0,0.32667940855026245,0,0,0.4267291724681854,0,0,0.8034154772758484,0
735ea124180d108f676db6adb5b1ba98,81,0,0.49107155203819275,0,1,0.8038071990013123,1,0,0.5122291445732117,1,0,0.33314475417137146,0,0,0.16319313645362854,0
73899609bfb60b2fd74a699b2e5add8c,81,0,0.4037468433380127,0,0,0.024580536410212517,0,0,0.14704479277133942,0,0,0.15917447209358215,0,0,0.29088133573532104,0
739077a7a2add5c87ca97bda44c8bb95,81,0,0.1654871702194214,0,0,0.0033642903435975313,0,0,0.03395439684391022,0,0,0.0833241268992424,0,0,0.02574886381626129,0
739933ba1ccf7631b311a2030dc76f8e,82,0,0.6960374116897583,1,1,0.5319989919662476,1,0,0.8179784417152405,1,0,0.388388991355896,0,0,0.17888160049915314,0
73a47bff27e977dc25c0b2cd4a470eea,82,0,0.2786383628845215,0,0,0.16486959159374237,0,0,0.24337035417556763,0,0,0.36580690741539,0,0,0.4851617217063904,0
73b9dabe01f791147d0da48d4c6b6bb8,82,0,0.24078068137168884,0,0,0.0895068347454071,0,0,0.24683219194412231,0,0,0.30441299080848694,0,0,0.1750372052192688,0
73dba107969801cde6ff7bfe518274b2,82,0,0.5229722261428833,1,0,0.08998887240886688,0,0,0.2316540628671646,0,0,0.3885822594165802,0,0,0.07585790008306503,0
73eeafd1126ebf01dab13840d0b9a97b,82,0,0.6875755786895752,1,1,0.7986599206924438,1,0,0.6277546286582947,1,0,0.6628211140632629,0,0,0.7459936141967773,0
743ba45b288dad1b64c80f525226df65,82,0,0.26295846700668335,0,0,0.028146320953965187,0,0,0.19207113981246948,0,0,0.5839203000068665,0,0,0.6710054874420166,0
7441457f4e2b2eba4682470448f256c1,82,0,0.4171113967895508,0,0,0.005895301233977079,0,0,0.18276166915893555,0,0,0.45841914415359497,0,0,0.2007034718990326,0
74529936ae10f51ecfb193b3f504fb50,82,0,0.6946613788604736,1,0,0.4414336681365967,1,0,0.5312620401382446,1,0,0.3041991889476776,0,0,0.24693897366523743,0
7468f45287e2ad4f1375f721fbe92202,82,0,0.5459301471710205,1,0,0.39480841159820557,1,1,0.2593928873538971,0,0,0.4263575077056885,0,0,0.2832784652709961,0
74897408dcbd69ef7c76cbbbbeb722d6,82,1,0.6969417929649353,1,1,0.23817439377307892,0,0,0.707638144493103,1,0,0.6100032329559326,0,1,0.6147980093955994,0
74925ac400da8ead8dfa6a30de1e8f4d,82,0,0.3678205609321594,0,0,0.02247430570423603,0,0,0.18850398063659668,0,0,0.39632728695869446,0,0,0.5878430008888245,0
74a3a1f2bbeacbfe81b567713d01cc85,82,0,0.27696362137794495,0,0,0.04627807438373566,0,0,0.04766993597149849,0,0,0.25507235527038574,0,0,0.07559597492218018,0
74a889a192f72244c10e6d0c691b68e1,82,0,0.39298346638679504,0,0,0.0015681530348956585,0,0,0.1491071879863739,0,0,0.18023096024990082,0,0,0.22086860239505768,0
74b23792db329cff5843e36efb8aa65a,82,0,0.5047650933265686,1,0,0.031833283603191376,0,0,0.22202958166599274,0,0,0.3620944023132324,0,0,0.40990471839904785,0
74e44965f52b614f4f200468b9594382,82,0,0.37780892848968506,0,0,0.5450344681739807,1,0,0.1527378410100937,0,0,0.2391158640384674,0,0,0.038876913487911224,0
751a2e7d04ad1296c7d0a9f9eabde0d8,82,0,0.3916367292404175,0,0,0.13339859247207642,0,0,0.2952076494693756,0,0,0.45813602209091187,0,0,0.2803157567977905,0
751fc253d84473e85a47a2826df12ce6,83,0,0.5106986165046692,1,0,0.6885559558868408,1,0,0.36950862407684326,0,0,0.19630512595176697,0,0,0.2624485492706299,0
75235499405464bc6746650e1bcfaacf,83,0,0.3046572506427765,0,0,0.4850437045097351,1,0,0.18862400949001312,0,0,0.26033782958984375,0,0,0.17465712130069733,0
754b90e60a89d03d18dbf9b30cce6eec,83,0,0.4355994462966919,0,1,0.04998622462153435,0,0,0.1833612620830536,0,0,0.8139967918395996,1,0,0.37688151001930237,0
754d373b98400f931d1070778c25e2d2,83,0,0.4937352240085602,0,1,0.745725691318512,1,0,0.42439916729927063,0,0,0.6733147501945496,0,0,0.08017855137586594,0
7550347fa2bb96c2354a3716dfa3a69c,83,0,0.35749906301498413,0,0,0.18860508501529694,0,0,0.13173751533031464,0,0,0.27649930119514465,0,0,0.33623945713043213,0
7565b2f86dadd6aca63ab9d6a285d53d,83,0,0.39623257517814636,0,0,0.05432841554284096,0,0,0.12040728330612183,0,0,0.16865621507167816,0,0,0.10163204371929169,0
759d70b78eb5f4f47bd4eaf9f4dbb425,83,0,0.38845887780189514,0,1,0.5796117782592773,1,0,0.3770112693309784,0,0,0.48906853795051575,0,0,0.5304254293441772,0
75a7dfbae7c14ee40ab1048210734dd3,83,0,0.350121408700943,0,0,0.6689470410346985,1,0,0.13022243976593018,0,0,0.20638257265090942,0,0,0.07268013060092926,0
75c2894e7a12b8f12d35b1c02ab383f6,83,0,0.3332774341106415,0,0,0.442158043384552,1,0,0.16660761833190918,0,0,0.2644558548927307,0,0,0.35115164518356323,0
75dd4fb1cb781471b7f34b678b8dc547,83,0,0.24283742904663086,0,0,0.0038825583178550005,0,0,0.15784825384616852,0,0,0.34089046716690063,0,0,0.5557775497436523,0
75ec71c3e8edd4291eb1bec543ca5855,83,0,0.5218746066093445,1,0,0.005594742950052023,0,0,0.41893747448921204,0,0,0.5838348269462585,0,1,0.7528614401817322,0
75ef4701bba51b04b002e82495d7fc6b,83,0,0.3317594528198242,0,0,0.0009154943400062621,0,0,0.1523008495569229,0,0,0.5927965044975281,0,0,0.24296928942203522,0
76482dd89d7d8ea3650e9a0b8e01aba6,83,0,0.7174776196479797,1,0,0.0538187101483345,0,0,0.5516247749328613,1,1,0.3886454105377197,0,1,0.8118022680282593,0
766238ff8d88651dfb314bc9c70986f9,83,0,0.5926111936569214,1,0,0.1772613525390625,0,0,0.14016585052013397,0,0,0.29458263516426086,0,0,0.034193143248558044,0
768a10036282f67b6fbd8c51d4994897,83,0,0.7938449382781982,1,0,0.03387422487139702,0,1,0.8763144016265869,1,0,0.34141507744789124,0,0,0.12214601039886475,0
76a5bc377407669248eaf357b5a6aee3,83,0,0.6656535863876343,1,0,0.03921450674533844,0,1,0.9174519181251526,1,0,0.6675003170967102,0,0,0.625880241394043,0
76b629665472409971a994e1700d2407,84,0,0.5293705463409424,1,1,0.7314528226852417,1,0,0.5054274797439575,1,0,0.4347224235534668,0,0,0.762995183467865,0
76bb0ae099afc9ab5e218f55755a02ad,84,0,0.39225947856903076,0,0,0.0016874062130227685,0,0,0.12985964119434357,0,0,0.3445620834827423,0,0,0.14339840412139893,0
76cee2dfef93ddd6caaa04a93ce1ea01,84,0,0.3476569652557373,0,0,0.2707557678222656,0,0,0.2693954110145569,0,0,0.38405588269233704,0,0,0.5370622277259827,0
76e1b5ea5308e49ae6b2081d559e938c,84,0,0.5135489702224731,1,0,0.5491422414779663,1,0,0.5268380045890808,1,0,0.4412458539009094,0,0,0.7265284061431885,0
76e2a34a8c79a83155d9e8aa66e72fed,84,0,0.26955756545066833,0,0,0.011448396369814873,0,0,0.39147815108299255,0,0,0.8420537710189819,1,0,0.6105858087539673,0
7707509ad13c3c9d41d2417ef8fecaa6,84,0,0.45992332696914673,0,0,0.1111311987042427,0,0,0.10419008880853653,0,0,0.09330665320158005,0,0,0.009321304969489574,0
773144bbf1ced7a17fb84cdcbf7e6504,84,0,0.6749104857444763,1,0,0.5710910558700562,1,0,0.3034387230873108,0,0,0.5114189982414246,0,0,0.3757495582103729,0
7742abe5bd817ba643d38fb517e35b24,84,1,0.5982760787010193,1,0,0.019600052386522293,0,0,0.6280646324157715,1,0,0.6824141144752502,1,1,0.8219867944717407,0
77479e09e740cfce8962e9e55963330e,84,0,0.35939905047416687,0,0,0.6380820274353027,1,0,0.24092517793178558,0,0,0.28788378834724426,0,0,0.20496761798858643,0
774a27811e9fea0a7551f17f0b00130c,84,0,0.4492543637752533,0,0,0.16344623267650604,0,1,0.2345750331878662,0,0,0.49329814314842224,0,0,0.6725295782089233,0
775aa6a334426b6dc282c61c48478a87,84,0,0.27126845717430115,0,0,0.14558976888656616,0,0,0.059470877051353455,0,0,0.0797676295042038,0,0,0.042820580303668976,0
775bc8eece1917406112f0f626e190d3,84,0,0.3163895606994629,0,0,0.006358416751027107,0,0,0.1701241284608841,0,0,0.20289672911167145,0,0,0.11256443709135056,0
777e5578741dea8a02a689fe907a4215,84,1,0.7942330837249756,1,0,0.042047347873449326,0,0,0.8383840322494507,1,0,0.8413776159286499,1,0,0.33199453353881836,0
778153803200347fa9e3573824d89e8f,84,0,0.37518808245658875,0,0,0.050293825566768646,0,0,0.2445998638868332,0,0,0.46949446201324463,0,0,0.2838265597820282,0
7788cdc2fe03ff147991981c80af67f6,84,0,0.6930456161499023,1,0,0.27483147382736206,0,0,0.4430604875087738,1,0,0.3626866936683655,0,0,0.07899459451436996,0
77b118b0bf092dec6b64f61d5a8c2b86,84,0,0.346480131149292,0,0,0.2704579830169678,0,0,0.3012796640396118,0,0,0.32675960659980774,0,0,0.23933003842830658,0
77b20dccfcee611b676bbfa760f883d3,85,0,0.5871081948280334,1,1,0.2508842647075653,0,0,0.7367178201675415,1,1,0.8520432710647583,1,0,0.4736282527446747,0
77c48e5d1314b7a38a9af6b91b6636ee,85,0,0.3354233503341675,0,0,0.07729779928922653,0,0,0.11262784153223038,0,0,0.1587611585855484,0,0,0.02952791377902031,0
77c5a562bf2f2681dfdc1c17503061fe,85,0,0.2957204580307007,0,0,0.01948973909020424,0,0,0.08257440477609634,0,0,0.4524562656879425,0,0,0.4556780457496643,0
77c9f35a891f03a54eec650170e0a649,85,0,0.2804926633834839,0,0,0.034007858484983444,0,0,0.2147594690322876,0,0,0.3137843906879425,0,0,0.5029192566871643,0
77cfb1fd56137f340eccb2154c5b219c,85,0,0.46346449851989746,0,0,0.0818258598446846,0,0,0.1269679218530655,0,0,0.3939783275127411,0,0,0.05983797460794449,0
77de418d76da77b7e429227b83cd259f,85,0,0.5738298296928406,1,0,0.4519037902355194,1,0,0.3576589822769165,0,0,0.2483207881450653,0,0,0.23625116050243378,0
77fb399d095bb11d1344a1a114f59376,85,0,0.5256305932998657,1,1,0.9299613237380981,1,0,0.6108616590499878,1,0,0.3865329325199127,0,0,0.5611981153488159,0
77fb6e22acdafb6900fd7624feefd953,85,0,0.4515244960784912,0,0,0.2854551076889038,0,0,0.4148530662059784,0,0,0.5503439903259277,0,0,0.24655656516551971,0
7803162d59bc010353f64ffbaabc452f,85,0,0.35132846236228943,0,0,0.01601240783929825,0,0,0.4775279760360718,1,0,0.39676448702812195,0,0,0.5625947713851929,0
780f385ed80d16130dad48d823b1ee0f,85,0,0.26977279782295227,0,0,0.02690308913588524,0,0,0.09571917355060577,0,0,0.16408713161945343,0,0,0.3424375653266907,0
781b722e178a483b4781fbd148706b7d,85,0,0.5023342370986938,1,0,0.24059537053108215,0,0,0.38503554463386536,0,0,0.508592963218689,0,0,0.4837791323661804,0
7824623176a69a914e31ec8769246ca0,85,0,0.5372928380966187,1,0,0.47999128699302673,1,0,0.26278138160705566,0,0,0.17050032317638397,0,0,0.367274671792984,0
7849964d63a43175008dd8a127175e19,85,0,0.7747287750244141,1,1,0.2668066620826721,0,0,0.7376968860626221,1,0,0.7275452017784119,1,0,0.7060561180114746,0
785140281117595d1818b8133d43d3bc,85,0,0.5572953224182129,1,0,0.03323247656226158,0,0,0.12559834122657776,0,0,0.11417026072740555,0,0,0.0362226776778698,0
78528b631de407173ba09edd7b465e68,85,0,0.3715693950653076,0,0,0.00967083778232336,0,0,0.20165438950061798,0,0,0.1855442076921463,0,0,0.23860995471477509,0
7858eba2f50d6d515f3ccbbbe9020fa4,85,1,0.5952398180961609,1,1,0.035232581198215485,0,1,0.6144753694534302,1,1,0.9172008633613586,1,0,0.23979876935482025,0
7862687072c60da78260b61a00ddd256,86,0,0.3200923800468445,0,0,0.0055788434110581875,0,0,0.07719845324754715,0,0,0.32222726941108704,0,0,0.161335751414299,0
786fa2f1244ca842e96cc6afb0f28870,86,1,0.6994491219520569,1,0,0.04035953804850578,0,1,0.9765641689300537,1,0,0.7615259885787964,1,0,0.03968425467610359,0
787506d2456ea43f00689850f3a4e797,86,0,0.4180668890476227,0,0,0.2017536610364914,0,0,0.11965171992778778,0,0,0.16691400110721588,0,0,0.07265202701091766,0
7882ac9a9fa79ddd245f540d6f6e4af5,86,0,0.42054274678230286,0,0,0.41479942202568054,1,0,0.2059929221868515,0,0,0.7752376794815063,1,0,0.4812676012516022,0
788c42c6b87bb62f1d5def6b0e7ca9da,86,0,0.35145771503448486,0,0,0.05615171417593956,0,0,0.19534775614738464,0,0,0.3752363920211792,0,0,0.4924212098121643,0
78920201559a84ae65d928a6167b73e8,86,1,0.4690016210079193,0,0,0.01685226708650589,0,0,0.4740171730518341,1,0,0.552238404750824,0,1,0.8801402449607849,1
789cba61f30c4c087a6cd97def275aca,86,0,0.46413299441337585,0,0,0.0025919789914041758,0,0,0.763130247592926,1,0,0.46322938799858093,0,0,0.9705016016960144,1
78a65ae9e49e19db9eb86324f483fd67,86,0,0.5700126886367798,1,0,0.7334790229797363,1,0,0.4150535762310028,0,0,0.5425311326980591,0,0,0.21248485147953033,0
78b44b96b121d6075d7ae27135278e03,86,0,0.22032402455806732,0,0,0.007908349856734276,0,0,0.08839843422174454,0,0,0.2044893503189087,0,0,0.10384996235370636,0
78dd6b0489bee998af8fb581871942f4,86,0,0.8194447159767151,1,0,0.4786125719547272,1,0,0.5804185271263123,1,0,0.5614141225814819,0,0,0.09918364137411118,0
7902baf009b3169371fe1c3de95c3b99,86,0,0.2814357578754425,0,0,0.29309073090553284,0,0,0.15152713656425476,0,0,0.30403319001197815,0,0,0.1856231838464737,0
79054bd52e5f6ebcda94fdc54e2fada5,86,0,0.14077745378017426,0,0,0.04422449320554733,0,0,0.07732050865888596,0,0,0.34366700053215027,0,0,0.2337011694908142,0
7919e0bc92270c1acbd8b124aa5377ef,86,0,0.6796139478683472,1,0,0.23181192576885223,0,0,0.4959019422531128,1,0,0.48746219277381897,0,0,0.1755247712135315,0
79272925caa941829eb32e77a0262c3c,86,0,0.36255937814712524,0,0,0.13819172978401184,0,0,0.15660227835178375,0,0,0.1828565001487732,0,0,0.5438814759254456,0
7928b9dff786e3dc4951c30dd911ba2d,86,0,0.6031076908111572,1,0,0.13880078494548798,0,0,0.3463195562362671,0,0,0.6958109140396118,1,0,0.7909278273582458,0
793aa89237cb495f1b83dcc5a1434934,86,0,0.7719725966453552,1,0,0.7346888184547424,1,0,0.2851112484931946,0,0,0.07470238208770752,0,0,0.01963784173130989,0
793e92503fb0cf3462a21406e3cb19a2,87,0,0.4750995337963104,0,0,0.32678350806236267,0,0,0.3231872320175171,0,0,0.669862687587738,0,0,0.17708510160446167,0
79558608235e4a27758e516419f54bc2,87,0,0.3637006878852844,0,0,0.5666947960853577,1,0,0.3511572778224945,0,0,0.22622349858283997,0,0,0.3578862249851227,0
7989ee219436f5636916b09612055915,87,0,0.23880362510681152,0,0,0.33924272656440735,0,0,0.16234932839870453,0,0,0.330885648727417,0,0,0.2713055908679962,0
79b547f424c97c52e714d6e808035787,87,0,0.4778638184070587,0,0,0.03879019618034363,0,0,0.302550345659256,0,0,0.544354259967804,0,0,0.3092045783996582,0
79b6946338c30268ead5a6253484f852,87,0,0.5739203691482544,1,0,0.07776740193367004,0,0,0.12779492139816284,0,0,0.2868964672088623,0,0,0.1367398351430893,0
79c75c4aed44b844eca14be58a9deb9f,87,1,0.7525279521942139,1,0,0.04430510476231575,0,0,0.812277615070343,1,0,0.5897627472877502,0,0,0.3854498863220215,0
79d2a2619a836e33f35407b0bba32eca,87,0,0.4579763412475586,0,0,0.16145478188991547,0,0,0.316219687461853,0,0,0.591188907623291,0,0,0.39589574933052063,0
79dc479648b23db3616339b4a79011b8,87,0,0.49037376046180725,0,0,0.4953406751155853,1,0,0.38136574625968933,0,0,0.30609890818595886,0,0,0.29207780957221985,0
79dfadb515464474f984451c2dc2fc34,87,0,0.3654112219810486,0,0,0.06148449331521988,0,0,0.1291259378194809,0,0,0.39306455850601196,0,0,0.5742401480674744,0
79f184fea084f17c4e91a6cd2f0f91f7,87,0,0.74537593126297,1,0,0.10064280778169632,0,0,0.3679814338684082,0,0,0.5435895919799805,0,0,0.3936515152454376,0
7a14d694617e5bc2aa937e16bbfd213c,87,0,0.29342958331108093,0,0,0.007175292354077101,0,0,0.716363787651062,1,0,0.3794734477996826,0,0,0.3314114212989807,0
7a1b5a16dc4c8de5f96c282480bb02cd,87,0,0.5569790005683899,1,1,0.8459693789482117,1,0,0.5795205235481262,1,0,0.29977983236312866,0,0,0.589296817779541,0
7a4af4d5b559ac1a4f9dd849c0aec107,87,0,0.44494226574897766,0,0,0.0297031681984663,0,0,0.3256116509437561,0,0,0.4365612268447876,0,0,0.307346910238266,0
7a4e9f9b2fd1e2423d98dbaa316d199f,87,0,0.5036977529525757,1,0,0.20684732496738434,0,0,0.2567080855369568,0,0,0.27599263191223145,0,0,0.2118544578552246,0
7a5e63853f72b1cf6180e4d33aecbf93,87,0,0.3721839487552643,0,0,0.003941994160413742,0,0,0.07851726561784744,0,0,0.18090049922466278,0,0,0.03339851275086403,0
7a74f4e463b72f018838f26cf7aabdf2,87,0,0.2922559678554535,0,0,0.21384838223457336,0,0,0.12341014295816422,0,1,0.29924529790878296,0,0,0.2388327270746231,0
7a8b67a254b16ef9e2b863ba65f7e011,88,0,0.7386722564697266,1,0,0.47472068667411804,1,0,0.4737510681152344,1,1,0.7230210900306702,1,0,0.35543522238731384,0
7a9a75ad8f406d7561aa2f0ef7000933,88,0,0.39911431074142456,0,0,0.012830819003283978,0,0,0.18929912149906158,0,0,0.2063136249780655,0,0,0.4054810106754303,0
7aa301c90a61603f9b5e2e05a88b4204,88,1,0.3942398130893707,0,0,0.024749673902988434,0,1,0.6822860836982727,1,0,0.5444628000259399,0,0,0.9416961073875427,1
7ac10f1986662a02a6448205578299c9,88,0,0.21564365923404694,0,0,0.012646002694964409,0,0,0.1347455382347107,0,0,0.14409470558166504,0,0,0.10140369832515717,0
7acd6422a97d08046db58687e5c4b2d1,88,0,0.6779372096061707,1,0,0.34042268991470337,0,0,0.5712796449661255,1,1,0.822516143321991,1,0,0.1254131942987442,0
7af230c8f8329e6f69996ab7ebfc97aa,88,0,0.4850589632987976,0,0,0.15954919159412384,0,1,0.5011144280433655,1,0,0.46325910091400146,0,0,0.7618650197982788,0
7b29ce6b9a2822aadc7ef891bd2ee88b,88,0,0.49193596839904785,0,0,0.5658107399940491,1,0,0.4671621322631836,1,0,0.23534449934959412,0,0,0.5206956267356873,0
7b377cc85094e39b186b83c181b17642,88,1,0.6142221689224243,1,0,0.11934221535921097,0,0,0.5039794445037842,1,0,0.6076169013977051,0,0,0.6275808811187744,0
7b45d75262ca16f5bb6b4d05bc9ff151,88,0,0.3759883940219879,0,0,0.021585281938314438,0,0,0.1945044994354248,0,0,0.42327791452407837,0,0,0.8388819694519043,0
7b45ef51255aae696c5e6ee47ab2c631,88,1,0.4497804641723633,0,0,0.24278071522712708,0,0,0.48190638422966003,1,0,0.2921602427959442,0,0,0.3519379496574402,0
7b579c49ced6cef817e42812d6b78f1b,88,0,0.2878214418888092,0,0,0.7207450866699219,1,0,0.2545910179615021,0,0,0.19838684797286987,0,0,0.16613487899303436,0
7b60d69158c11381cad26574b327c723,88,0,0.4954098165035248,0,0,0.7880221009254456,1,0,0.3665356934070587,0,0,0.22958776354789734,0,0,0.12479402124881744,0
7b821bff27b2f1508035d5d50a16cbcf,88,1,0.5710977911949158,1,0,0.14203448593616486,0,1,0.5864832997322083,1,1,0.8745086789131165,1,1,0.24952538311481476,0
7b90ce31f08d1207a851a97626ccbea0,88,0,0.23204416036605835,0,0,0.0012601399794220924,0,0,0.010788866318762302,0,0,0.15915460884571075,0,0,0.007604335900396109,0
7b9e39af7921e086e5904755d5535b31,88,0,0.4233713448047638,0,0,0.8307322263717651,1,0,0.22235935926437378,0,0,0.25296729803085327,0,0,0.193626269698143,0
7bab78cfe1dc3376741a24ac708d75be,88,1,0.7276738286018372,1,0,0.003259786870330572,0,1,0.5598525404930115,1,0,0.7250602841377258,1,0,0.11961644887924194,0
7bbef01d8c97746a9cf656bc9748bee2,89,0,0.39370614290237427,0,0,0.18109089136123657,0,0,0.09240861982107162,0,0,0.3148636519908905,0,0,0.07498788833618164,0
7bc161c0c2403c7724f4fcbe41b0d322,89,1,0.5636764168739319,1,0,0.6987552046775818,1,1,0.9267086982727051,1,0,0.6758960485458374,0,1,0.6585023403167725,0
7bca1be5f1f3c14c49be003896da9b27,89,0,0.46494540572166443,0,1,0.4279235601425171,1,0,0.46423932909965515,1,0,0.3644668459892273,0,0,0.5109677910804749,0
7bd7de8ab22bc204acdede9af49eb354,89,0,0.41218510270118713,0,0,0.49010369181632996,1,0,0.31948402523994446,0,0,0.34327632188796997,0,0,0.6060502529144287,0
7befd6661fd921f67f8d9cb84f98868f,89,0,0.31625136733055115,0,0,0.033807482570409775,0,0,0.10438955575227737,0,0,0.3399205803871155,0,0,0.19057415425777435,0
7bf0f93d42efd25936029bd1082d88a2,89,1,0.5826448202133179,1,0,0.10556979477405548,0,0,0.532220721244812,1,1,0.6050485372543335,0,1,0.9491598010063171,1
7bf93eba889e845d016704b49103f283,89,1,0.5699183940887451,1,0,0.09893776476383209,0,0,0.5490496158599854,1,0,0.8850611448287964,1,0,0.495112806558609,0
7c010308edc7a272bb8c67dc6024d989,89,0,0.3469202518463135,0,0,0.029546570032835007,0,0,0.13378088176250458,0,0,0.24391914904117584,0,0,0.20225022733211517,0
7c0e3ff480b02e9e709884f7f0e17864,89,0,0.6061521768569946,1,0,0.43412625789642334,1,0,0.3952389061450958,0,0,0.43377354741096497,0,0,0.4719124436378479,0
7c56886a38be164d138314b50e7a20a3,89,0,0.39584454894065857,0,0,0.016474487259984016,0,0,0.14013856649398804,0,0,0.2627427279949188,0,0,0.19532440602779388,0
7cb9202d9a00b7bbab241e5870d56de2,89,0,0.39576950669288635,0,0,0.016043586656451225,0,0,0.22473876178264618,0,0,0.3355151414871216,0,0,0.4349631071090698,0
7cb9c95b8dea0469ced903df944b2b58,89,0,0.2783539295196533,0,0,0.041100624948740005,0,0,0.07061935216188431,0,0,0.23486901819705963,0,0,0.0844697579741478,0
7ce84780a2d602c08c800ff2e769514c,89,0,0.7090678215026855,1,0,0.6036903858184814,1,0,0.6349738240242004,1,0,0.1402663290500641,0,0,0.02384183742105961,0
7d1370ec3e5406ad436adf55a3bcf6f4,89,0,0.38379767537117004,0,0,0.017926668748259544,0,0,0.28298133611679077,0,0,0.4305066466331482,0,0,0.643005907535553,0
7d67ef151eaba48db4c8a4ea60d0c670,89,0,0.3502703011035919,0,0,0.00908637698739767,0,0,0.12675151228904724,0,0,0.31430208683013916,0,0,0.05770694836974144,0
7d6d84f1373f54e8b4a7c72e4b0be842,89,0,0.43769213557243347,0,0,0.08881336450576782,0,0,0.16996480524539948,0,0,0.43215689063072205,0,0,0.02994794398546219,0
7d9e13dac6ed48dbd0577c3c65b214eb,90,0,0.6841273903846741,1,0,0.42142561078071594,1,0,0.44095295667648315,1,0,0.20516416430473328,0,0,0.6105870008468628,0
7daad4dedca1737fe750c7ce8df6fa88,90,0,0.776175856590271,1,0,0.19668252766132355,0,0,0.3702693581581116,0,0,0.31686457991600037,0,0,0.14382995665073395,0
7db8d2571612fa51c3fea231524803cc,90,0,0.16160063445568085,0,0,0.002105571096763015,0,0,0.028038153424859047,0,0,0.18623891472816467,0,0,0.130000039935112,0
7dcb78885da74ebf4adb54042bd23d5b,90,0,0.3739635646343231,0,0,0.5227790474891663,1,0,0.34294137358665466,0,0,0.25353169441223145,0,0,0.3028348684310913,0
7dd7cdbd80b2580c8c031d6d863a4b2c,90,0,0.37973859906196594,0,0,0.05204121395945549,0,1,0.42942097783088684,0,0,0.6615105867385864,0,0,0.6851118206977844,0
7ddcf554c85d4a2bfc3803d448247e8f,90,0,0.29258298873901367,0,0,0.01992606557905674,0,0,0.23352664709091187,0,0,0.5205628275871277,0,0,0.4909330904483795,0
7e090684cddb682dd8d56ad47b20a89d,90,1,0.49341410398483276,0,0,0.005514601245522499,0,0,0.46246111392974854,1,0,0.6974171996116638,1,0,0.6706491708755493,0
7e198e152ead58293763b80301b53ea7,90,0,0.5243241190910339,1,0,0.016405271366238594,0,0,0.16388998925685883,0,0,0.23998573422431946,0,0,0.1128634437918663,0
7e3f715d72ac1d6f114d973493d7b26c,90,0,0.1630646288394928,0,0,0.037439752370119095,0,0,0.15307866036891937,0,0,0.3469181954860687,0,0,0.25095367431640625,0
7e406876f2125c3be2c61f32965384c4,90,0,0.28858673572540283,0,0,0.023105967789888382,0,0,0.1389409899711609,0,0,0.18041609227657318,0,0,0.28024736046791077,0
7e5b17cc5c955fc4f8e9a626ab69295e,90,1,0.5424336194992065,1,0,0.30496954917907715,0,1,0.6486738920211792,1,0,0.6346451044082642,0,0,0.045733749866485596,0
7e5d928dcce24b3553e87d501a263b33,90,0,0.35270094871520996,0,0,0.47638964653015137,1,0,0.250501424074173,0,0,0.6035447120666504,0,0,0.49139460921287537,0
7e6998dc71a747ce227b50463c4e79b4,90,0,0.5832484364509583,1,1,0.9159113168716431,1,0,0.48382699489593506,1,0,0.4491077661514282,0,0,0.1672172099351883,0
7e8d4dedd33473b5b4b247b9301d0bd7,90,0,0.42181769013404846,0,0,0.12522444128990173,0,0,0.17718000710010529,0,0,0.592431366443634,0,0,0.40444818139076233,0
7ea00a8beb600a6de0cf70cc166b0b5c,90,1,0.7648507952690125,1,1,0.5923318266868591,1,0,0.9148350954055786,1,0,0.745804488658905,1,0,0.4979863464832306,0
7eab979ca2f6044cb662b86b414dac67,90,0,0.7882781028747559,1,0,0.06598900258541107,0,0,0.35342085361480713,0,0,0.171254500746727,0,0,0.06568478792905807,0
7f15c433dbc249a491b86b27e5a6c180,91,0,0.5377047061920166,1,0,0.1208290383219719,0,1,0.5954104661941528,1,0,0.5284176468849182,0,1,0.6925237774848938,0
7f1a8fc7aa0e045c3da67f710bbb0006,91,0,0.27527719736099243,0,0,0.003361033508554101,0,0,0.11838681250810623,0,0,0.5037940740585327,0,0,0.16631020605564117,0
7f48ff3a2eeb49be6ab8de17ffbd97b6,91,0,0.2476164698600769,0,0,0.1256934106349945,0,0,0.09977026283740997,0,0,0.16744622588157654,0,0,0.09589522331953049,0
7f5503caa936a623b4388fbd88e890c5,91,0,0.4910503923892975,0,0,0.2599771320819855,0,0,0.4081650376319885,0,0,0.31430545449256897,0,0,0.34867021441459656,0
7f6b660751fb873941366907f14d16d3,91,0,0.5802730321884155,1,1,0.9410718083381653,1,1,0.599060595035553,1,0,0.4024108350276947,0,0,0.8668595552444458,0
7f710543e44f0c12db0ecda25a727602,91,0,0.6408334374427795,1,0,0.580085813999176,1,0,0.20467524230480194,0,0,0.4435165524482727,0,0,0.0351734459400177,0
7f941b941253b7e3e6d14b5b472cd109,91,0,0.44919803738594055,0,0,0.10041819512844086,0,0,0.27663061022758484,0,0,0.6017671823501587,0,0,0.8091980218887329,0
7ffbfdf7d18e416baa1e663bc0bb022c,91,0,0.43277958035469055,0,0,0.03782559931278229,0,0,0.271969199180603,0,0,0.7554330229759216,1,0,0.6507636904716492,0
800ba8f1fac83f75a00762f415780e9f,91,0,0.4062674045562744,0,0,0.1784651279449463,0,0,0.13297037780284882,0,0,0.20487774908542633,0,0,0.06822662055492401,0
800f63115427cc92aeed7046fd6028a2,91,0,0.5592889189720154,1,0,0.0352514386177063,0,0,0.14883415400981903,0,0,0.31286612153053284,0,0,0.1766553670167923,0
801877d4b0ea3c93d4a926091916eebe,91,0,0.49743980169296265,0,0,0.018313013017177582,0,0,0.40323519706726074,0,0,0.26169323921203613,0,0,0.03487832471728325,0
802ee38a7da17f26985c121f68bb9d26,91,0,0.4093840420246124,0,0,0.33379799127578735,0,0,0.22111967206001282,0,0,0.28651151061058044,0,0,0.3048480749130249,0
8058546ca8e9113170abd89d0009b58e,91,0,0.6115808486938477,1,1,0.9924774765968323,1,0,0.5922842025756836,1,0,0.3742707371711731,0,0,0.4333886206150055,0
805adafed138091a3781447c33e1a600,91,0,0.4223775863647461,0,0,0.025453394278883934,0,0,0.40015673637390137,0,0,0.6582729816436768,0,0,0.43621090054512024,0
806771c21d67c39c6b251a8ef624b04b,91,0,0.3216454088687897,0,0,0.0019565168768167496,0,0,0.08913473039865494,0,0,0.327834814786911,0,0,0.10140769928693771,0
8071111321da026443f7b87a0b41b089,91,0,0.5315836668014526,1,0,0.0035256589762866497,0,0,0.6685711741447449,1,0,0.34588906168937683,0,0,0.48903265595436096,0
80820dadb9d227da10376b7de5dc8e4d,92,0,0.49270904064178467,0,0,0.4016050100326538,1,0,0.2983795404434204,0,0,0.28689539432525635,0,0,0.09304424375295639,0
808b71dc92d1c05ff78bbe98894c7b1a,92,0,0.38352465629577637,0,0,0.033436309546232224,0,0,0.1451142132282257,0,0,0.28496697545051575,0,1,0.5573282837867737,0
80a409944c5ca4ecd39a7af44592d392,92,0,0.4886915385723114,0,0,0.18733595311641693,0,0,0.5521402359008789,1,0,0.3922339677810669,0,0,0.20299342274665833,0
80ad748edd617396cc973d20b4e481fb,92,0,0.3574168086051941,0,0,0.08494345843791962,0,0,0.19397060573101044,0,0,0.5157389044761658,0,0,0.4433820843696594,0
80bc7a1af89f2b8b60ed33c83ae8ed5d,92,0,0.4055738151073456,0,0,0.6244767904281616,1,0,0.39346176385879517,0,0,0.3240993320941925,0,0,0.09384195506572723,0
80c68d62bf257cb6e0ab4f99b907d846,92,0,0.32542353868484497,0,0,0.712990403175354,1,0,0.29699304699897766,0,0,0.3051801025867462,0,0,0.35312941670417786,0
80dc592ace52d1e591f23042125f3aba,92,0,0.48409178853034973,0,0,0.264862596988678,0,0,0.36790481209754944,0,0,0.4026035964488983,0,0,0.4091557562351227,0
80e46bd152ba3cc5a6e63683a0923ac1,92,0,0.593316376209259,1,0,0.15679194033145905,0,1,0.8948326706886292,1,1,0.9310630559921265,1,1,0.6069324016571045,0
80f3da71b6af9134388dee22f0d386d9,92,0,0.5739879012107849,1,0,0.20381943881511688,0,0,0.2088155597448349,0,0,0.38825464248657227,0,0,0.1501118540763855,0
81197e05ed18bedd54749a955c2f88d4,92,0,0.31649860739707947,0,0,0.016754064708948135,0,1,0.14083728194236755,0,0,0.42381909489631653,0,0,0.7196820974349976,0
81228a9f8fca8710e0f6f9aedf9bd667,92,0,0.30452409386634827,0,0,0.0022035734727978706,0,0,0.09350467473268509,0,0,0.41073521971702576,0,0,0.06194605678319931,0
818a1e7fcce109b3640d73dcf9ae74da,92,0,0.3569660484790802,0,0,0.5076995491981506,1,0,0.11629482358694077,0,0,0.1100594624876976,0,0,0.06602935492992401,0
81a4366baeebb4b90a33aa5b9cb99220,92,0,0.6195851564407349,1,0,0.17213517427444458,0,0,0.38066306710243225,0,0,0.3185015618801117,0,0,0.7643226981163025,0
81a5542dd5a975bc98bf9ea8fe6239b1,92,0,0.4964122772216797,0,0,0.005728652235120535,0,0,0.1571434885263443,0,0,0.09817412495613098,0,0,0.027668191120028496,0
81fd659ccf1dc3e815032762154a41fc,92,0,0.6739899516105652,1,0,0.12923644483089447,0,0,0.3877050280570984,0,0,0.7621137499809265,1,0,0.6586484313011169,0
8230f568c1e47476de038b0faa3867f2,92,0,0.366198867559433,0,0,0.16353097558021545,0,1,0.4165927469730377,0,0,0.5035123229026794,0,0,0.6086615324020386,0
8234fae0532b776d3ec872a46d34a68c,93,0,0.4662635922431946,0,0,0.2826140224933624,0,0,0.38281044363975525,0,0,0.605326235294342,0,0,0.47377076745033264,0
823c23eae7b2fdf7f2694b8417f961b5,93,0,0.5773780345916748,1,0,0.018780216574668884,0,1,0.23115307092666626,0,0,0.3731158375740051,0,0,0.46959033608436584,0
82913cf4e449decbc5195cffc2422b4d,93,0,0.6831327080726624,1,0,0.010511673055589199,0,1,0.8961830139160156,1,0,0.4583093822002411,0,0,0.3488565981388092,0
82a05fbda7ecdf80c82d6392b4fcb309,93,0,0.29858994483947754,0,0,0.2516574263572693,0,0,0.24015669524669647,0,1,0.6024308800697327,0,0,0.7383452653884888,0
82cb7ac2b8ad46f2be437a640d6744f5,93,1,0.359017938375473,0,1,0.10388777405023575,0,1,0.5014946460723877,1,0,0.5191552042961121,0,0,0.5723747611045837,0
82e41a990090318996b32addee7ed8af,93,0,0.5920933485031128,1,0,0.2657603621482849,0,0,0.38523054122924805,0,0,0.2345835417509079,0,0,0.37124016880989075,0
82f038aeccacf2b62fe9cd3fdc1776e8,93,1,0.44250649213790894,0,1,0.46485212445259094,1,0,0.25472214818000793,0,0,0.404342919588089,0,0,0.6162301301956177,0
831d7c9c5ba5b96a73c71e5e2adb9c0f,93,1,0.3408224880695343,0,0,0.00027010191115550697,0,0,0.33167773485183716,0,1,0.7249080538749695,1,0,0.7401177287101746,0
833920cee0073b2295b713e8e99a1183,93,0,0.3392367362976074,0,0,0.21717849373817444,0,0,0.08290055394172668,0,0,0.1965998411178589,0,0,0.08143901079893112,0
833acf5a6565b4457b597d8c79debc51,93,0,0.3108029365539551,0,0,0.04603906720876694,0,0,0.06725110858678818,0,0,0.09309801459312439,0,0,0.006188223138451576,0
833c4ee4ef52adb663076af69efe3c22,93,0,0.18542906641960144,0,0,0.027332592755556107,0,0,0.048178818076848984,0,0,0.2602981626987457,0,0,0.1550929695367813,0
83918012739ab2906d692171f66a4dcc,93,1,0.7807874083518982,1,1,0.06540610641241074,0,1,0.7733112573623657,1,0,0.8715358972549438,1,0,0.09035239368677139,0
83a4f5f3b182b887bceba354c8721161,93,0,0.4641411006450653,0,0,0.02773788385093212,0,0,0.09631705284118652,0,0,0.5034060478210449,0,0,0.17300069332122803,0
83a70a189e968329c4d30f1866c689a3,93,0,0.7871692180633545,1,0,0.8316767811775208,1,0,0.7030980587005615,1,0,0.3962392210960388,0,0,0.572413980960846,0
83c6b5dc4e05ffc8df10c81110c43e24,93,0,0.37194010615348816,0,1,0.9012583494186401,1,0,0.4814922511577606,1,0,0.32399216294288635,0,0,0.20926682651042938,0
83caa8a85e03606cf57e49147d7ac569,93,0,0.7814734578132629,1,1,0.7805719971656799,1,0,0.7135712504386902,1,0,0.21791979670524597,0,0,0.2888849675655365,0
83de33a22bd34496e5a48e703757f955,94,0,0.4059557616710663,0,0,0.43156248331069946,1,0,0.1512523740530014,0,0,0.3185065984725952,0,0,0.1861356794834137,0
8408eea460f0a9a2f9aec40da98917cb,94,0,0.39635464549064636,0,0,0.3839995563030243,1,0,0.27566975355148315,0,0,0.6827301979064941,1,0,0.32898634672164917,0
841f26fd47640f87331ff714df4d2791,94,0,0.4206768274307251,0,0,0.011643217876553535,0,0,0.2348293513059616,0,0,0.41016703844070435,0,0,0.5026422142982483,0
84249d25eb5f4964a316e60d53f71544,94,0,0.4983845353126526,0,0,0.139606773853302,0,0,0.29198288917541504,0,0,0.4235016107559204,0,0,0.539402961730957,0
843abeeb7966e7a52cf66352bbdb9edf,94,0,0.3656949996948242,0,0,0.0003495642449706793,0,0,0.1788395345211029,0,0,0.4434348940849304,0,0,0.7538981437683105,0
8441d98d5b146a30546686ea74f22cb8,94,0,0.24903744459152222,0,0,0.14724646508693695,0,0,0.09599179774522781,0,0,0.195510134100914,0,0,0.03411586955189705,0
844c43d38ba987837ba7d59a2b0c2436,94,1,0.6810235977172852,1,0,0.24042116105556488,0,0,0.5549460053443909,1,0,0.8238905668258667,1,0,0.7078666687011719,0
844c74ccfd247080704e9118a2ef5ee6,94,0,0.6854292750358582,1,0,0.4345778822898865,1,0,0.7039659023284912,1,0,0.32998502254486084,0,0,0.5387563109397888,0
844e0124406c3b8ede871974d4df8fc9,94,0,0.4423283338546753,0,0,0.02784254588186741,0,0,0.2405427247285843,0,0,0.23261119425296783,0,0,0.4486750364303589,0
84564d34f32254f20e49bcb6ab603421,94,0,0.49302780628204346,0,0,0.6074323654174805,1,0,0.3210623860359192,0,0,0.3471107482910156,0,0,0.24825100600719452,0
847743152f064b66922857b03babd9b4,94,0,0.23424918949604034,0,0,0.04861840978264809,0,0,0.04162648320198059,0,0,0.1111513003706932,0,0,0.00799745786935091,0
84ab46d62cc73aa48c4c219074638067,94,0,0.5581490993499756,1,0,0.01893964782357216,0,1,0.5583919882774353,1,0,0.6250784993171692,0,1,0.6216424107551575,0
84c632197eb00d0bf42931649cf26a84,94,0,0.3214505612850189,0,0,0.1020386815071106,0,0,0.1496877670288086,0,0,0.22628310322761536,0,0,0.3169539272785187,0
84d97a74cb6d007c8b4370c07920137c,94,0,0.3859890103340149,0,0,0.7474709749221802,1,0,0.1525547057390213,0,0,0.11305849999189377,0,0,0.030635099858045578,0
851111c0d1373209b9cff31baf15dbe2,94,1,0.7542742490768433,1,0,0.1160707026720047,0,1,0.9706730842590332,1,0,0.5594348907470703,0,0,0.42381012439727783,0
852323f1b1d59921ce43fbb0ce7778ef,94,1,0.6008313894271851,1,0,0.07296928763389587,0,0,0.5150162577629089,1,0,0.920073390007019,1,0,0.45002856850624084,0
8523b847bfffd922ccc8748667cb4a6b,95,0,0.3914594352245331,0,0,0.6349852085113525,1,0,0.3125845491886139,0,1,0.34565314650535583,0,0,0.1967419683933258,0
8545aad85354b8db7d5ce731a985a5dd,95,0,0.3695681095123291,0,0,0.8023871183395386,1,0,0.3343117833137512,0,0,0.24843131005764008,0,0,0.06280417740345001,0
85718436181b19f2d96683adba71e0fb,95,0,0.6806497573852539,1,1,0.26693195104599,0,0,0.5175142288208008,1,0,0.5150763988494873,0,0,0.5792627930641174,0
859b2897036f5ebf281996b5c3ed5571,95,0,0.2588699460029602,0,0,0.0012868941994383931,0,0,0.08883839100599289,0,0,0.25434741377830505,0,0,0.39774978160858154,0
85bda836908ce9aa420b408de60d12b9,95,0,0.4234423339366913,0,0,0.010244632139801979,0,0,0.3017193675041199,0,0,0.48481228947639465,0,0,0.49544036388397217,0
85c79168f44971d4ed1a4ceb92f52782,95,0,0.2665836215019226,0,0,0.028029104694724083,0,0,0.22835686802864075,0,0,0.35881316661834717,0,0,0.6009881496429443,0
85cfce301b95db7beeaeeee8d9b44b31,95,0,0.4957513213157654,0,0,0.45649948716163635,1,0,0.3007114827632904,0,0,0.5094021558761597,0,0,0.10046743601560593,0
85e3f349aa7ffca50350583c0e872b3e,95,0,0.4990006387233734,0,0,0.16085271537303925,0,0,0.3197097182273865,0,0,0.49413618445396423,0,0,0.4772115647792816,0
85ffcfa2cb02025abd57e2ed21ec4aa2,95,0,0.6373937726020813,1,1,0.6569424271583557,1,0,0.32358986139297485,0,0,0.3945111930370331,0,0,0.405885249376297,0
860d962f6bcb589691efe5911ef2c415,95,0,0.5835000872612,1,0,0.324800580739975,0,0,0.302042156457901,0,0,0.38684648275375366,0,0,0.22836683690547943,0
8622b8fb70af2568eb36fe1e9bf944df,95,0,0.6424612402915955,1,0,0.022634319961071014,0,0,0.332144558429718,0,0,0.6571930646896362,0,0,0.1976909190416336,0
865f04d531a2cea8ae54bea8419a143b,95,0,0.5323902368545532,1,0,0.05132003501057625,0,0,0.2985479235649109,0,0,0.37401315569877625,0,0,0.48499616980552673,0
8665a7a54f95442fbf721f9865fd2215,95,0,0.33802399039268494,0,0,0.017669184133410454,0,0,0.07048895210027695,0,0,0.3915409445762634,0,0,0.044657375663518906,0
8673c57e2f920c8bb15d3c8a062ee2a2,95,0,0.3726746439933777,0,0,0.004362419713288546,0,0,0.37101417779922485,0,0,0.2518986165523529,0,0,0.21772578358650208,0
867fdc610019d6500f0d02205491d6b3,95,0,0.28208792209625244,0,0,0.2758924067020416,0,0,0.2835841774940491,0,0,0.20096513628959656,0,0,0.2628200948238373,0
86a162a046aa05913ec0ea15a37bf6ec,95,0,0.3840614855289459,0,0,0.3125315308570862,0,0,0.3020738959312439,0,0,0.473422646522522,0,0,0.3642931580543518,0
86b6e82323a0bc62ea29acad47cb8b4b,96,0,0.5317049026489258,1,1,0.27983829379081726,0,0,0.3382374346256256,0,0,0.8670991659164429,1,0,0.6836644411087036,0
86c250394507375a62f41b8178cee56b,96,0,0.4149136543273926,0,0,0.29881614446640015,0,0,0.3667462468147278,0,0,0.22687482833862305,0,0,0.43709617853164673,0
86d44d9e44347855ffc41410e213f3fc,96,0,0.43219414353370667,0,0,0.012296975590288639,0,0,0.37124231457710266,0,0,0.525524377822876,0,0,0.5882717967033386,0
86f163288f42611c975cbc28990cadd3,96,0,0.8107196688652039,1,0,0.7918372750282288,1,0,0.6738671660423279,1,0,0.2991805672645569,0,0,0.37717440724372864,0
86f879c042c8a2860eb6f3177d374998,96,0,0.2510918080806732,0,0,0.0008289875113405287,0,0,0.09540857374668121,0,0,0.3960825204849243,0,0,0.4543347656726837,0
86f8a2d7a8ea7bc8f1d9410b1434ffca,96,0,0.45023736357688904,0,0,0.07604724913835526,0,0,0.5600572228431702,1,0,0.42408668994903564,0,0,0.805483341217041,0
86fa4d1e5cc255212325d29ff77600fe,96,0,0.3967320919036865,0,0,0.26437321305274963,0,1,0.33495286107063293,0,0,0.5575823783874512,0,0,0.5484489798545837,0
8704b3b6daca3fa2a42630a22b6ded1a,96,0,0.315293550491333,0,0,0.43222975730895996,1,0,0.3102792799472809,0,0,0.4422242343425751,0,0,0.1373671442270279,0
870de757427d966a02d162ae502f6563,96,0,0.8619504570960999,1,1,0.8302921652793884,1,1,0.8641875386238098,1,0,0.12675726413726807,0,0,0.032643742859363556,0
8718fb6c453339e5db252d14328d8ae9,96,0,0.21349245309829712,0,0,0.02215755172073841,0,0,0.027498653158545494,0,0,0.14493727684020996,0,0,0.01802760548889637,0
871a0f6c5f88473af86d1ceab436a040,96,0,0.44871285557746887,0,0,0.05262131616473198,0,0,0.1252109259366989,0,0,0.2908053398132324,0,0,0.2972669303417206,0
871e8ae9dc52f1fd45a7cd3068c71d2e,96,1,0.6038134098052979,1,0,0.13071918487548828,0,1,0.4205644130706787,0,0,0.7812302708625793,1,1,0.5480494499206543,0
8738f1843ea1425fdb36e2b0fac23626,96,1,0.39662978053092957,0,0,0.03499361500144005,0,1,0.37964558601379395,0,0,0.8012087941169739,1,0,0.38797056674957275,0
874ac8cb7b030ee4356d0b1bf54f3bd6,96,1,0.3722164034843445,0,0,0.020137794315814972,0,0,0.12314024567604065,0,0,0.14512968063354492,0,0,0.08072016388177872,0
87763a0a0edd30e68ff86a100878c3be,96,0,0.34279006719589233,0,0,0.017345793545246124,0,0,0.07490681111812592,0,0,0.25190284848213196,0,0,0.10866911709308624,0
878e449975ff3b3fe915c976e7b8349e,96,0,0.5973096489906311,1,1,0.405316561460495,1,0,0.8393406271934509,1,0,0.6102698445320129,0,0,0.6723556518554688,0
879749b06c2dd7de7a76887d7f3dc506,97,1,0.5578029751777649,1,0,0.003204548265784979,0,0,0.4330223798751831,1,1,0.791919469833374,1,0,0.790736734867096,0
879e183709977d43bd02d4e51ef325b4,97,0,0.6478836536407471,1,0,0.9295024275779724,1,0,0.5357955694198608,1,0,0.20100601017475128,0,0,0.1548948884010315,0
879ec35e876a8aa2ca445cc465da8322,97,0,0.32005754113197327,0,0,0.03493929281830788,0,0,0.06293994933366776,0,0,0.2379635125398636,0,0,0.08321981132030487,0
87a17e0680f0324fb5e39c610ec1eabc,97,0,0.28780585527420044,0,0,0.052963607013225555,0,0,0.10870794951915741,0,0,0.4095536172389984,0,0,0.21341711282730103,0
87aa2198c942403312bb79486a068fec,97,0,0.5245599746704102,1,0,0.0592062845826149,0,1,0.1852104663848877,0,0,0.27707013487815857,0,0,0.11914363503456116,0
87d52b0c51edffcdd87793fe348aed71,97,0,0.3140357732772827,0,0,0.11791937798261642,0,0,0.1780937910079956,0,0,0.20006364583969116,0,0,0.2425888031721115,0
88026d37fe4202ab073fa838da4fa438,97,0,0.5453451871871948,1,0,0.4905543029308319,1,0,0.655848503112793,1,0,0.293913871049881,0,0,0.6262941956520081,0
880331cec567a33bdfa422b8cae7f77c,97,0,0.4983169734477997,0,0,0.5551091432571411,1,0,0.2974450886249542,0,0,0.3506109416484833,0,0,0.30844393372535706,0
880b327f38330a6d6f8ecd18678ab1eb,97,0,0.34672868251800537,0,0,0.014171586371958256,0,0,0.09819801896810532,0,0,0.2084587812423706,0,0,0.0262141115963459,0
88225a0655ff2e979a4901a74d206118,97,0,0.3671671152114868,0,0,0.19856056571006775,0,0,0.16419009864330292,0,0,0.23471176624298096,0,0,0.5565930604934692,0
8833925206c256a23d191bf9e976a37c,97,0,0.2727862000465393,0,0,0.03289206326007843,0,0,0.15072733163833618,0,0,0.49738800525665283,0,0,0.20716823637485504,0
884f2b574d9600dd52f4a04c9aa3a230,97,0,0.497965544462204,0,0,0.3391948938369751,0,1,0.5133484601974487,1,1,0.5759757161140442,0,0,0.5526390075683594,0
88555f70eddbd1b7f5153f78c180a3f3,97,0,0.5526217222213745,1,0,0.13628214597702026,0,0,0.6009690165519714,1,1,0.9279757142066956,1,0,0.4540869891643524,0
885cb27d4cf51dc3aa6fa71b3aff08d8,97,1,0.7363485097885132,1,0,0.131486713886261,0,1,0.8755117058753967,1,0,0.8004167079925537,1,0,0.42537346482276917,0
8861966283668b026211d4789e556e32,97,0,0.343899130821228,0,0,0.0027737037744373083,0,0,0.2483777552843094,0,0,0.23312319815158844,0,0,0.6022934913635254,0
887371388c9802ebf6e18d617d1c9ead,97,0,0.48121580481529236,0,0,0.1542649269104004,0,0,0.14859211444854736,0,0,0.2413272112607956,0,0,0.09638243913650513,0
889347926c284c6c61234b357153d327,98,1,0.6571376919746399,1,0,0.8232874870300293,1,0,0.3707599341869354,0,0,0.5407476425170898,0,0,0.5344158411026001,0
889c383884d98ca6c0f3ef7e5c988f47,98,0,0.34151944518089294,0,0,0.0015420346753671765,0,0,0.11636950075626373,0,0,0.3519350290298462,0,0,0.3895026743412018,0
88b95ee8ca5cf416d2d4eefe6fdda544,98,0,0.4544624984264374,0,0,0.012695436365902424,0,0,0.2883162796497345,0,0,0.46419596672058105,0,0,0.6405614018440247,0
88c170fc29bb285ec48a809de2d206cd,98,0,0.3537646234035492,0,0,0.006384786684066057,0,1,0.1384643316268921,0,0,0.38417497277259827,0,0,0.34940317273139954,0
88cd5c503ff4f6309fd2b7b38ac71788,98,0,0.33148494362831116,0,0,0.21912701427936554,0,0,0.22885598242282867,0,0,0.3975794315338135,0,0,0.2517891228199005,0
88d2ce200de6d068f75bd22fe9c9ff99,98,0,0.3710973560810089,0,0,0.23399318754673004,0,0,0.344644695520401,0,0,0.3471786379814148,0,0,0.595510721206665,0
88e1a8afc53c842ef8b8f8d6a3aed32b,98,1,0.6370393633842468,1,0,0.14338192343711853,0,1,0.9444707632064819,1,0,0.5671483278274536,0,0,0.35786619782447815,0
89026693453e72d07cdccd6a98999fd5,98,0,0.37264272570610046,0,0,0.4107971787452698,1,0,0.3561704158782959,0,0,0.2513265013694763,0,0,0.2738899290561676,0
8915d3a6c700fd26eddb5c5d7f67571c,98,0,0.43299949169158936,0,0,0.2115052491426468,0,0,0.18589191138744354,0,0,0.485685259103775,0,0,0.19795288145542145,0
89712ddf9e0bcf39f38d7fb0c174b316,98,0,0.25784435868263245,0,0,0.7844183444976807,1,0,0.18188603222370148,0,0,0.45912063121795654,0,0,0.17291316390037537,0
897bb7685ab7e0b33ffd63d8a8c602af,98,1,0.5145280957221985,1,0,0.023546969518065453,0,0,0.16731518507003784,0,0,0.403915137052536,0,0,0.03485409542918205,0
897c9283fc1e7c7c9c27db654aec8d73,98,0,0.6383152604103088,1,0,0.03368917480111122,0,0,0.4375372529029846,1,0,0.32222846150398254,0,0,0.13956454396247864,0
898f3a2c28f2267652a51a0163da0a19,98,0,0.6418143510818481,1,0,0.4457160532474518,1,0,0.4574694335460663,1,0,0.616658627986908,0,0,0.5063642859458923,0
899071c789c858f5f18e7bb8cc01e9d8,98,0,0.4796689450740814,0,0,0.04445047676563263,0,0,0.18791788816452026,0,0,0.18357712030410767,0,0,0.36676231026649475,0
8997b6c26e44ce628e1eb711d11823fc,98,0,0.5528749227523804,1,1,0.7149736285209656,1,0,0.49309679865837097,1,0,0.4999579191207886,0,0,0.3405112028121948,0
89d69479402c09787ae6663d2536a200,98,0,0.2793101668357849,0,0,0.01603871025145054,0,0,0.11010722815990448,0,0,0.20996257662773132,0,0,0.11806108057498932,0
89ed046a7e6ea0bf90a90d41c93838fa,99,0,0.2344438135623932,0,0,0.5361903309822083,1,0,0.07396478205919266,0,0,0.16825233399868011,0,0,0.062321074306964874,0
89f04f147e058dd9899c3868fc135e4f,99,0,0.18184998631477356,0,0,0.004726473242044449,0,0,0.19597673416137695,0,0,0.39817163348197937,0,0,0.5653786063194275,0
89f132e2e7c2ba998aca172c2ac942b6,99,0,0.5496078729629517,1,0,0.06500349938869476,0,0,0.044615380465984344,0,0,0.05431417003273964,0,0,0.011771384626626968,0
89f9bf838081221588361f1da1e9a81a,99,0,0.4757983088493347,0,0,0.04820811375975609,0,0,0.34430137276649475,0,0,0.6245929002761841,0,0,0.5946387648582458,0
89fe3306458a22b4872928854c8d7a93,99,0,0.5619686245918274,1,0,0.1384924203157425,0,0,0.6967313289642334,1,0,0.48214447498321533,0,0,0.7975244522094727,0
8a03b8aacb12ad5740f7d6d236631937,99,0,0.37888672947883606,0,1,0.5985894799232483,1,0,0.23961514234542847,0,0,0.38531261682510376,0,0,0.39278444647789,0
8a0914af872a03770cd65e63ac220504,99,0,0.7404170632362366,1,0,0.4596419334411621,1,0,0.39460092782974243,0,0,0.2770688235759735,0,0,0.1977609395980835,0
8a135433be4f3db4c84dd0c17fd49bd5,99,1,0.4769158959388733,0,0,0.026871848851442337,0,1,0.8922679424285889,1,0,0.7814734578132629,1,0,0.04000110924243927,0
8a1b171f8f5fff7acafec5dcb11b67da,99,0,0.3706630766391754,0,0,0.10028195381164551,0,0,0.20807841420173645,0,0,0.5172895789146423,0,0,0.36415842175483704,0
8a21e0bb68cd729b2108a80faf955b7d,99,0,0.43002262711524963,0,0,0.13042429089546204,0,0,0.22102364897727966,0,0,0.5821753740310669,0,0,0.2837579846382141,0
8a28453b44f960e96195ef63a19eef4d,99,1,0.7532278299331665,1,1,0.3742305338382721,1,1,0.4708724617958069,1,0,0.3161552846431732,0,0,0.391529381275177,0
8a4ebdea1fd73168d73755a4335b6ac6,99,0,0.6791132092475891,1,0,0.10177024453878403,0,0,0.33116358518600464,0,0,0.2377137988805771,0,0,0.4627302885055542,0
8a56a454dfea716a4d249144054974c1,99,0,0.5871793031692505,1,1,0.8831132650375366,1,0,0.5400483012199402,1,0,0.2628403604030609,0,0,0.09396945685148239,0
8ae22bee34bbc561f7ce751a893a2715,99,1,0.2806573808193207,0,0,0.0002549395721871406,0,0,0.17960384488105774,0,0,0.5499277710914612,0,0,0.6483633518218994,0
8b0d1968a2f5c7d6f4fd31b9b6fa37d0,99,0,0.42362770438194275,0,0,0.11184882372617722,0,0,0.3148903250694275,0,0,0.8124281764030457,1,0,0.7125653028488159,0
8b1be486cd3aa270873ee8bce40084a0,99,0,0.4810623228549957,0,0,0.24580372869968414,0,0,0.4981413185596466,1,0,0.3869898319244385,0,0,0.47756603360176086,0
8b20c3eebf97ebe4a939ec16f1be2ccf,100,0,0.7598525881767273,1,0,0.28650233149528503,0,0,0.3774475157260895,0,0,0.11989244818687439,0,0,0.06087210029363632,0
8b367525fe691a088991bf7ceb7b0ba9,100,0,0.6680931448936462,1,0,0.11398866027593613,0,0,0.3337235748767853,0,0,0.21696750819683075,0,0,0.09926651418209076,0
8b44752d98acbc233b093260c0f2061d,100,0,0.35145652294158936,0,0,0.12556900084018707,0,0,0.33605167269706726,0,0,0.3208412230014801,0,0,0.6502752304077148,0
8b783188befa28d99bbf268a7f30bf0c,100,0,0.35250163078308105,0,0,0.5569205284118652,1,0,0.16417557001113892,0,0,0.1978636085987091,0,0,0.17467807233333588,0
8b80c6d513fcc465dee24402e8431bd3,100,0,0.2064986526966095,0,0,0.052086714655160904,0,0,0.06694819778203964,0,0,0.166586235165596,0,0,0.0970071405172348,0
8b83b4587641993e3b01daa61e207ba9,100,0,0.41891103982925415,0,0,0.06493654102087021,0,0,0.32762575149536133,0,0,0.5521971583366394,0,0,0.684485137462616,0
8b92de834e67f5a072af66d59aacc825,100,1,0.609576940536499,1,1,0.6262877583503723,1,1,0.87928706407547,1,0,0.5760994553565979,0,0,0.6773762106895447,0
8b9c9d55bd03bf92f252c764bdc05bcf,100,0,0.3098013997077942,0,0,0.11834027618169785,0,0,0.0909661278128624,0,0,0.3044019639492035,0,0,0.39721834659576416,0
8b9ea72de468504f3dbc3fc711f905a3,100,0,0.3980673849582672,0,0,0.005027719773352146,0,0,0.09101807326078415,0,0,0.25586989521980286,0,0,0.01798565313220024,0
8bb8636f45e172949bb99b3d5dd715fd,100,0,0.2518899142742157,0,0,0.018383903428912163,0,0,0.35709017515182495,0,0,0.45528244972229004,0,0,0.46989333629608154,0
8bdba2010a4775f16a711feab58b8c1c,100,0,0.3945465087890625,0,0,0.006776795256882906,0,0,0.15923915803432465,0,0,0.28824183344841003,0,0,0.1471554934978485,0
8bf191972855f263e27d2239d753e622,100,1,0.5299217700958252,1,0,0.23917287588119507,0,0,0.18713964521884918,0,0,0.378589391708374,0,0,0.40649211406707764,0
8bfad13f75648d94cdc8fc5f988f701f,100,0,0.6794437170028687,1,1,0.845473051071167,1,0,0.4895929992198944,1,0,0.2876265347003937,0,0,0.3665584623813629,0
8c199df8b4209bac0e289a8fc63f46fc,100,0,0.38559746742248535,0,0,0.07214456051588058,0,0,0.6448336839675903,1,1,0.9912548065185547,1,0,0.3323177099227905,0
8c1da0c0eb67a8b7bb7cfac84ecb1cc9,100,0,0.6740185618400574,1,0,0.020251955837011337,0,0,0.44978219270706177,1,0,0.34427839517593384,0,0,0.2966187298297882,0
8c40cb4ad9be5f24327c1b188f14b81b,100,0,0.4600209891796112,0,0,0.26933056116104126,0,0,0.3562318980693817,0,0,0.496113121509552,0,0,0.5836992859840393,0
8c5f21ee2a5e13f48eddb5877084a11f,101,0,0.564888060092926,1,0,0.08862342685461044,0,0,0.14067351818084717,0,0,0.24165937304496765,0,0,0.05875331908464432,0
8c6139a7a9ea206b16b3a0d330ad6c02,101,0,0.21934358775615692,0,0,0.021608084440231323,0,0,0.17565394937992096,0,0,0.437677800655365,0,0,0.6075780391693115,0
8c6c6d7609f644dea5044ac56725cf3a,101,0,0.329376220703125,0,0,0.01034866739064455,0,0,0.15809698402881622,0,0,0.23332293331623077,0,0,0.2199639528989792,0
8c7341b62afed8980c0cfa1659909be3,101,0,0.5827280282974243,1,1,0.9086207151412964,1,0,0.7714932560920715,1,1,0.5438099503517151,0,0,0.7603021860122681,0
8ca35bde756454ae2789f75ad12dfa1a,101,0,0.2342265397310257,0,0,0.5953978896141052,1,0,0.2062654346227646,0,0,0.42386454343795776,0,0,0.05898275226354599,0
8cdb33b248a22754d1c2d8b409695a23,101,0,0.3357340097427368,0,0,0.001341369585134089,0,0,0.14138655364513397,0,0,0.3820789158344269,0,0,0.40363752841949463,0
8d14c321b87595be89926a9b5219150b,101,0,0.7476657629013062,1,0,0.44239336252212524,1,0,0.5006747841835022,1,0,0.269199937582016,0,0,0.29053613543510437,0
8d1cee8994769d8a74512426fb45cd98,101,0,0.33400437235832214,0,0,0.09759688377380371,0,0,0.14809511601924896,0,0,0.3155297636985779,0,0,0.3916078507900238,0
8d320a31edbc7f28ea0e329c5a91c55c,101,0,0.539466142654419,1,1,0.8330386877059937,1,0,0.3598581850528717,0,0,0.2569046914577484,0,0,0.4381132125854492,0
8d53f1f5d327b1e1642bdb63d697c4fe,101,1,0.6906312108039856,1,0,0.004756572190672159,0,0,0.6749948859214783,1,1,0.8195375800132751,1,1,0.7408385276794434,0
8d598771f57b55e64a2ecd048ac42194,101,0,0.2446255087852478,0,0,0.29545921087265015,0,0,0.11075570434331894,0,0,0.31751367449760437,0,0,0.533260703086853,0
8d612aaeaf1b5a01971cbdba49b37fdb,101,1,0.6263551712036133,1,0,0.25496572256088257,0,1,0.8055583238601685,1,0,0.2954992949962616,0,0,0.14255180954933167,0
8d677aa2749132774b4bb1400351e097,101,0,0.5550490021705627,1,0,0.18512293696403503,0,0,0.23895981907844543,0,0,0.39398273825645447,0,0,0.12234573811292648,0
8d87354fed4d79fe6e33267600d66adf,101,0,0.397249311208725,0,0,0.13467863202095032,0,0,0.15859892964363098,0,0,0.526005208492279,0,0,0.19957657158374786,0
8d8830c35ca3c9b01c3dd33eb4fabc00,101,1,0.8155405521392822,1,0,0.060672543942928314,0,0,0.8562314510345459,1,0,0.8280971646308899,1,0,0.25084665417671204,0
8d92d5da9bcba061cf36ee0a6c4d5d45,101,0,0.21931158006191254,0,0,0.009222950786352158,0,0,0.04503853619098663,0,0,0.15006554126739502,0,0,0.06285077333450317,0
8db4cbed642a41074ac5acdb0be452e4,102,0,0.3946774899959564,0,0,0.763014554977417,1,0,0.290487140417099,0,0,0.20623145997524261,0,0,0.1903035044670105,0
8db986c7dad6ac1f5b3bcbf23b358d63,102,0,0.40061089396476746,0,0,0.005114350467920303,0,0,0.17137537896633148,0,0,0.2906687259674072,0,0,0.735134482383728,0
8de301615cf3fca4c747a87d9b9505c1,102,0,0.576718270778656,1,0,0.07130559533834457,0,0,0.3868037462234497,0,0,0.45228639245033264,0,1,0.6227524876594543,0
8dec5497ecc246766acfba5a4be4e619,102,0,0.21359239518642426,0,0,0.007636978756636381,0,0,0.1053941398859024,0,0,0.3145286440849304,0,0,0.2453954517841339,0
8e3d51015dcc574507110141019bc77a,102,1,0.6570159792900085,1,0,0.386921763420105,1,0,0.33788594603538513,0,0,0.8094676733016968,1,0,0.22700612246990204,0
8e45289dba71354bafe44794b7d60d2c,102,0,0.3387356400489807,0,0,0.27144190669059753,0,0,0.1853375881910324,0,0,0.22990228235721588,0,0,0.1289931684732437,0
8e6dca156b7d89a13ab8849b30bf511f,102,0,0.4708977937698364,0,0,0.006021472159773111,0,0,0.23761974275112152,0,0,0.14029721915721893,0,0,0.15794433653354645,0
8e9dbebe9681191780dd66779a27a663,102,0,0.5019018650054932,1,0,0.12785975635051727,0,0,0.4167177379131317,0,0,0.4937998652458191,0,0,0.754414975643158,0
8ea15d8dffaccc803d343596092354b5,102,1,0.8161572813987732,1,1,0.05731382220983505,0,1,0.8807345032691956,1,0,0.8115532398223877,1,0,0.22511689364910126,0
8eac0d67c1763bf49cff773d0acce819,102,0,0.27180713415145874,0,0,0.23351530730724335,0,0,0.13243812322616577,0,0,0.23391248285770416,0,0,0.17259563505649567,0
8ecee848dad45a30b6a0f80f6524a3cd,102,0,0.42018547654151917,0,0,0.44747450947761536,1,1,0.21388640999794006,0,0,0.3494602143764496,0,1,0.04375457018613815,0
8edb79319d71c1813e91d049d466e237,102,0,0.5682836771011353,1,1,0.7265995740890503,1,0,0.6312383413314819,1,0,0.49289757013320923,0,0,0.5052623152732849,0
8ee3612f9072477512f638498c50d788,102,0,0.4634319543838501,0,0,0.23577766120433807,0,0,0.4153241813182831,0,0,0.2984788119792938,0,0,0.47370389103889465,0
8eea7c2445255538d0785405b6832ff9,102,1,0.4621464014053345,0,0,0.10551943629980087,0,0,0.6427261233329773,1,0,0.8956027626991272,1,0,0.49005118012428284,0
8f0e9a83c1e26189ede1bd22fd751ead,102,0,0.1710246205329895,0,0,0.005698880646377802,0,0,0.02939348854124546,0,0,0.17173931002616882,0,0,0.016241133213043213,0
8f21e046be34b9fd8fe5a3f6bff1b139,102,0,0.6836090683937073,1,0,0.18555952608585358,0,0,0.28294098377227783,0,0,0.3388742506504059,0,0,0.6605872511863708,0
8f4074350997e3cac1a8714363ce4069,103,0,0.3352965712547302,0,0,0.49264898896217346,1,0,0.182304248213768,0,0,0.20895785093307495,0,0,0.20310357213020325,0
8f83a4da5d18bff5a21d5caaef7d38ae,103,0,0.5238692164421082,1,0,0.7692245841026306,1,0,0.5496456027030945,1,0,0.2881636321544647,0,0,0.16521307826042175,0
8f87062bcd359f1d6ba0c6ab4e1ce2aa,103,0,0.3459107279777527,0,0,0.29971930384635925,0,0,0.3574238717556,0,0,0.25046589970588684,0,0,0.18677455186843872,0
8f90c2f3fa222eac7b59911267d00322,103,0,0.26207664608955383,0,0,0.004001284949481487,0,0,0.06990602612495422,0,0,0.22347761690616608,0,0,0.14234739542007446,0
8fa99ab9d23eba8869ed9acd6429a0d5,103,0,0.22809185087680817,0,0,0.02497880533337593,0,0,0.4241826832294464,0,0,0.36392033100128174,0,0,0.4636964499950409,0
8fc6580091f8d24be3dbd700d4630833,103,0,0.4719516336917877,0,0,0.0032602823339402676,0,0,0.2765260934829712,0,0,0.3766895532608032,0,0,0.18237221240997314,0
8fc78cbddaaed14a33267a0b3e4094e3,103,0,0.5217251181602478,1,0,0.19215524196624756,0,0,0.2602672576904297,0,0,0.44230327010154724,0,0,0.2598925530910492,0
900b1f760a359497ccf2a17d08413357,103,0,0.31190985441207886,0,0,0.00829926785081625,0,0,0.05714457482099533,0,0,0.23238001763820648,0,0,0.02006499469280243,0
9021a7769e065e341d0893fac8250f2f,103,0,0.5769334435462952,1,1,0.781659722328186,1,0,0.4579695463180542,1,0,0.40709659457206726,0,0,0.420449435710907,0
902475b417c3d15c12706001292aa02e,103,0,0.5692245960235596,1,0,0.13120737671852112,0,0,0.444224089384079,1,0,0.30772602558135986,0,0,0.5563405156135559,0
90298b04a0c568ee2144c3431711b30e,103,1,0.7583326101303101,1,1,0.2511892020702362,0,0,0.5883256196975708,1,0,0.4887967109680176,0,0,0.44069960713386536,0
9045dfc3d4a724a051e85b331af35116,103,1,0.7757709622383118,1,0,0.03354080393910408,0,0,0.429165244102478,0,1,0.8688151836395264,1,0,0.38058674335479736,0
9046a6b2fb904a20e144f9c26ac86ea7,103,0,0.5830414295196533,1,0,0.008714304305613041,0,0,0.48414987325668335,1,0,0.6163690090179443,0,0,0.612099826335907,0
904c597a439d56ab663e0b5cc5422924,103,0,0.3386266827583313,0,0,0.5492271184921265,1,0,0.1696765124797821,0,0,0.18718677759170532,0,0,0.4367995262145996,0
9055b296acf42185d29edd60dfdc6c50,103,0,0.3912205100059509,0,1,0.7466862797737122,1,0,0.46092796325683594,1,0,0.4620972275733948,0,0,0.627838134765625,0
9060abafbf20514eb23dacaec98e5001,103,0,0.29577741026878357,0,0,0.07257713377475739,0,0,0.17555581033229828,0,0,0.6469452381134033,0,0,0.3230770230293274,0
90a2ee123827454effd1632e5a0d2214,104,0,0.4330754280090332,0,0,0.057604558765888214,0,0,0.1415357142686844,0,0,0.3292548358440399,0,0,0.03703782334923744,0
90fcb945ce4bd77f9d7eb0cf3b7c0c75,104,0,0.3910605311393738,0,0,0.005148408003151417,0,0,0.2188044935464859,0,0,0.8335694074630737,1,0,0.3480778634548187,0
90ff0f6edbdb16fdeeaf3a8471f576ff,104,0,0.34907710552215576,0,0,0.01274095382541418,0,0,0.15605130791664124,0,0,0.2700190544128418,0,0,0.49522078037261963,0
9105b96b6fdcb0dc599dc279b23c524e,104,1,0.4560409486293793,0,1,0.5499382019042969,1,0,0.4359584450721741,1,0,0.48987701535224915,0,0,0.20584005117416382,0
91123b24b8a4c289820bbb2dc6dabdfe,104,0,0.33471477031707764,0,1,0.38646024465560913,1,0,0.33508598804473877,0,0,0.6636841297149658,0,0,0.4428207278251648,0
9112756a7e8b3ae899c07ee78f42ba65,104,0,0.6222213506698608,1,1,0.28191429376602173,0,0,0.36458754539489746,0,0,0.5097880363464355,0,0,0.3863271474838257,0
91283908618845879937985817083c93,104,0,0.667157769203186,1,0,0.4395502805709839,1,0,0.5078726410865784,1,0,0.25915735960006714,0,0,0.12672196328639984,0
912a20a92e3eec09b59aad46c4451241,104,0,0.2786313593387604,0,0,0.8898766040802002,1,0,0.18567012250423431,0,0,0.12183191627264023,0,0,0.0371011383831501,0
915e148ea37918f74554937db82e0bef,104,1,0.6977718472480774,1,0,0.03338813781738281,0,0,0.5071674585342407,1,0,0.9173068404197693,1,0,0.5696790218353271,0
91666dfbe7cae907ee17c02084290e4b,104,0,0.6514384150505066,1,0,0.02253936417400837,0,0,0.571455717086792,1,0,0.7911261320114136,1,0,0.4633045494556427,0
9166a14e1c348730c4f6a58b91cab35b,104,0,0.42116037011146545,0,0,0.006017683073878288,0,0,0.16473691165447235,0,0,0.3027675449848175,0,0,0.22732464969158173,0
919ae0be4914f8ab1309afd084b552f9,104,0,0.3314063251018524,0,0,0.2770926058292389,0,0,0.05215509608387947,0,0,0.08548810333013535,0,0,0.02389909327030182,0
91a0ba6661f1216e3e0efa1da5085927,104,0,0.5025151371955872,1,0,0.3760490119457245,1,0,0.6135960817337036,1,0,0.45549049973487854,0,0,0.669417142868042,0
91a8f0bfbcfa86f399c6a1175ce78b48,104,0,0.46133676171302795,0,0,0.12925729155540466,0,0,0.272275447845459,0,0,0.11207190155982971,0,0,0.37701717019081116,0
91c465dad262c2d07cc9d98ebd3126cf,104,0,0.36747217178344727,0,0,0.006090605165809393,0,0,0.3757302761077881,0,0,0.31229087710380554,0,0,0.6382723450660706,0
91fe3b729dcb9a1fe5ddc310893fd339,104,0,0.39884617924690247,0,0,0.26314929127693176,0,0,0.40231093764305115,0,0,0.2908877730369568,0,1,0.6636717915534973,0
920798732c5a28ac4c00a8cf4a49e3ac,105,0,0.3903988301753998,0,0,0.0243618655949831,0,0,0.2169846147298813,0,0,0.3626102805137634,0,0,0.3227538764476776,0
920adb61fe4f2cad8c72b874d2f06653,105,0,0.4230256974697113,0,0,0.8785219192504883,1,0,0.3447932004928589,0,0,0.14944502711296082,0,0,0.10319983214139938,0
920b51a079a6918a500745fd5dcc1c03,105,0,0.286002516746521,0,0,0.16017885506153107,0,0,0.1673533320426941,0,0,0.3247149884700775,0,0,0.3293662369251251,0
921ae3e2888fcc1250129a6e8e585350,105,0,0.45866551995277405,0,0,0.26437893509864807,0,0,0.12882345914840698,0,0,0.46534812450408936,0,0,0.050498247146606445,0
921d2a094965fd081bc7d0d9ac6354b2,105,0,0.4566393494606018,0,0,0.4489259123802185,1,0,0.3801896572113037,0,0,0.3982110917568207,0,0,0.43845194578170776,0
9221b0d7c0029ef3ac6e12f5aa330fa6,105,0,0.5198681950569153,1,0,0.03313419222831726,0,0,0.3788481056690216,0,0,0.5446230173110962,0,0,0.5995590686798096,0
923555428f4043c4b5eac18d242021a7,105,0,0.3500842750072479,0,0,0.14357933402061462,0,0,0.3019300401210785,0,0,0.1747661978006363,0,0,0.13419489562511444,0
923e8cd400a4e914b50f3ee0ee7297e3,105,0,0.23397624492645264,0,0,0.011842094361782074,0,0,0.12230756133794785,0,0,0.16828197240829468,0,0,0.19790692627429962,0
925d945d9d6cf5d0f8bb294e8c68fdbc,105,0,0.49859437346458435,0,0,0.00035130963078700006,0,0,0.27742427587509155,0,0,0.6149707436561584,0,0,0.6368122100830078,0
9261a4818a8933262ea1b9b9bebd2b4d,105,0,0.6095197200775146,1,0,0.8839586973190308,1,0,0.45264992117881775,1,0,0.37316399812698364,0,0,0.10272139310836792,0
9262bfe5dc41410f1725ebdd26a22334,105,0,0.5317635536193848,1,1,0.14791572093963623,0,0,0.33310580253601074,0,0,0.4859243929386139,0,0,0.5606347322463989,0
926787394c8df63b1da0a1cadf1063ee,105,0,0.5186627507209778,1,0,0.12516999244689941,0,0,0.21531936526298523,0,0,0.34121569991111755,0,0,0.1874067336320877,0
926f386ea35e891d7bfbcf9cab111866,105,0,0.5981091856956482,1,0,0.15380071103572845,0,0,0.5004220008850098,1,0,0.46826741099357605,0,0,0.3653532862663269,0
9276f93cb5f5b511b7ad3caf71c45f10,105,0,0.285110741853714,0,0,0.005419653840363026,0,0,0.12279476970434189,0,0,0.32712140679359436,0,0,0.29636916518211365,0
92a7c4fdc48bc4b5567b292cb57a201d,105,0,0.5685211420059204,1,0,0.35559171438217163,0,0,0.3801966905593872,0,0,0.7623737454414368,1,0,0.4807587265968323,0
92b86dc30366b13fa742c386fb146594,105,0,0.4281488358974457,0,0,0.10835061967372894,0,0,0.33660417795181274,0,0,0.46063482761383057,0,0,0.2643466889858246,0
92e71098a8b0f7e30097a649588a26de,106,0,0.6316292881965637,1,1,0.26566919684410095,0,1,0.864927351474762,1,0,0.5620054602622986,0,0,0.7861696481704712,0
92e85f2d1d6ad5ebe0385ebb1a7868c2,106,0,0.6569601893424988,1,1,0.6164197325706482,1,0,0.5057927370071411,1,0,0.38306260108947754,0,0,0.11842174828052521,0
92fa602b722ed0b664edb0b7ef6efc6e,106,0,0.3847116231918335,0,0,0.08924373239278793,0,0,0.21712632477283478,0,0,0.5474504232406616,0,0,0.33910804986953735,0
9312eef59a2ec95acb7e39d0508d89cc,106,0,0.6929293274879456,1,1,0.8565529584884644,1,0,0.4730386435985565,1,0,0.556189775466919,0,0,0.15438061952590942,0
931dc77300612101a84eff6070ca270a,106,0,0.3643285632133484,0,0,0.004908490926027298,0,0,0.1797429919242859,0,1,0.8289642930030823,1,1,0.3456343114376068,0
93239daad566dbc55904c90e6f74a8f4,106,0,0.441202312707901,0,0,0.02682637982070446,0,0,0.1331091672182083,0,0,0.37957555055618286,0,0,0.136301651597023,0
933a7e742b3bda1d1e345dd123b5f46a,106,0,0.47668373584747314,0,0,0.002632491523399949,0,1,0.7569626569747925,1,0,0.5101441144943237,0,1,0.9950273633003235,1
934e2731a86f3a6d750f7f7d9eaea85c,106,1,0.7224855422973633,1,0,0.08836470544338226,0,1,0.9528070688247681,1,0,0.43737557530403137,0,1,0.2009604424238205,0
937a353dd57519c0757ce2da3ae2bdc2,106,0,0.6031753420829773,1,1,0.4197947680950165,1,0,0.2192760705947876,0,0,0.1877025067806244,0,0,0.07615510374307632,0
93c4edb47311463feddf87a0ea36f128,106,0,0.3139711916446686,0,0,0.0024811376351863146,0,0,0.06562430411577225,0,0,0.2627752423286438,0,0,0.2371186465024948,0
93cdc1245a32efee2b5ec92abe175e8b,106,0,0.5374743938446045,1,0,0.6806434988975525,1,0,0.3646295666694641,0,0,0.2876078188419342,0,0,0.23259779810905457,0
940635db4ae037a40c8a95a81de062d6,106,0,0.6290611028671265,1,1,0.877595841884613,1,0,0.6457889080047607,1,0,0.3851446807384491,0,0,0.3826577067375183,0
9408e65cccb846a922ba24c1482d1f4e,106,0,0.28409454226493835,0,0,0.28787246346473694,0,0,0.08037001639604568,0,0,0.2214227020740509,0,0,0.13209690153598785,0
941dc59889449949de70d0b3a545939c,106,0,0.27067893743515015,0,0,0.0020124863367527723,0,0,0.12894533574581146,0,0,0.6865805983543396,1,0,0.513892650604248,0
945654132299ed39a4001917a63442b5,106,0,0.2767333984375,0,0,0.06386696547269821,0,0,0.03675676882266998,0,0,0.1475267857313156,0,0,0.027832847088575363,0
94568a546be103177cb582d3e91cd2d8,106,0,0.34749725461006165,0,0,0.5838971138000488,1,0,0.18797597289085388,0,0,0.19312810897827148,0,0,0.1341165453195572,0
945e911b21f8a7a61e1828b1b96e9b57,107,0,0.3240058124065399,0,0,0.18517810106277466,0,0,0.42320531606674194,0,0,0.28285104036331177,0,0,0.7110595107078552,0
9466f15cf32369021196e4a474d6864e,107,0,0.3633508086204529,0,0,0.02929573692381382,0,0,0.2164802998304367,0,0,0.22196871042251587,0,0,0.06606891751289368,0
94699ec9440ff2d98c16238825994312,107,0,0.6395216584205627,1,0,0.43918943405151367,1,0,0.2583772838115692,0,0,0.3642151951789856,0,0,0.19358505308628082,0
94991be117227a4da154ae9d49583695,107,0,0.4956284165382385,0,1,0.85829097032547,1,0,0.4956841766834259,1,1,0.2180861234664917,0,0,0.1450444757938385,0
94b4487a6f96741da2745343df491908,107,0,0.27516302466392517,0,0,0.06419381499290466,0,0,0.16214343905448914,0,0,0.3204897940158844,0,0,0.3733002245426178,0
950259de679bcbb923e69129ef6640d5,107,0,0.7357645034790039,1,0,0.12819291651248932,0,0,0.7001557350158691,1,0,0.4955834448337555,0,0,0.6360129714012146,0
950f7420fe9cb8a960a5c3ca47c35748,107,0,0.5714631676673889,1,0,0.3514295518398285,0,0,0.44892820715904236,1,0,0.33814844489097595,0,0,0.6070674061775208,0
95108d231a9fd10ed3d5594c3e7f41e1,107,0,0.42725545167922974,0,0,0.014955800957977772,0,0,0.22812815010547638,0,0,0.5155589580535889,0,0,0.3296010196208954,0
95202c6e6cf656274adf379f419ab244,107,0,0.31181418895721436,0,0,0.008785098791122437,0,0,0.05315716937184334,0,0,0.2210777997970581,0,0,0.05635349452495575,0
953e9c48167874db643fd1dc010605c1,107,0,0.5524141788482666,1,0,0.051824409514665604,0,0,0.09705319255590439,0,0,0.2855682969093323,0,0,0.03915388137102127,0
9575166c507d7862f5924bc606eb6c1d,107,0,0.2955961227416992,0,0,0.05051365867257118,0,0,0.12987302243709564,0,0,0.47543179988861084,0,0,0.6448348760604858,0
958a4c63f5e4151e78a7a3684eb4616f,107,0,0.5526448488235474,1,0,0.6964212656021118,1,1,0.5838571786880493,1,1,0.8489897847175598,1,1,0.24542859196662903,0
95c1cb84d859b7ef18e61b5e2d052bb5,107,0,0.5116972923278809,1,0,0.03689555078744888,0,0,0.29284659028053284,0,0,0.733934760093689,1,0,0.4913351237773895,0
95c7dd4307b9ab126fe347ba6e57dd7e,107,0,0.34098345041275024,0,0,0.1624518781900406,0,0,0.2374710738658905,0,0,0.20283041894435883,0,0,0.14574790000915527,0
95eb9d1e5697e1c665253e05dcf5a464,107,0,0.3099936246871948,0,0,0.13162393867969513,0,0,0.3867017328739166,0,0,0.1956356167793274,0,0,0.3232201933860779,0
96171d4df35e0bb38fd6df7e7b6f35e9,107,0,0.5909711122512817,1,0,0.0163302980363369,0,0,0.5646586418151855,1,1,0.7389543652534485,1,0,0.6365767121315002,0
96601ac112a5e37c51dabe61bf063a8e,108,0,0.5728041529655457,1,0,0.6264036297798157,1,0,0.499469131231308,1,0,0.26138249039649963,0,0,0.11763965338468552,0
967a55293ed97ec1447c0da5162a430e,108,0,0.4338369071483612,0,0,0.24464908242225647,0,0,0.46607163548469543,1,0,0.7024106979370117,1,0,0.2030898481607437,0
967cc2106c325f85a5447798328f5d33,108,0,0.7801803350448608,1,0,0.7881046533584595,1,0,0.5218283534049988,1,0,0.32517683506011963,0,0,0.3647729754447937,0
968735441bd2c77d7cfcf4d504b1fd5b,108,0,0.3216869533061981,0,0,0.2515634596347809,0,0,0.31097880005836487,0,0,0.5809119343757629,0,0,0.5244482755661011,0
968a90b80ec6b68aae9703ff30509acc,108,0,0.25082945823669434,0,0,0.018994400277733803,0,0,0.0652109831571579,0,0,0.24341419339179993,0,0,0.06499741226434708,0
969570a649d3d7f430dd2e4ec11b7bc4,108,0,0.46873247623443604,0,0,0.43442168831825256,1,0,0.3694002330303192,0,0,0.6271185278892517,0,0,0.42533937096595764,0
96b106d836d2b4f16362d3a1d1f767a5,108,0,0.6037721037864685,1,1,0.1822570115327835,0,0,0.5479917526245117,1,0,0.46097758412361145,0,0,0.5429078340530396,0
96ccdf8a8c6680b235e532b179a89285,108,0,0.31150272488594055,0,0,0.009845839813351631,0,0,0.25189217925071716,0,0,0.40682241320610046,0,0,0.6842418313026428,0
96d1504f104b0b4ad88de4a50d413197,108,0,0.4627980887889862,0,0,0.056954074651002884,0,0,0.3090786337852478,0,0,0.3214406967163086,0,0,0.37712177634239197,0
96d4d2d2fff41438e38075881b7b0d58,108,0,0.30015766620635986,0,0,0.021300822496414185,0,0,0.08340872079133987,0,0,0.25444579124450684,0,0,0.23934206366539001,0
973b316bee7e6ccda97c07d096008fea,108,0,0.38327667117118835,0,0,0.01422615721821785,0,0,0.08024018257856369,0,0,0.20425252616405487,0,0,0.0368075929582119,0
97c27cc1254725212a62ca9af162d54d,108,0,0.5416616201400757,1,0,0.02938118390738964,0,0,0.4931478202342987,1,0,0.4329286515712738,0,0,0.6257666945457458,0
