image_id,y_true,prob_abnormal,y_pred,batch_index
002a34c58c5b758217ed1f584ccbcfe9,0,0.3903369903564453,0,0
004f33259ee4aef671c2b95d54e4be68,0,0.2236177921295166,0,0
008bdde2af2462e86fd373a445d0f4cd,1,0.37340107560157776,0,0
009bc039326338823ca3aa84381f17f1,0,0.6457468271255493,1,0
00a2145de1886cb9eb88869c85d74080,1,0.10980634391307831,0,0
00b7e6bfa4dc1fe9ddd0ce74743e38c2,1,0.46100106835365295,0,0
011295e0bcdc7636569ab73bfdcc4450,0,0.10619212687015533,0,0
013c169f9dad6f1f6485da961b9f7bf2,0,0.558118462562561,1,0
01431a2618c0ace741e4e270a37e20b9,1,0.34168943762779236,0,0
0168eb925aa6f28a78b16134792f5d0e,0,0.1749832183122635,0,0
016bc723c3ceedb78e27ebfe7032498e,0,0.7406051158905029,1,0
0171021638f9272a34a41feb84ed47a0,0,0.5132303833961487,1,0
019df578e38053e614d483f7fb347b26,0,0.29090410470962524,0,0
01ded16689539deb30d0981fafd18465,1,0.42896443605422974,0,0
01eb30a37b6f5fed8a8d3ab2d1c0a7d6,1,0.7566669583320618,1,0
01f8f17dba6c5e67ba5bcf30ce70ea3f,0,0.24078288674354553,0,0
02199417ff2a400cff64249f0399f0d7,0,0.4743540585041046,0,0
022a62478444fedf2dea1ba91aafdc48,0,0.19087111949920654,0,0
02425334e92510da663eb913ad0632ea,0,0.3042134940624237,0,0
024e693014e70d448f650267bed661ae,0,0.622278094291687,1,0
0271d381c3e88527721efcfaf518be71,1,0.5848985314369202,1,0
0291515f5d14c34180a15712a55bf7bd,1,0.43851369619369507,0,0
02b0ad6e22487b7e3f08093c42444b0f,1,0.8626230359077454,1,0
02d04b6b6883fd92c12a3dde5d2ff6c0,1,0.1553930640220642,0,0
034814210bf2105ecb3e7ed6876f43e9,0,0.09219545871019363,0,0
034b98d64dc012298afb3d33fe880193,0,0.5583733916282654,1,0
037503b94eb68a16587a78bce365e681,1,0.4523312449455261,0,0
037dc0be7504c7d1c5ff967f4a0a491a,0,0.30551251769065857,0,0
0386d9b8234215dc50eb1f66eb206d85,0,0.06570924073457718,0,0
038f69f3cf0aaa00c9d7337be434f316,0,0.2359142005443573,0,0
03a2e400656f58841beb7f62584ee3e9,0,0.15881656110286713,0,0
03a395d9fc03a6f8c5a50e693c20ab15,0,0.2699260413646698,0,0
03aca410943c7f131b16572f03ee2cf6,0,0.3140135705471039,0,1
03b796fd180662c4e579a4b8894486a9,0,0.6213208436965942,1,1
03caacd475acb947a2f11d1a0d76a971,1,0.7626469731330872,1,1
03da4593b25a2e0095170197050cb551,0,0.36685290932655334,0,1
03ea976a276b66285825246525357949,0,0.33695483207702637,0,1
03f00327702f48c4b6726a0e1649a157,1,0.6720982789993286,1,1
03f4ef7ff19190f220b13c0059ac506b,0,0.12961331009864807,0,1
03f9ce3f34a38cf5c6411acd8fd4c5ff,0,0.09377750754356384,0,1
0403dda5a9bf46457517b604869d530d,0,0.7364243268966675,1,1
041c40e3f03d9af32b594c5186575a61,1,0.4502049684524536,0,1
043111cdad4d26204503d3396876046f,0,0.5432700514793396,1,1
045a16fa7dd72c16b7b7d44ff10be428,1,0.23591282963752747,0,1
0461006c3061e71f2cf28da9565d7288,1,0.8175504207611084,1,1
04669ec4821d2dde14eb2f9a3f47eb7e,0,0.5627206563949585,1,1
047815a469503dfe21da4a12e2514a15,0,0.35164156556129456,0,1
048ce999447fbb6a58ea17fac775288b,0,0.18396711349487305,0,1
0493431e2beef20230dfc2837e95fe7b,0,0.211834117770195,0,1
0493df0059bd251e6dbb0dc71f5c5b45,1,0.700719952583313,1,1
04b68e83e611caf345b0a1dc9c65ec88,0,0.573531985282898,1,1
04b700c4815f088728db9f093c739707,0,0.1816934198141098,0,1
04c6efbd31a676bb888a4f5bf53d03c1,0,0.16938160359859467,0,1
04cc236166c1ff638ff6200f2f2a397d,0,0.48431825637817383,0,1
04da0054eed9aa1c8b95ade5e6c16a00,0,0.46958351135253906,0,1
051b1b1edcbaa44059c7b3edbe70c3b8,1,0.8581731915473938,1,1
0538230ced64be2db111ff5d07624db1,0,0.3669128715991974,0,1
056815f22ac3de9b9eb6fb963d4cfa5a,0,0.08578043431043625,0,1
05711a72a0819422965daa93f30b6f75,1,0.034422408789396286,0,1
057afd48abd153972bb91397b71b66b8,1,0.8681219816207886,1,1
05857909cbf214a6cbdef5306e18d48e,0,0.14330948889255524,0,1
059ad332961631d8d2f4ab468a7e42d3,0,0.1660412698984146,0,1
05a548fd37b6e44ab97a48dabee57c21,0,0.18440505862236023,0,1
05a7460866e0d128b5db471431675483,0,0.3185783624649048,0,1
05dbd765ff84cbb24759b0c135ba4447,0,0.09154718369245529,0,2
05e951c63e80999f13e6e09e7ec8439a,0,0.2991940677165985,0,2
05fd4bbf127858eb83ae01cd454d3e2a,0,0.3458543121814728,0,2
065473884bfa339d2e464e5394d56fd6,0,0.22637301683425903,0,2
069198879ff8140bab6c47c58242a0a4,0,0.09379879385232925,0,2
0713502741102f3e494fb39bbd9f9571,0,0.16107451915740967,0,2
071e3d1deecabb75178035e8dbad8b4d,0,0.10590410232543945,0,2
07229c769cb2c284c1114c6fe7ed3dd6,0,0.16420887410640717,0,2
07304e029b89fc007bd64b7c9bb52979,0,0.2270742505788803,0,2
074e3cceb0c1677a1ad0dbff31167d7d,1,0.9222749471664429,1,2
0764ce517782604a7b81bb6e17c798e9,0,0.3737269639968872,0,2
0792bb20718b8006f78094ae449c3c96,1,0.6539480686187744,1,2
0799063103aea263344a77adbde5b7ca,1,0.7382679581642151,1,2
079de341c7b3804c37114b8da3011b45,0,0.09492768347263336,0,2
07c1810b7cb0d7ef900ab2b0007784cf,0,0.5437835454940796,1,2
07cdcea9a6c3049d7a02ade9c680d4d7,1,0.7143980860710144,1,2
07dcda506753ae678e2cc937f1f8ddf2,0,0.16957920789718628,0,2
07ea0f8d7b7f1fb150c5afb04dc26c9a,0,0.20329596102237701,0,2
07ee04ca7bb66d99ae283ded05f1af76,0,0.26855117082595825,0,2
07ee5d541dcbf1131f0b84aee73d7705,0,0.22026094794273376,0,2
07fecb6f57a3d452c4764b1013740141,1,0.7284190654754639,1,2
080fd678b461536e6e1b5d9b17093cdb,1,0.317815899848938,0,2
08504fa0ea409654d6328e51de2fb3b9,0,0.2689961791038513,0,2
08534e46be27043b31a2b648d7c62350,0,0.8103892207145691,1,2
08807797eff7d24d76e4817a3a38477e,1,0.5311717987060547,1,2
08cad5510452011e9c519bbbc9741fda,0,0.2869023382663727,0,2
08d6125cda5ffceb8f235c96179a7061,0,0.2722868025302887,0,2
08e4edc0d35455c8e25a74b9ed3137b0,0,0.2232510894536972,0,2
08ee53ea1825d6e2feffc2a6488f2d7d,1,0.8096809387207031,1,2
090a90ca6e01ed9f613578c95c151a01,0,0.21329796314239502,0,2
0919cca5a55ea3b156f45b5cd14fe8d3,0,0.10184868425130844,0,2
09291f525b50263a1b90764715395311,1,0.61939537525177,1,2
094d5c1af40f7f565d8d68cf28c06ba5,0,0.11469727009534836,0,3
094eac6e63db15465c6283c090398aa8,0,0.3705563247203827,0,3
0956d88d67ce080413b1b3ac20ab8622,0,0.6208730936050415,1,3
095f8f367727ccd7fc0bf95380399b39,1,0.8638852834701538,1,3
099e4272e7aa6f18b8fa322e1277c6a9,0,0.13276644051074982,0,3
09b017424bf8f0c76ba99e4f0dfc0019,0,0.12192918360233307,0,3
09defc0d2204d156a38f8391e491e7b2,0,0.14152869582176208,0,3
09f6d7dd9a59caf6c35604c0d0d2b74b,1,0.2042860984802246,0,3
0a08191a658edb1327e7282045ec71cf,0,0.23253826797008514,0,3
0a1addecfc432a1b425d61fe57bc29d2,0,0.30814164876937866,0,3
0a2e45455fe2c76ddbbb5f38ab35f6f2,0,0.2655600607395172,0,3
0a6fd1c1d71ff6f9e0f0afa746e223e4,1,0.4307921230792999,0,3
0a8dc3de200bc767169b73a6ab91e948,0,0.07935819029808044,0,3
0aa034371e578904c6789c08e4118733,1,0.3150589168071747,0,3
0aa43b52e98700f8696bf36c10a76cea,0,0.12642037868499756,0,3
0aed23e64ebdea798486056b4f174424,1,0.9514369964599609,1,3
0aee8c95a5c040407100c1b7dda552ef,0,0.16933555901050568,0,3
0af6decdf00b39d4cd1d35466bd3dff9,0,0.106718048453331,0,3
0af8628f5cbe0786db483a10934d1be5,0,0.2130703330039978,0,3
0b11df4854ce5671a6abcac2c43b0590,0,0.2633625268936157,0,3
0b16787b884e51fec691c45ca92c884b,0,0.23369097709655762,0,3
0b1f7b86b0ddb459fb779c6d473d96ad,1,0.7335212230682373,1,3
0b2105548746dc55aa03324d07e2a2ed,1,0.5147231817245483,1,3
0b2cc81ad04ca2e91f2a8626b645cad8,0,0.5929745435714722,1,3
0b3f7238925b27dfb99c7e53a6db52c7,1,0.7306730151176453,1,3
0b4888cfca12e55c3020026d4a0c33a4,0,0.11704032868146896,0,3
0b4e8de571c66cf889f2beb35182974b,0,0.6626166105270386,1,3
0b7b8344c7c39373cfddf21a7339f206,0,0.2652871310710907,0,3
0b877b934aada3284ac13cfa74b5419c,0,0.1710061877965927,0,3
0b8ec8f17db23936e86de9ca3f36d206,0,0.17386654019355774,0,3
0b9f58b6f12a231738723f4d2dda0312,0,0.3678830862045288,0,3
0bfd35d7f2b63b1ef799fefb18605191,1,0.45941805839538574,0,3
0c0097d1ce174bc3bd6a0268b01ea90f,0,0.2577793598175049,0,4
0c03e73d43ad216fb293bdb7666439be,0,0.12477020174264908,0,4
0c0b8e98262a662c362929aa60e6bed9,0,0.42188939452171326,0,4
0c15e19c74ef8ddd9bed0a4fc7f4b5a8,0,0.048844948410987854,0,4
0c187ebe652499a7e28fd93da2e42ebb,0,0.19192759692668915,0,4
0c26e997c79d2a3149cf1a62c9444554,0,0.40278762578964233,0,4
0c5bc5fdf756d1251e431c9281349376,0,0.26158198714256287,0,4
0c6036df3708fe77c1c76498240d6774,1,0.20685850083827972,0,4
0c6f7b76bcc012fc5a9af4470f735aba,0,0.16351106762886047,0,4
0c785dff51447d6e689e15dcfe10c8e2,1,0.8418940305709839,1,4
0c803c4810a8c5ec362f5d4504489431,0,0.19841204583644867,0,4
0c84dad44979c3a7777a8f4f4d9f5f7a,0,0.46437323093414307,0,4
0c8cb29888d314a0a8cfd0f8278af74c,0,0.29466480016708374,0,4
0c9ba9fe4ff5e339f3a71d1a58824392,0,0.11986158788204193,0,4
0cadc7fd92caf5c27d7ce718d089897d,0,0.39077866077423096,0,4
0cbb68610a123b21defa9410699b0bb5,1,0.6822117567062378,1,4
0cc3831c89471998bee7a1fa78d0aa19,0,0.19214369356632233,0,4
0cc5600e54fe599fefce87de375268e3,0,0.26524531841278076,0,4
0ccde8751e5952ea6bb047378dcbabba,1,0.8672976493835449,1,4
0cd194f171015c0eb824a1bd057f440b,1,0.4255576729774475,0,4
0ce1b656d171e2e760340f29f4a064e9,1,0.22327038645744324,0,4
0ce3ae82d1f5c69f253432c5ec47c1be,0,0.5088264346122742,1,4
0d0561a5e6379aba13d71e50b6b70747,1,0.6893360614776611,1,4
0d60b79ab9aee1e4687e17fdc56ead06,0,0.1334865242242813,0,4
0d61bab6add9d96f656dbc7ee9d56e23,1,0.6511190533638,1,4
0d6d426159c634f71eb7fa9bf6f9e84a,0,0.6343017816543579,1,4
0d825340b08e816f7d8f28c7c7809a31,1,0.918899416923523,1,4
0d8b5533f40cf4b0c3f2d86b1d61d6bc,0,0.5547710657119751,1,4
0dc4847520090c7a38b61beb38d28963,0,0.2492142617702484,0,4
0dc797718326e05d1decd2996f748fc7,0,0.09678929299116135,0,4
0e033fc78ddfc67dbd8382a8b3198e5a,0,0.09384176880121231,0,4
0e109d0f36cc8d66a4cac6bf50de3069,1,0.1464587152004242,0,4
0e2a6f637bc997be18ec30687bdc3762,0,0.476283460855484,0,5
0e2bcdee2343352fe40df470e046ea01,0,0.04735621064901352,0,5
0e302ce9dc207afa54c8661ebdfc9051,0,0.17508909106254578,0,5
0e36597f559be16b6304f3771082c82a,0,0.1670701503753662,0,5
0e4736c7f5fab2998a3ef0e51fe48953,0,0.8424102067947388,1,5
0e48bfb79ac12bbcce9b66cc9f14544c,1,0.5014272332191467,1,5
0e580dda54b8d1df7e3a888c41e69704,0,0.22584301233291626,0,5
0e5f2fdf49cbfdbe2a7c0861d15a73ff,1,0.6005582809448242,1,5
0e68445ef76f193664ea018630544d95,1,0.7245067954063416,1,5
0e6d7de1c4b73e5a5a12d6a5f20f9711,0,0.15960454940795898,0,5
0e7c94db444735ae4b8dfc72ae62ff3e,0,0.11814781278371811,0,5
0e8b4d8bb1a8719e9e8f4755f13e34c4,1,0.4308811128139496,0,5
0e8d4e702da9eefdbb2696a98006ec55,0,0.2624339163303375,0,5
0ea56c754d072508fc28428b2f6a0a30,1,0.2859468460083008,0,5
0eca5bbff12b841c18d231fc8cda0eeb,0,0.40806707739830017,0,5
0ecaae458f6ca4c8f4dd9975d62a6fa4,1,0.6194629073143005,1,5
0ecb6d6e449d5f71b183a6f7fe214c10,0,0.47407224774360657,0,5
0ed15ab15f2304a9a811d7fa6ce843de,0,0.19052912294864655,0,5
0eddd00dffcdacb1c8ac0d0547c545a7,0,0.38138633966445923,0,5
0ef99f92d68d16b8912cc073731ffad1,0,0.4230935573577881,0,5
0f0e0e7e8ab91026bb659e58297b88d5,0,0.08038265258073807,0,5
0f4fd9b975fc4cc80c28b9539769f8e6,0,0.49525216221809387,0,5
0f62d0a08f8d384a1ab5b78e83554e29,1,0.45604318380355835,0,5
0f723c32aa819f9a24aed2fd407e3ff4,0,0.5527712106704712,1,5
0f8e45ea561be377320632bcb7348f72,0,0.2279437929391861,0,5
0fa816512a0a0342b0cf87fcaa672dab,0,0.28474462032318115,0,5
0fbf80807ef3fdece30d9356a171ae3d,0,0.0700131505727768,0,5
0fe282f8066ff835e063ddaaa27e4af7,0,0.2412373423576355,0,5
100a27b68566d2e53cf8c3822e2c7e30,0,0.41529950499534607,0,5
100c6c7390eec8d9548306514d80fd53,0,0.6063349843025208,1,5
1033a2e669d3f19f68e6c8a2b5085661,0,0.06568409502506256,0,5
10344d2fdc514205d230de6319408ecd,1,0.7061805725097656,1,5
104a4ddb44890a3289f04dc395741ef6,0,0.4034862518310547,0,6
10cba931b86360874e0905f97737d1f4,0,0.19908222556114197,0,6
10d3204872c83731aeaee57e020b768a,0,0.2244415581226349,0,6
10fc9d37a7f2808a1c41da80d81a291f,0,0.24183189868927002,0,6
114f3a0eabc40429a50aba292a9147bd,0,0.35214853286743164,0,6
11548ab15b1e24e1daa31af618ef9468,0,0.1293008029460907,0,6
116bad01608f53b0e0a859461b3d5a76,0,0.7342299222946167,1,6
1179e8bc6d3b41207a2140674c5ef1d0,1,0.64643394947052,1,6
119a7830be7eaba5f4feb67d1ee9011e,0,0.14695967733860016,0,6
11b8e52dde21c314c67ead9547b1002a,0,0.7268806099891663,1,6
11c92d8711765e3f16b0be225d7d5c03,1,0.31975987553596497,0,6
11ccd9217ba74bcc1021e91024591ba3,0,0.3967624008655548,0,6
1205221385629d1199a6ed82fff7c18f,0,0.2672177255153656,0,6
121e650bba0d2537b821fb20bcc0db86,0,0.045167967677116394,0,6
12202997d3fc0d506d2514a4c1995d15,1,0.8714609146118164,1,6
12237409e14e5a96605c4fb7613c35a1,0,0.23101237416267395,0,6
122b52a4ec108c2ed3e934b4abfcaac0,0,0.28664955496788025,0,6
122d5a9f1b5bd22f6ddad0fd5e47c001,0,0.2811962068080902,0,6
1264a14de4ec7c401eaf55b1440e2d20,0,0.2035282999277115,0,6
127c6048347e41fd040ae79d76fdfb3e,0,0.30980297923088074,0,6
127e2784b91becce4ac297255904033e,0,0.08127273619174957,0,6
12cea68e4b795e545877708c16b8dbdd,0,0.5554036498069763,1,6
12d5529941b5a673cb50f4e1e8c502de,0,0.19027593731880188,0,6
12d598be7970fc60aa76bd7c21eef405,0,0.12445270270109177,0,6
12df63c7ee868a1677ba273c3c775476,0,0.5422543287277222,1,6
12e58d45f46e91b639072bd5a86bea3e,1,0.6867560148239136,1,6
12ed43ece0b7bff835c1461a7f501cdb,0,0.45305779576301575,0,6
1310d74e9fdeb707f12ef28daeb3c090,1,0.25184330344200134,0,6
134214ffc7f507842719617ecd5bfc52,1,0.40344947576522827,0,6
13775f4e51c24f0cd01ba11398e2caeb,0,0.1761084645986557,0,6
13789084b882efd4810ca26dbfff3858,1,0.6053091883659363,1,6
137ac53870d1ad70a105130b93774949,1,0.696879506111145,1,6
137f41dd06d51d9d230b6b65740097c2,0,0.27016013860702515,0,7
13a6d3d468c044807b06e160c0723c33,0,0.15633118152618408,0,7
13b9d029ff4c874e22f539c174ae96ff,1,0.7705141305923462,1,7
13db1898f2d711db4aaf0b2a9a4059cd,0,0.5980620980262756,1,7
1417df96cf0ef3878d5be9cbf5b03b0b,1,0.8413766622543335,1,7
1426d221af945559896985caa24d02a9,0,0.10033299028873444,0,7
14ca70006ecaf4d16690279c2ef6b6d5,0,0.33265307545661926,0,7
14d7ac411bb2c8faf13ae0de31e4cf7a,0,0.104288250207901,0,7
14d90cb65cec1138f6bcb97bd7892393,1,0.7621943950653076,1,7
14da9051525bd2504dd56938f92644ef,0,0.07038579881191254,0,7
150ae0840d191a04af860941593c5fc5,0,0.09730596840381622,0,7
154dca2bde84a7434044daf0e61c5b69,1,0.8623941540718079,1,7
158c6d4adf43b8fb9c3c51bd47180e9e,0,0.2353849709033966,0,7
15bb0fd575ecbe78c812dfb4eedd4b77,0,0.07563932240009308,0,7
15ebe1d755c0b7598be716ef950308d4,1,0.4053855836391449,0,7
15fb0d3878a7df2897e387cdd592577f,0,0.15803982317447662,0,7
15fd19174078e6e85ca8a6521a367ae6,1,0.5524699091911316,1,7
16351a9a4a8dcf423a92f1b87d181389,0,0.2065289169549942,0,7
163c884cba35d5d5ca50b7b8ea36a1fa,1,0.8538689017295837,1,7
165f2b132c2942833ab8138d48c96800,0,0.19842298328876495,0,7
16606aa288e909f4defdba599487c365,0,0.18199367821216583,0,7
1663ffcf2520d42473b572deb56b2497,0,0.2895633578300476,0,7
16d21d110cfc96417f66e1fef6c7b59c,1,0.8710379004478455,1,7
16df71f433fedfbc6c67cc338137d7e4,1,0.8378865718841553,1,7
16e2409846b221679644329b0b682617,1,0.7038611173629761,1,7
16eadc24e658018c787bf7dfc30ee144,1,0.21462439000606537,0,7
16f1811f5ce5fef3f8ef60b2fc675af5,1,0.5308236479759216,1,7
16f3b4f52a2cbf5357547ca83cab6caf,0,0.24438394606113434,0,7
171388f8091a33de18fa9def04b01042,1,0.7417532801628113,1,7
171dff98d336340bca7e12645e0a5a41,1,0.5428418517112732,1,7
17201bfb22f098b084c8b355cfc45c97,0,0.27371564507484436,0,7
173a25467a671ab8f44a8c1e9e02d5e1,1,0.6780885457992554,1,7
173f8f59c15a521dc3ea16ee8783159c,0,0.14138202369213104,0,8
17520d7b23b5a393d697ecf139b736fc,0,0.11465638875961304,0,8
17566869460d2082f1436ffc837f0c2a,1,0.18606805801391602,0,8
1782aa7185480390105391366e207a8d,0,0.5017499327659607,1,8
1797ac887e393a0e25ebb44b3125f0c1,1,0.6615514755249023,1,8
17cb989569ca6ef46e1066b0cec22304,1,0.591339647769928,1,8
17d06e7d3f142ebb8f50088b417df79a,0,0.15673275291919708,0,8
17d82f2fa525a8d3b7e868aad6e85d7d,0,0.5674859881401062,1,8
17df698e956c640c7aad338afb841679,1,0.4461500644683838,0,8
17e37e29b02ef0f01a1e9e5e0c0e9d6e,0,0.23772476613521576,0,8
17ead023e20603e9df9f2a3f326b2344,1,0.6416516304016113,1,8
17eefd92847c5a56c84990047ab2d5ae,0,0.4626040756702423,0,8
186398ac83152a0870a3c329646e66ae,1,0.10284852236509323,0,8
1863dc75544ef9c4fed99adc7148d45b,0,0.37779995799064636,0,8
1870fb4ff8d9cd26be7ba8bc7959e4d7,0,0.15124352276325226,0,8
187b41878d6dfc41488d4f1f379bbdc1,0,0.5217416286468506,1,8
1887e016e569b354a55e3fb4313def83,0,0.30846837162971497,0,8
18beac8a923ed6b1e08cb5a631a73e76,0,0.7622876763343811,1,8
18c93180fe5e1c5658a5d7ad18d7c26f,0,0.13916411995887756,0,8
18d6003908775a049bc2c25e5c68c925,1,0.3518878221511841,0,8
18e12fb03036d68da9f672073967c753,0,0.7274543642997742,1,8
18f0e2093719a4b98c7e79d4f202b33f,1,0.18778932094573975,0,8
191b17a545a133660df08ad6b228c7ea,0,0.09795130044221878,0,8
19956c66c5528604e1043c766eeba90f,0,0.24844272434711456,0,8
19c44a83a0b26af42aefbcbf7b9f9380,1,0.7601881623268127,1,8
19c904c92f411c3bccc89f0024587543,0,0.08303574472665787,0,8
19d24dee80c92094175c10817959c5fa,0,0.4125976860523224,0,8
19e0d6ab0dc61189088d0e149c5871ac,1,0.784912645816803,1,8
1a215224bd3e29b6e8e691893181bd21,1,0.6944375038146973,1,8
1a43b8deb6025a95ea74603d897c95a5,0,0.25690609216690063,0,8
1a43f9283adf717d36e65e0951afc629,0,0.09183984994888306,0,8
1aa1da1bf045b4eea350b501b1548351,0,0.5637441873550415,1,8
1aa44e88c12853c45ac703f24309ac3e,0,0.3054615259170532,0,9
1aa707b195e1f6efffd8c17ca926eeef,1,0.525711178779602,1,9
1aac6d9d0a45609aa2771e91e59451da,0,0.24916739761829376,0,9
1abf74c3876f61b3e19194846043e889,0,0.16348624229431152,0,9
1ac0078bcb5550b9dc4f0dbfade6eb4d,1,0.6902577877044678,1,9
1b13d20e122a770f28228027f03a010c,0,0.16560590267181396,0,9
1b26be04540ce7c6b0618a57cb295d13,0,0.09584872424602509,0,9
1b2df8b1ebcd4cf26b828e96dd54304a,0,0.8450488448143005,1,9
1b3810d022fb64d409d7d579f7739b14,0,0.1996232271194458,0,9
1b3e916aa92b328e17f24d1c892cb749,0,0.19058558344841003,0,9
1b4407d5e1e9ec1e602c75fc80b7b001,0,0.10212571918964386,0,9
1b6a707131f787fe37d3ea40d2011d43,0,0.28471267223358154,0,9
1b78d27f9d6dbeb9296c6b610262c95e,0,0.16307756304740906,0,9
1bd17c03a70dbb1e8f4723d5aacb1e52,0,0.6661640405654907,1,9
1bffe6caf3de56fc4ffcf7ce4176e757,0,0.3588053584098816,0,9
1c04f08e163f0fdb38461013b2f6f9b9,1,0.7991470098495483,1,9
1c0edcab874f51772ec86ac6405a0a69,1,0.5683631300926208,1,9
1c146ccd983da39b62f2e2d9857e8d2a,0,0.20649407804012299,0,9
1c23c0b48f19721b171febe638673eec,1,0.2992226481437683,0,9
1c2898a294e3a212280feeac16396e7c,0,0.43618133664131165,0,9
1c41827efd6e236f8b05c6524f1a43c3,0,0.2189486175775528,0,9
1ca15cd9835324d8a30bd20544a9cab8,1,0.852817952632904,1,9
1ca5675a7a3042ccb0334a42d14d145f,0,0.36834409832954407,0,9
1cc1ed63475e99d32f1884762955effc,0,0.47632914781570435,0,9
1ccc9029a1f9a8cb57a4913a7c239acc,0,0.1091340035200119,0,9
1cd859e3b7a6ea36735fa06b03fcbdd7,0,0.09244749695062637,0,9
1d12b94b7acbeadef7d7700b50aa90d4,0,0.36529606580734253,0,9
1d1fcf6654f7d727aafae5c5eba5fd7f,0,0.38046056032180786,0,9
1d6476853a2aaaf281c1be2e2584e383,1,0.6884286999702454,1,9
1da78a23d8738003d24bdeb4a47c07ba,0,0.3408324718475342,0,9
1db20acd44b0e120b91f137a46da1ff6,0,0.30533891916275024,0,9
1ddd49f2867bac4430aaad6d35445a61,0,0.1349301040172577,0,9
1deb5e6595022e9cad8cb8fb00863e8f,0,0.09402886033058167,0,10
1deeb557e49b03764d434bad3c7bdd35,1,0.6366966366767883,1,10
1e2a07154cad985c88bf3668850c3587,0,0.40436387062072754,0,10
1e335e2b51bd598406b39b4f3974ea79,0,0.5288734436035156,1,10
1e3741152ae10349083bdf40ef01789e,0,0.3464507460594177,0,10
1e3fadece3c8d4259c2b5a7de61e12ef,0,0.6348133683204651,1,10
1e4029a54dd47b7223885e14cc0e020f,1,0.43302613496780396,0,10
1e41c551c741b13ef41f540a6428058b,1,0.2698218524456024,0,10
1e56d718a35fc14e4461717c9664c4c2,0,0.39584508538246155,0,10
1e5df6a5f0edfdce728581219123811f,0,0.22440308332443237,0,10
1e87b2befde0db02bf14e75e798e4269,1,0.4649770259857178,0,10
1eb469f4d7f3c627bd265a57dbbf91b4,1,0.6454694867134094,1,10
1ee597e9da780a7c2e68a78fdaae42fc,1,0.2675010561943054,0,10
1f2238036d246a568553191ed099c1e3,0,0.1156468465924263,0,10
1fad8a04142b39fb650138dc933334b3,0,0.12435252964496613,0,10
1fae839a73abec3f3d7436fa2bce4630,1,0.5219516158103943,1,10
1fcc1cd57e0ce38aa0b72b3a6996015a,1,0.7325299978256226,1,10
1fd9d5d1bb0ce0f60396950f07270c09,0,0.21229930222034454,0,10
1fffff933eea7cb619d35e5ae18920d5,0,0.18107067048549652,0,10
20085587273eae1d4ea461ee23b18fe3,0,0.2722230851650238,0,10
2021c6c746096cd28002e71ceb992c69,1,0.8000997304916382,1,10
202dc97c4b3ec7e50f4813456938500a,1,0.2712348401546478,0,10
203e51fe440b4468f4142d795d381cb4,0,0.33289653062820435,0,10
204c690fdc9b400342f9b5a271523bfe,0,0.13226284086704254,0,10
2051a04c05ac229fd9a1f16a4a493f64,1,0.41756168007850647,0,10
20614fb1b38f8b6d81830b92068b19e7,1,0.9430812001228333,1,10
206a3bdb39970f971f505da837a5bfd4,0,0.22505013644695282,0,10
20a92721508c6b74dac74143d3221152,1,0.6698532700538635,1,10
20adb39b3684a4a5315c6c07c11f6a85,0,0.23423823714256287,0,10
20b35d7ea287071b586c37690162b556,0,0.1979694664478302,0,10
20b7a770145a276ab4f3ccd12e28aa45,0,0.17732135951519012,0,10
20c2fc9d1babf3f47d4bf2e2d4fa0d2c,0,0.10218211263418198,0,10
20d0c4e2d3473e9f1f2891f01d5edf63,0,0.6563120484352112,1,11
20d208807c641afba1698d8f35aa8713,1,0.7846053242683411,1,11
2127bbf73b1d0f150ca12bfa5ca2b91d,1,0.41494521498680115,0,11
212dc39b6ba6941b034c2cd92cf97a8d,1,0.5699033141136169,1,11
2149d92bf6e0a54eefb4ad12a24decd9,0,0.06926029175519943,0,11
21764c704337db3cee5beb063a7f84f8,1,0.8323923349380493,1,11
218e819ed8c0fe25c92ee7f1d5b993c7,1,0.5345850586891174,1,11
21a3312b6e4ab747c09c526b77cb0716,0,0.18199113011360168,0,11
21adda7cffdfc008f99e15f8608f389e,0,0.273554265499115,0,11
21e82a2a2a98836a5932f08ae4538bdd,0,0.1532382220029831,0,11
21ef0a13b87ffc2026f003dbb27f8b68,1,0.7828966379165649,1,11
21f45752082fdc5ce1cb3fb413b1b3de,1,0.6319937109947205,1,11
2204fe4a8d1b984f7b6b9951e5f11c79,0,0.21098758280277252,0,11
2214888f670a14cfa4f4e7223e814b40,0,0.2393663227558136,0,11
2218a9269d253e672bbf6dbe8da48f8f,1,0.8328427672386169,1,11
2220f4ec338e6fa4f139d9b91aca9da3,1,0.8535894155502319,1,11
222d99d554686c4ab478f830fa25028e,0,0.09135127067565918,0,11
22470824d6539f5aae6f5df896e49630,0,0.310932993888855,0,11
22477897ac65a32a47a81707bd7a3a25,0,0.6360828280448914,1,11
2249e2c552b44d15f36f05266a7d2b7c,0,0.20379965007305145,0,11
225590024026b2900f745a21e5f86e45,0,0.7468984723091125,1,11
225792d8531c9bee52c674cc975f689d,1,0.5116824507713318,1,11
225ee6b33560f3903d0427ea721e0690,0,0.23135539889335632,0,11
225fa92b59afa8d1e96a9b3a5291aaaf,0,0.1541660726070404,0,11
22e777d8cb8506360407e800070e6ed4,1,0.8040661811828613,1,11
230ced5935d8f83f1b9f52bb95059263,0,0.616672933101654,1,11
230d775afe6d5f2f23515152d2a030d3,0,0.1368292272090912,0,11
232e100235a5357cf19c135892af7d83,0,0.17612476646900177,0,11
234c0ca0777f8614476112bc7412caa5,0,0.5318226218223572,1,11
235d5a43e07233fa0117ed8a185c06bf,0,0.12022698670625687,0,11
235fa5309a20f02f306297fee158a109,0,0.17978399991989136,0,11
2362bae8a9b107f454ce8bcb5dd80180,0,0.09418565034866333,0,11
24151df5b3919093e2c97bc6647260fb,1,0.4920068085193634,0,12
24263689acdde18b84fc1f464c908ccf,0,0.09569276124238968,0,12
242e05a5782d6682a43999a2e21096e6,0,0.564950704574585,1,12
24671577f584d6b49ad97e5d49321fa5,0,0.22435389459133148,0,12
247d4f43ebb5cef2dec03ec8afaff90a,0,0.5715039968490601,1,12
24bc34d29332c13d3cf82c783d92d8ad,1,0.5453812479972839,1,12
24d7e092a75fbc3f8756a6785a4d97c6,0,0.1343991756439209,0,12
24dc9a75eac9086166bd3ea01ae2cd2c,0,0.40845736861228943,0,12
253feb1e5d47eb3543d0cd0b072df5e5,0,0.4856460988521576,0,12
2562f346ed3db617c6cf209d6fbfd384,0,0.2188527137041092,0,12
2578863f0f367acbce6b260b31470ff1,1,0.8903007507324219,1,12
25aec56a720623274a5d51c6faa764b4,0,0.46584153175354004,0,12
25d536e3c96e22c7c258d2ed859c304a,0,0.06404285132884979,0,12
25e40d94f13653fcd2b829c45cb18e3f,1,0.750584602355957,1,12
25e8a01e7de94f8874d34b9afdd593c5,1,0.4247553050518036,0,12
25f51d768c59ed4ac52079177d45479f,1,0.6973931193351746,1,12
25f92d35866a758f4175812fe3f7f47c,1,0.6470892429351807,1,12
261fb3e27745849bd6bf75c65166ccbf,0,0.13850507140159607,0,12
262f42441f1d7479e741f624becd54cb,0,0.360731840133667,0,12
2634fcd5139b26569a4d3ad23ee1beb9,1,0.648046612739563,1,12
269af0bfa0e3246aa7b7330a3c510030,1,0.86849445104599,1,12
26a5285339df294ce288663b092c23c3,1,0.1848655641078949,0,12
26b335d3fb7b871bc7714c05421de9a5,0,0.11624990403652191,0,12
26ca88b5b40079f5627ef686bcc945fe,1,0.5664747357368469,1,12
26ec05d5a77e04dac78841fcab729d17,1,0.5000317096710205,1,12
26fa2f95e008965bec79eddf40220618,0,0.13878801465034485,0,12
271290de7e7e4fb8aa1c31327f48f4b5,0,0.24284662306308746,0,12
2719b0f265ede38083eb9558a9b325dc,1,0.46482178568840027,0,12
271a21b7999e4bf82fb94c8ed51c9e45,0,0.1156780794262886,0,12
2744fe0f36f0523d926dd8bcca9fb826,0,0.17022927105426788,0,12
275f8dac86e5b584cf8382e195f3be75,0,0.13275539875030518,0,12
2764d6e99a99ac47b4a534511fad4db4,1,0.7787950038909912,1,12
27660605ca5cdffc3a99e9f2f167b1ff,0,0.5171658992767334,1,13
2790d36fa3cd4d3fa05229d1c693d499,1,0.3344792425632477,0,13
279ec29b29dbdf10c6311439ffaa6e03,0,0.20064744353294373,0,13
27a6da23941b4f586a6812b2d26e61dd,0,0.40956559777259827,0,13
27ab751530d2e92cd18dd82d47ac22d8,0,0.17041929066181183,0,13
27c40d7cad10950490cdc81752b328d7,0,0.1753445565700531,0,13
27d34a0e721626ef60aeb17cb39e8196,1,0.7857537269592285,1,13
27dd187f50de71108de3de2bfa52698c,0,0.12448151409626007,0,13
27f070654756a43ea9ebb71802e8bb2c,0,0.227629154920578,0,13
281079184d33bc81f9f6ced4771ae746,0,0.37996357679367065,0,13
28119d05971cf37e7709c53a5e45c3a8,0,0.18325799703598022,0,13
281b0e152c84843e22eba8f121592cea,0,0.05150676891207695,0,13
28290df9749ce386affc87de6b7c3a49,1,0.6407673358917236,1,13
2829ec7e67ae926ce846f71c05b08440,0,0.16575759649276733,0,13
282dc34d270eccc44a61901afbd4791d,0,0.6215502023696899,1,13
28381c8323917ac88d571e1213a2d382,0,0.11782467365264893,0,13
285becd123b1dd66f5ce5e51bce073a4,1,0.2299119085073471,0,13
287422bed1d9d153387361889619abed,1,0.4403967261314392,0,13
28d11d6696649471d0af4e67f7126299,1,0.6979072690010071,1,13
28da626e8fb2241c3799343618b7b509,0,0.6134567260742188,1,13
28e90b2f52b47a0b0398cd6e47abaa0b,0,0.38776618242263794,0,13
28f7374deb70d29031f3c87afa518c68,1,0.7562524080276489,1,13
2905c37bac1498f5d07b55ecd83bca43,0,0.40283188223838806,0,13
2936cdce12dc87bb180caac13060ac5f,0,0.3603428900241852,0,13
293c5203bc1aa6aed90bed875b06dda8,0,0.1435690075159073,0,13
293df7b3db7c3d58656e9169abffce81,1,0.9261333346366882,1,13
294caa9ce5e9775c2ef2e3a256927584,1,0.6575033664703369,1,13
2974f5f19670bae016a24ad38bf9106e,0,0.45764195919036865,0,13
2979cd224774fef9c95a43c4f1e8e721,0,0.6438670754432678,1,13
2988971976e06066ddc6934ec6f29aa3,1,0.7451046109199524,1,13
298ba40fdf4ed6ad85ffd10748e805df,0,0.13155807554721832,0,13
299a26bc4cc1680b6d22047a5a7aca2a,0,0.24712678790092468,0,13
29a257cdeae837a1a080c969b40150a3,1,0.7287095785140991,1,14
29b9c96e5b2af75325cad69a8ddab7c7,1,0.9036273956298828,1,14
29c02ba2cb51e8cedbe8165049d37fa5,0,0.05059470981359482,0,14
29d1fbd56a7ba8971054fa9d370e87da,0,0.23150771856307983,0,14
29d5ed367182f9edefd323fc97f0edd6,0,0.13312864303588867,0,14
29fc11e345d3a084f33fda5c43686076,1,0.4412267506122589,0,14
2a0554b42dbf31adb9cd5b4d0b865b84,0,0.1701202392578125,0,14
2a1bf9e93ae38f5c230e5deed9db4182,0,0.24901966750621796,0,14
2a3e22dea097a54f357d2634ca9837a1,0,0.4590343236923218,0,14
2a48953e401d5a9375966491758310a0,0,0.17319031059741974,0,14
2a59884092b4774790654f357628cd77,0,0.5623939633369446,1,14
2a7079dd9e08df7d5ec7db974003d97a,0,0.11205785721540451,0,14
2a7272f9551b1b6248aba470735154aa,1,0.8269715309143066,1,14
2a7a59327e473f50b0fa174fe0ba6d30,0,0.15785148739814758,0,14
2a80feb480fa5f90a50fdd5e2e89833c,1,0.5389841794967651,1,14
2a974dff02147c8c34b2e5f9f90c312f,0,0.7560181617736816,1,14
2aa1314e73226a5551d4e27f4925c967,1,0.7324298620223999,1,14
2aa621807bfa78b2fc36c1ca34962f1c,0,0.43252500891685486,0,14
2ab2b7040d46ac3babebb3eca1d92b0f,0,0.2548465430736542,0,14
2af8fdf7c60bd75e480f5d992841a301,0,0.32334285974502563,0,14
2b004c4cb35e703a7b28d5f3d80ac310,0,0.21352556347846985,0,14
2b096376f5a0f62d10847e5d6f540a41,0,0.29970020055770874,0,14
2b2810284313c5547241b38668f67b2c,1,0.5582805275917053,1,14
2b363efe261baca45b7b1033e1a6b7f1,1,0.9096826910972595,1,14
2b526a754c5cae80c2c45bc85ce95bb6,0,0.19598113000392914,0,14
2b7ee30a6af65e9d2915764004122b36,0,0.045156750828027725,0,14
2ba3fde405e8f849abba2c8e87857626,1,0.8603786826133728,1,14
2ba6db6ed664e2aacd6e274edb609ec1,0,0.11795422434806824,0,14
2bc8d5ac6ce8651f95b07a2753dcb04b,0,0.25478702783584595,0,14
2bcbfb940309bc9a3d7cce3378cc877c,1,0.5506269335746765,1,14
2bcf36484564a6ba7a1bda9c7ae96087,0,0.7111339569091797,1,14
2c46afc6145ab7743ca9828389a4d892,1,0.23599791526794434,0,14
2c779143ede5ab9248e40bd83d6b72bf,0,0.22602440416812897,0,15
2c833f17b079546235157db9e70304ef,0,0.44927290081977844,0,15
2cad63ccbc654b82534ba31070301835,1,0.34329691529273987,0,15
2cbbb0c958dbc2f4d15171d1fc11ba2a,0,0.38171616196632385,0,15
2ce93e10c745a4e18901ae37073bc29e,0,0.18961958587169647,0,15
2ce9d73f2f2b9809f54f5ced22abb25e,0,0.45248839259147644,0,15
2d106d30e4ddce3aca77d00715c8a655,0,0.08418775349855423,0,15
2d2bf2587e5341d8e4ae9c24150efdd9,1,0.6899633407592773,1,15
2d4a0f76c837262f10a610d8b9c69e5f,0,0.3525967299938202,0,15
2d746a6e9c35faa63f915f17405a7620,1,0.7874584794044495,1,15
2d94fa68576a921838bdfec98d9a3767,0,0.22231654822826385,0,15
2da8f014c4422d4cd59c05ff4518ae1b,1,0.3149038553237915,0,15
2df0a695053bb26243095e62b3c2cf2c,0,0.2444184124469757,0,15
2df2669e9b045feb28e5bf4b585f8d2c,0,0.32727766036987305,0,15
2e2f4e832dc3bd12ddd8d405cbf7fdf5,0,0.23648522794246674,0,15
2e585169bb0b0f7f6e4875b517f87259,1,0.8445272445678711,1,15
2e65079841bd4b68a51facf322a72cb2,0,0.11996422708034515,0,15
2e7031642f0d951eda8e991c77c611c2,0,0.06262943893671036,0,15
2e72c2566be0f82a09336a05d58499af,0,0.8060382604598999,1,15
2e73e92e0c1d60ebb2d9a342dd73c277,0,0.4129117727279663,0,15
2eae70b57d68947a20d6d0cc8f9f2e58,1,0.7466233968734741,1,15
2ed178b03fe6156fa3f4985d16620094,0,0.2283550649881363,0,15
2edfac59a792f8bf27a0d5beead24c27,0,0.10896806418895721,0,15
2f2f368d580b179c65b6ad42f4d529f8,0,0.4853348433971405,0,15
2f3821fa3729d0814a5dc4890261fa51,1,0.2734645903110504,0,15
2f49fa57375e32c9d69f8205bd5b0a96,0,0.22283008694648743,0,15
2f629036ede0886b8a4eef89f6526fc6,0,0.1682053804397583,0,15
2f775125346cd62232d8e835794941c0,1,0.395931214094162,0,15
2f8f4f988fd84809caf191477ebc05db,0,0.5587483644485474,1,15
2f977e3238400bf52f146ed0eb3a57c1,0,0.16097193956375122,0,15
2fb8c4094b8bd6943407a071dfe6c73d,1,0.5837636590003967,1,15
2fcfb42d501dd9e3ca9fb94b532cf4de,1,0.17509546875953674,0,15
2fdc77728d36fdc8506d65520d2aa0d3,1,0.4592234790325165,0,16
2ff406f25425c2066fb57e7e534d1c90,0,0.4995410442352295,0,16
2ff4d2a98e787e19d3b853df59493732,0,0.3075215816497803,0,16
3019aec706bd013e1e3348564fbfd086,1,0.3477073013782501,0,16
3020abca19e8fa4bba62fe583f07050d,1,0.7785186767578125,1,16
3037b4ac894bd448153d3da7b700f79f,1,0.5410999655723572,1,16
30475d6d6e3d67d52fc9a1f568eb81e5,0,0.2067735195159912,0,16
3075716fb54707f068e0ecd8d687f799,0,0.14099955558776855,0,16
3075e85dda12262bc9e34a5bd518d226,0,0.14466841518878937,0,16
3075ea62bfa39a295cbf419b9248401b,1,0.25447192788124084,0,16
3097b40e5fe9ed1c66ef81dd98ecefec,0,0.452236145734787,0,16
309ea022e7179851582a662b97ca9ce4,1,0.8157920241355896,1,16
30e41da3ce3686e6e105c8358aed4445,0,0.16864141821861267,0,16
31043d30ee29726c185d655800f025ec,0,0.18426264822483063,0,16
31109259018ccc4aefbc2083a608f032,1,0.3219403624534607,0,16
311301e3ac19b4b8eda85672e625b2e8,0,0.2253866195678711,0,16
31446c7e7cae2f7aac75a2a922643474,0,0.18371450901031494,0,16
3185bd3972ec4bc6029fbfe00af919f0,1,0.6537289619445801,1,16
3198b14b43ec49fdb55d5fe3b03a56f3,1,0.8581796288490295,1,16
31b4de538dd6272b05e295142c5ccc2a,1,0.5534408092498779,1,16
31ccf1b8a9992b055d0d26043eea3c30,0,0.24893973767757416,0,16
3210943635d98be46b4864dc5fae5079,0,0.20601512491703033,0,16
3215a7d4dc49d93b54635b85df536b8f,0,0.06421130150556564,0,16
3243c41d5e3fb5e6b0ea0f3092adaca5,0,0.10433464497327805,0,16
325fa15bdeaf8dfe6cf63a82fad30228,1,0.7174220085144043,1,16
3274df5c70fba85244fd07f57dd95e3e,0,0.31840088963508606,0,16
32761b596170dacbce163df97a5d935b,0,0.39924922585487366,0,16
327f8c6c13ad1a6efefd78409c9f2191,0,0.5118501782417297,1,16
3297d4a571f2259e8699427999a79121,1,0.3369268476963043,0,16
32b33ed354f4f86cec0a90e53f584d58,0,0.2618003487586975,0,16
32ce0ed98d68f9ed492aa9cdbe8a11fe,1,0.7813162207603455,1,16
32d6ac0696adc1f9c50d689a97925cf2,1,0.46178993582725525,0,16
32f4fc5f09a10e5dd9bbdf35d7656fb6,0,0.2289469689130783,0,17
32f991e64870da55f30028f559545973,1,0.7058283090591431,1,17
330c8fe642a041f281f7e7cad8ac2f7c,1,0.8196206092834473,1,17
3313b32f4a3d416440ef4509591ecc68,0,0.16160663962364197,0,17
331d6f73321a73102327f7cff11ec842,1,0.31698334217071533,0,17
331dd7060c9d960473535fdd82355bb0,0,0.6021198034286499,1,17
33218cf183c1224a74ccfb514e827e15,1,0.7694051265716553,1,17
333feefeb39e5d2df1e5de640c82a9a4,0,0.13409680128097534,0,17
33475eb6c08efe5e59c243813d3df10e,0,0.18571776151657104,0,17
33710a9edd291057f356433bcb50a632,0,0.2979898452758789,0,17
33a621bb6474d8000c932ce489c4f734,0,0.43252894282341003,0,17
33c4b9d23a829868e1418362e4d94500,1,0.8815072178840637,1,17
33d6c3efe631dbef8424df136efa9412,1,0.24000629782676697,0,17
33e9093de7567d13466efefda65aa682,0,0.2314508855342865,0,17
33ea04bbc65df11ddd004fbabc94b193,1,0.6372802257537842,1,17
33ef8fbf5f60047d375274a0a612119e,0,0.0909777581691742,0,17
33fb234fc2ad20c92d1a556d7c3eb916,1,0.40443935990333557,0,17
3401e0a653e4b1489ce0d770c0f3748b,0,0.1566464602947235,0,17
341f942a70c16113f7b1c93c9ca9afb1,0,0.30826106667518616,0,17
342ac977b5591f53b37f9fcce27bfa2c,1,0.6821925044059753,1,17
342f1081f906354b4cca70450b27d32a,0,0.2465471774339676,0,17
3457c18599e510d039aa44c4c3d56e3c,0,0.2289448231458664,0,17
35140570aec20f94b22429d00dc142e9,0,0.24021649360656738,0,17
352ec28500e57fa5c87183f1eb83ffa0,0,0.16542313992977142,0,17
3533a82817c5bba65a24f2799679fb50,0,0.27855661511421204,0,17
35360687c230a5851d43ee95597d7b71,0,0.293613076210022,0,17
353d7e4d7a4434ce27c7de1cd151423b,1,0.7510900497436523,1,17
3540f15d1d45917683cfc818416099ab,1,0.4263196289539337,0,17
35a7775073c28080ee57ce23585cf17b,0,0.14074984192848206,0,17
35d9d826e89a38a66484430f6ebf85c9,0,0.18880312144756317,0,17
3600f42e5ab24a48e561618b5ecc125e,1,0.29582980275154114,0,17
360d0940a6a47185b8fea2eccf1d639f,0,0.2126738280057907,0,17
360dbf51ef9e2c43f06cf3a853dffa3c,1,0.5967448353767395,1,18
3658d0751f708f6676dce25b328dccca,0,0.2953283190727234,0,18
366fb4e84d6940ea74267b32edbd1311,0,0.6143094301223755,1,18
367d407eeafceb8dd55ee11f7e52b3d7,1,0.3377053737640381,0,18
3685798c0a54f17473262707013b594f,0,0.1706806719303131,0,18
3689f084f7fa4d0f6336cca39a224f22,0,0.12978610396385193,0,18
36a77e1a171a23bfd214fe07fc90ea2b,0,0.3748681843280792,0,18
36aa7cdf317c33edc514ef43814d4c9b,0,0.34740281105041504,0,18
36aec3c16185942a4925ed5f272156b1,1,0.8097518682479858,1,18
36b6cdc7fa471226b319816a0935d9a3,0,0.16008815169334412,0,18
36b6d2736b8b2ec5e60686e06a7199f8,1,0.458477258682251,0,18
36b6d5f8f49d605ee5f27fbd80b96d5a,0,0.1868850439786911,0,18
36cb07063dd0f4f649e5f478d3ec2c72,0,0.5936741232872009,1,18
36cd56c10616e2089c21010d73d0df3b,0,0.10900205373764038,0,18
36eaf06f68d1f5eb34e2247a5ffabdb6,1,0.715509295463562,1,18
36fc763ac49338f190eeb00404783331,1,0.4353441894054413,0,18
36ffc780ab3e684e32802143790e5ee1,0,0.22375810146331787,0,18
375230098adb78e73b6d162c9e30acd6,0,0.0954863429069519,0,18
378c5843d109c9f0bd82baa85b15dac8,0,0.1518370360136032,0,18
379350d6cca599b6a09c5387c9160aad,1,0.8248404264450073,1,18
37bf1c43895b0e72e6e6c4de3040bfeb,1,0.6632511615753174,1,18
37c489f4e9b80a82bfec581082e14dd2,0,0.20416833460330963,0,18
37e7deb1b1895f2d2648781e426a3460,1,0.43618959188461304,0,18
37f45b3477ae15855f96dbe3f1f7f9c0,0,0.4569733142852783,0,18
3826548c8fedb944bee4f6eaa5c2090e,0,0.13983668386936188,0,18
384ee8c20076c44adbe60bfe7e805869,0,0.5590139627456665,1,18
3857dfdfba3a8a401121776389818b72,0,0.5800279378890991,1,18
3873c2297c6f237f67defb7ef1243a3a,0,0.3716832399368286,0,18
38ad783850c6ef47e04130ae94af93df,0,0.1737653762102127,0,18
38ca9de33c512c71aa3094a151dd5368,0,0.4355430603027344,0,18
38d2d9277b7de0d843bb1b283e6814e9,0,0.07332274317741394,0,18
38d60e4b63eeca0de18a1539dc527c93,0,0.055614907294511795,0,18
38fc380de74d2102e2087e7ba889fd44,1,0.24555854499340057,0,19
39077a997b195cfedd2287c9e9476b38,1,0.5729491114616394,1,19
3919111229e688f20ec426237af05162,0,0.08373069018125534,0,19
395f2f015b69bcf2e58fcba55ecb6793,1,0.6937176585197449,1,19
3975d9bd8377d6cbf2fa92ca2efcfc39,0,0.3097737431526184,0,19
3980fbd0f4f131b672d5dac9b4b044a0,0,0.26411333680152893,0,19
39949d5d2d8855e391b87d8a932b5aaf,1,0.9355623126029968,1,19
39af4d0dbe33277af4520b6bdee5e1b2,0,0.34743532538414,0,19
39bd0688c096acd60756fc1a7ea39c3b,0,0.15308013558387756,0,19
39c1050099b63c29f6140e4eea23f8af,0,0.38446754217147827,0,19
39c48b218f46e9448e1f877de440faec,0,0.43067702651023865,0,19
39d9ea42feb3af75ef0ea3dd91e7e1f5,0,0.11171533167362213,0,19
39ec5d4083b0ece455f7e87381bbc0a1,1,0.18175582587718964,0,19
39fb994092b2b3b96068fe06724af10e,0,0.23021170496940613,0,19
3a0135174fe1bec08b8318fba4aa951c,0,0.3249606490135193,0,19
3a14159e53495689a8b21a371aa54ef7,0,0.19894778728485107,0,19
3a443e2a67c5b0956e461a7fb853bf9e,0,0.44092321395874023,0,19
3a515d9ba5419a9f35dc382017d5e98e,0,0.3481442332267761,0,19
3aa53ed6b890f65e41d2d359912626dd,0,0.1951623558998108,0,19
3aaaa45a86fd160e7c9907b98b8b6c79,0,0.2599705457687378,0,19
3aaefe9e6128e0b34d206e0c86ef3e9c,1,0.5021976232528687,1,19
3ad213b03c666ce943479e847e102035,0,0.2296018898487091,0,19
3ad9881c5d75a15454c6c9336362fd46,1,0.274495393037796,0,19
3b55e52750fa2737857d05526f196b18,0,0.06403961777687073,0,19
3b5957a38160102563037a3769a383be,1,0.8701402544975281,1,19
3b68bc60f5353a7f3a8c30a99ed5cc3f,0,0.3112643361091614,0,19
3b742aa4d975709f2dada47203639704,0,0.14565500617027283,0,19
3b74377f53c13dcfcb252294fbc70dde,1,0.43560799956321716,0,19
3b9dc61181ac4c1d78d2ad1431a75a9e,0,0.3525751531124115,0,19
3ba1428b5a468133d0b75b0418514c23,0,0.2993161678314209,0,19
3bbdbcb655e1cedc451d96b4ab3cf4e0,1,0.6803639531135559,1,19
3bde9f07f146da27d795709456f6ab17,0,0.0778752937912941,0,19
3be17a7a8e451ec0fb71ef3b8efa9425,0,0.10088922083377838,0,20
3beb39b65b26ffb9b93e9f12dd5f07d0,1,0.2935938239097595,0,20
3c0da76eb43946a1f718198ef00bea1a,0,0.16804857552051544,0,20
3c134ccada9f182596bf6107b0dabb8d,0,0.15353190898895264,0,20
3c22b17493566a9bca5ac33f0cd0b42f,1,0.49625200033187866,0,20
3c2cf7dee8ad4b5b2921c65cc2524ce6,1,0.5115751624107361,1,20
3c40a353f341731f92fbfe963242e4e7,0,0.2376513034105301,0,20
3c4375177b66fa5e8914d22b1556dd48,0,0.21624526381492615,0,20
3c507def3894eeaba8be81a1e2cf1f38,1,0.34160661697387695,0,20
3c620ca6be5c87ad9f167e85b43defc2,0,0.2120932787656784,0,20
3c6f70f56258cad13d74e7f17da1c7c5,0,0.4956490397453308,0,20
3c8a5906888ab86560daf594daf3b3c2,0,0.3081590533256531,0,20
3c948bc922d30f6c7ed39df29f5cd989,0,0.6889073252677917,1,20
3ca907c03b1409d8a703591f6ca7882e,0,0.16910339891910553,0,20
3cb7123b676ed1963d77850bfe185482,0,0.47968748211860657,0,20
3cc3637e5b01e1fb105326b58dfc7fa2,0,0.32182577252388,0,20
3cc51f95d2d193e231d6cdab5b423243,0,0.16442875564098358,0,20
3ccbd8fd3eadbf3f0bef8e091a5ea5b5,0,0.3830087184906006,0,20
3cdcf9e3f1b8d011d20f4c1c779851ee,1,0.2234315276145935,0,20
3cfb5f7af41ff012658cb64ebf82e84f,1,0.63809734582901,1,20
3cfc0bb78ca18773c9ec91ad9bbe3d4d,0,0.11548763513565063,0,20
3cff8dcf3354f5ed794061627d7d24a7,0,0.06386049091815948,0,20
3d26f5e39259810fb7a332f50bd9d867,0,0.5787433981895447,1,20
3d281a2a2c78f8e0713166ed125a183a,0,0.4099619686603546,0,20
3d31da3e8d49304c7752e3522b0e3a9f,0,0.6491274833679199,1,20
3d4c07ae432d5834781d532d833d75ac,0,0.7545483112335205,1,20
3d53b9b699cfec21262399ebd558f2cf,0,0.5013533234596252,1,20
3d718e505b0ee17de0f2e821eba38eef,0,0.20602990686893463,0,20
3d88da32e0b7971e4f1bb1aa684a038a,1,0.7672745585441589,1,20
3d91a84170a65127a0d998987962dd07,0,0.2428613007068634,0,20
3d92749a082bc9206b4ba07779853e00,0,0.13724038004875183,0,20
3db534bf69409b385d0278eb677d9b62,0,0.2817413806915283,0,20
3db61dfe06d558636a4027e6b35ea820,0,0.3779301941394806,0,21
3dcc30d354b4502eb28e3dfbc697756b,0,0.25684183835983276,0,21
3dd50dfa4f67ff1c2e0fc6af3c165fa6,0,0.1427956372499466,0,21
3e00c13e8222abbd2c177f4d95d6d718,0,0.24140602350234985,0,21
3e15991154a164d30bb9fbbb29fe437c,0,0.8099639415740967,1,21
3e34595ad37ca0b7b2658b09792c9b04,0,0.3165890574455261,0,21
3e41c27c6bd34d990b4b4c33f9920342,0,0.11298618465662003,0,21
3e86f7a0078799279f334db4074f109e,1,0.7798833847045898,1,21
3e90adc40cb10bf9f49d34c6d54ba50c,0,0.3314373195171356,0,21
3ea9f49ba17cbf6865a29bcb8d01b3b6,0,0.3971741795539856,0,21
3ec25a3d86136b2b3df04179d7118525,0,0.5496324896812439,1,21
3edd2755894c91c8ab38a9ef7ddb7985,1,0.7393935918807983,1,21
3eeac231c839fbc52b79514b34330663,0,0.636745274066925,1,21
3ef5a2d445ede454793f144d462faaab,1,0.896172285079956,1,21
3f1244037d78cc260defbde5720024c2,0,0.15271055698394775,0,21
3f2dcbb885cf38e7b07d29785d81215e,0,0.12689948081970215,0,21
3f311e13697f83d41f55f079232fe7ee,0,0.18451522290706635,0,21
3f51f6bbad915b2d088bdceea490f3ff,1,0.4641248881816864,0,21
3f6b6e7041b06528c5629fb7de92d61e,0,0.0827735885977745,0,21
3f6fcfdcea0e6450a2c953c1768f0297,0,0.704698383808136,1,21
3f76b4107e59e33bfded211d2f95d4f4,0,0.16662031412124634,0,21
3fa43c464676da99ca6e09a17a40aa6d,0,0.1715681254863739,0,21
3fb7243f97d1493015a5f3cb880d8e4a,0,0.47631001472473145,0,21
3fc0d536d17610d6811d9c725999e25e,0,0.15835797786712646,0,21
3fd3c7e4f7012ea21a2f8eba496c6748,0,0.7116971611976624,1,21
3fe12c24bee9c864bf65441b49a53d79,0,0.6401963233947754,1,21
3fe3f892de3a3927f933a3d2b20f4ff0,1,0.4848189055919647,0,21
3ff458f907610a9eae3130e961a8e3f4,0,0.3838842213153839,0,21
3ffc3654b8342c68038a2249787f87e9,0,0.37020841240882874,0,21
4000dc950b3d2e3065762471378692eb,0,0.07171671092510223,0,21
402d2d78d516f7a6899b25ae6f6b7b91,0,0.2119440883398056,0,21
40393027d73d1c04bb8b5c49044b4526,1,0.6187582015991211,1,21
40497da14aafc428210b623fc8445288,1,0.52634596824646,1,22
4053e50a3f75691a16343ebf9c7d602d,1,0.7115053534507751,1,22
4055ab5787f624b27978cc8e612e09a0,0,0.1406823694705963,0,22
407a0f9b955a811bd3dbb459a8ac7576,0,0.070620097219944,0,22
40b1af8c67e6b4610dd91b5230cb9115,1,0.7244225144386292,1,22
40b2a81a852f7138879e5d0ba0a7ebc4,0,0.26295047998428345,0,22
40cd10b8770cee353b0ae6a8192097ab,0,0.2374183088541031,0,22
40e58b0a128f657aec8d842c93ce17de,0,0.4416654706001282,0,22
40fb4c33b5cd086ae3eb5a38a6079fa2,1,0.9126543998718262,1,22
410d67ef44a7845ca56750960a4b6fed,0,0.3919336795806885,0,22
4112f6a0a3a7509212801f2b3132dfda,0,0.20611803233623505,0,22
41143299da79b12a5a6d8c4456c68aa7,1,0.340711772441864,0,22
411760e414f0c79aab25be4a934c49e1,0,0.25811290740966797,0,22
4142d115b7a7ce897049a13509e2eb37,0,0.2891722321510315,0,22
415bbe6901d71d5065322601c47544df,0,0.11532243341207504,0,22
415fe8e39c0546ff191f8e33888f09d4,0,0.17067588865756989,0,22
419aa74d3b1447debce1775ba7084c29,0,0.19689993560314178,0,22
41d4c2e74a9e1a602539687646bb1851,0,0.195160374045372,0,22
41e182efd77dc26282b2fffb91ddea9c,1,0.3020137846469879,0,22
42182063da0162c48411742e08e48d2c,0,0.1653839647769928,0,22
421efe81b01f6724524502d4337d9435,0,0.510055422782898,1,22
4237ca5336f5d9aae908608e00b0ff4b,0,0.28748437762260437,0,22
42480dff233be45d4fdca62069ea267f,1,0.5303115248680115,1,22
42866ae76e629e8a612a5898ad377afb,0,0.21094675362110138,0,22
4293c777d8e33cc6d4d6d7f2c72ff43f,0,0.11204896867275238,0,22
42a70465f4b5859407233bb00aa64e7a,0,0.05221669748425484,0,22
42d7070a36e7edfa295f9aea2f472e6b,0,0.5581101179122925,1,22
42da2c134b53cb5594774d3d29faac59,1,0.34534797072410583,0,22
42f425197ab0ba67f0ec8da9d9f57c9f,0,0.8797577619552612,1,22
4317ccff1c5ab145abf05130c49402b0,0,0.30131110548973083,0,22
4336126559df623f417e0cce8658d834,1,0.816907525062561,1,22
435ab3812fb181923346ede78dd5b9a1,0,0.10175991803407669,0,22
435c653f95dd47326063ff145a0fa82e,1,0.770263135433197,1,23
436088e347319cbffc494a8d24005299,0,0.6693246960639954,1,23
436bfe4e723272edcfe1cd8c85bd37a0,0,0.1554250866174698,0,23
4378b6e8a912d95d9eadeff7b3b9a48e,0,0.5132917761802673,1,23
439dc69a4c208bef639794335fc7e8aa,1,0.9280851483345032,1,23
43a5c26c8ab3300f0848b4b1ebb197f6,1,0.3616162836551666,0,23
43e2eabebfa4a1545c0d5520a7435ca3,0,0.07986412942409515,0,23
43f22c9287a262c3621ee246b6153a1b,0,0.08051460236310959,0,23
43f2bfe06c7c0bed1ea56abd891c46c1,0,0.2537723779678345,0,23
43f36cac2950bc05f18187f0b1a7670e,0,0.10460863262414932,0,23
440a93a65ecad8a5b0f77db19d5e8fb4,0,0.048646122217178345,0,23
4419786026e61be0d0cc38481e6d4a6f,0,0.07644040137529373,0,23
441e33ddef587e66391d3560e975b045,0,0.6666173934936523,1,23
442e1e71a3b1c97fe654fc7439119534,0,0.4145825207233429,0,23
445968a410422d687217c1f21fddf8b9,0,0.13121071457862854,0,23
44666fb9bad75f506a8fdff1e34b8fa6,0,0.13528020679950714,0,23
448408b2da910f68f956ba77db83bf7f,1,0.8194648027420044,1,23
449090e7c3df33a02d8f935a57af7f74,0,0.4407382011413574,0,23
44a4ac9c03955122caf8db97ae2fcec6,0,0.5424310564994812,1,23
44a61046e125f744ab317d7a463fbd9b,0,0.11944074183702469,0,23
44e38e19f2d5fa89ebc805b4e4249f4a,0,0.33971139788627625,0,23
455955fc58bafe84b70a4e92384cc07c,0,0.3046535849571228,0,23
4567d789f16f8cad11b2e53f4b808256,0,0.22997665405273438,0,23
456a10d48cab2f63322322daa2c40fde,1,0.6623546481132507,1,23
458dba2869d82b94f34858fc0e9d420d,0,0.33891069889068604,0,23
458df830e90722a42a663360024ec00c,1,0.4494074583053589,0,23
4593b44cd46a5ec9c8f341a16ddcba07,0,0.4220527708530426,0,23
4597cf072dafa598c3396af5b395da05,0,0.35704460740089417,0,23
45a67b52deef6d917675de9efcace27d,0,0.3157438337802887,0,23
45ca9eddff39ca3e252551cc283779d0,0,0.45222970843315125,0,23
45d1c2d9c830ed7a526cdad0d908397a,0,0.459420382976532,0,23
45db750ac1e7ebdaaba5b1079f06094a,1,0.4830171465873718,0,23
45dbcf1210bda737de385640e0635deb,1,0.5467609763145447,1,24
45f407b266655c8d3faf9bd6faa9a6d2,1,0.6582573652267456,1,24
45ffdfc3462f0377ee35ef05e9bf2b9d,0,0.6505237221717834,1,24
4601f338b350b816ad50be7c58deed92,0,0.06899677962064743,0,24
460283ce802309a67fab5f8d098cc7f1,1,0.651882529258728,1,24
461047418073179170ff04527460a0c6,1,0.6962149739265442,1,24
46670a547d530e18e32a16c6a2d3ce23,1,0.7520116567611694,1,24
467fb10d9fb7d7816e9086fec5aa86f6,1,0.36631911993026733,0,24
4688671bef57318e17dadd91a29e1e0a,0,0.1641034483909607,0,24
46b04770c972a6db13be05221cce609d,1,0.3712312877178192,0,24
46bf77c01c789723965f6180d1d217b0,0,0.1551569253206253,0,24
46f349b7cabf56c2c2d9c1d069f8c564,1,0.8111104965209961,1,24
472672f4fbd1e5093c54346466ef8b6c,0,0.1428377330303192,0,24
472737987cecf2846b2f7453ec97a0e4,0,0.2012220025062561,0,24
4736524816401e7b31cfb0cac71d7a8e,1,0.5591287612915039,1,24
473ad58ee65663186dbab2bcae8cd0a7,0,0.1610482633113861,0,24
474007ded9b6b99e3619a705ef34d0dc,0,0.392157644033432,0,24
47415deef1ee1c384eeaa1c58ad56b79,0,0.3183734714984894,0,24
47437878d27d009dcc9fcda42255c2c8,0,0.3339475989341736,0,24
475274f175ac0685d9ef2153e5d8e47a,0,0.32636719942092896,0,24
475405daeac63ae42731ddf2b8a53508,0,0.23167692124843597,0,24
477e93583988faa67e54d97cc39a8df9,0,0.2174447923898697,0,24
4783897bac1d991d9a95f8c6bdb14766,0,0.37697169184684753,0,24
47ce4f0300b152a5d4e22f812f747292,1,0.46850183606147766,0,24
47d8960b72621abb40a2544697b6308f,0,0.4476655125617981,0,24
47e9bd83458885c6edba8b24a267a392,1,0.9343858957290649,1,24
48170b1f039b7cd08841af54449b5018,0,0.219079852104187,0,24
48bcefd8a7e3b434f5680c174bd80ad4,0,0.08815868198871613,0,24
48f74b1df20e005b30cd5517ffe91aa4,0,0.0878375992178917,0,24
48fcc25810228823538d0392877fcce0,1,0.6988583207130432,1,24
4910dbe4c6e17a35ed2ba6e7f3d04ef8,1,0.1889607310295105,0,24
49158aad3ffa8a556c9d4cc8efbcf58c,1,0.7296022772789001,1,24
4924e87f8069a1e4d3bb55f7bbeecdab,0,0.03685064986348152,0,25
49381febdd648ccc7a190965fe5180bd,1,0.37935778498649597,0,25
493a7af11aa1a9a1a676aba29e0c6f9d,1,0.4011169373989105,0,25
493d5f75237e5b3ee1846c170a393411,1,0.44548299908638,0,25
494445ea1855b61dbabe65e39f6f6927,0,0.23347829282283783,0,25
4957a9685207cc3eb8425318dc83fafb,0,0.25361010432243347,0,25
49769691d05ec479aaee410f1553093d,1,0.6904976963996887,1,25
4983daeac755e646cb10670f26f04168,0,0.2376445084810257,0,25
4988a69766a1c59921d0b747dab42457,1,0.7833912372589111,1,25
499855f7f211a8f2a5142182f1c6c177,0,0.08745735883712769,0,25
49c8db913e71138d6d0bbea0ab047490,0,0.26118355989456177,0,25
49cdb90b456d95c6b522acdbda2305c1,0,0.05794614180922508,0,25
49ff79c0235064bd067c31148066acf0,0,0.388841837644577,0,25
4a3a03c8e79cd72efd984b4fef5c157e,0,0.6180636286735535,1,25
4a43a19ebccba17f3c1aa3b761298293,1,0.5547312498092651,1,25
4a6d4be950d20bd987baaabf6a986ab0,0,0.0890636071562767,0,25
4a78111ddffd59513a73874c9978b3c2,1,0.9262408018112183,1,25
4a8a7088ed91ca054e7e0d6f36f11a61,1,0.49631765484809875,0,25
4a8ac39c7a3610502f46ae647da2ef19,0,0.24143758416175842,0,25
4aa26eed11820103f29614a3a42c2d4e,1,0.6264603137969971,1,25
4aaa644100b006b907aad188b7cbe342,0,0.461975634098053,0,25
4aace7806718a917535d92c97eec097c,0,0.1090283915400505,0,25
4adb2de9973bd84b83298d045891ee3e,0,0.4123726487159729,0,25
4b19ca098b479dd60cc2288ab680e3eb,1,0.5528947710990906,1,25
4b4c014996678e36fa5aa1d74ff71a1a,0,0.3827597200870514,0,25
4b4d890639634f5cc8aaefc9fed962ca,1,0.5302854180335999,1,25
4b53f1475d0e4f4b617e7e3cb43bda2c,0,0.2972336411476135,0,25
4b544911d0421cdc60b42416c296a1eb,1,0.31845003366470337,0,25
4b60a9073eca2b480adde9c58e337d1a,1,0.658959686756134,1,25
4b75a96397735f1435c1414abcb6b9ec,0,0.23140865564346313,0,25
4b7e11251461edb6c46b6acb16583eb2,1,0.5618641376495361,1,25
4b81d215ee6e2cb1d59cd812475c0172,0,0.33671805262565613,0,25
4b848db9936cee0aa033439f83426f91,0,0.2951459586620331,0,26
4b8cfc33da08ab5309230eeeda306d3d,0,0.6321942210197449,1,26
4b92edbb7f4cfebd83b4562c578d22c7,0,0.5461892485618591,1,26
4ba676bdd0c1b0c3876b6050c8fe0f31,0,0.3841838240623474,0,26
4bbddf35e1c4dfaa9c29d1fca909575f,0,0.09772680699825287,0,26
4bc559f97e1d3c8c2ee52deef7de8811,0,0.14217661321163177,0,26
4bed68bcc1b764cd964f5e96ca83884c,0,0.5645045638084412,1,26
4c213a6dd028309618851387389b7a30,0,0.42487233877182007,0,26
4c5cda3481350033d181e879d29f0135,1,0.19642555713653564,0,26
4c60b5ec140ae2e8611927fa82726f95,0,0.2630244493484497,0,26
4c942bf5c39903d0ac282810185ddf7a,0,0.21278958022594452,0,26
4c97a58d5d0c427d1596a8b28f9964ad,0,0.19607287645339966,0,26
4c98b411d5440af477230c1152109235,1,0.38727888464927673,0,26
4cc22fdb9c33ee883ca3f033c62928c4,0,0.27617761492729187,0,26
4cc98e51df6aa3dee2c7c1763e3fd512,1,0.11089763045310974,0,26
4cd5e48c37b1e88e734e6e59dbf8bd6d,0,0.761989414691925,1,26
4cf0e4032e75d8766b1a3881e8975fe7,0,0.111928291618824,0,26
4d2071baccfd994701c3a5ceb3f64f6f,0,0.41892382502555847,0,26
4d22210e645f5c3ac3b98e06afd94046,0,0.22055187821388245,0,26
4d3acb5e51c6ab03ed5bc7537125ffc2,1,0.35398295521736145,0,26
4d5b56a3024f00356ce28de7f499eaa1,0,0.13316766917705536,0,26
4d60dedd8acc1fc0c83596e2a0c6d0df,1,0.5242739915847778,1,26
4d656bcd93f3e99d46fde6c2fa36e7d4,0,0.17074067890644073,0,26
4db850f9587d4c21459ea09f9372be3d,1,0.8579602837562561,1,26
4dc355ac95a17cd1a361779cba717ade,0,0.274967759847641,0,26
4dcaf539b6497ad02f2734e1b78c9678,0,0.22399599850177765,0,26
4de27ac8b1c575b620cc16780030086d,1,0.6627461910247803,1,26
4e1b57f8ff96232f8a73eca0e5d87475,1,0.6344904899597168,1,26
4e36b920e32cc309388138261b94f741,0,0.41722145676612854,0,26
4e60eda03b7df9196e6309009114f54b,0,0.20488183200359344,0,26
4e6269ee38f7c8afc70792e62d0a05e8,0,0.570343017578125,1,26
4e6377304c6519ef809c744ef376c319,0,0.1772446632385254,0,26
4e685bcf518b823638340e2cb20fbad8,1,0.6569936871528625,1,27
4e7c01fd1cfbfc54d2ac4913f6359be7,0,0.13182619214057922,0,27
4eef841c5708308c2ff8957ebc79ae06,0,0.1779492050409317,0,27
4ef47d5bbd7105f7c7558bbb51735d36,0,0.5463277697563171,1,27
4ef769d2aaadffc2343a01771a9d378c,0,0.024879448115825653,0,27
4f5fe9950e605a42d75ea7bfb8230866,0,0.7155266404151917,1,27
4f737958fc5a7d9805f4a94f70cfc5a2,1,0.762786865234375,1,27
4f7ce99ee360877a27e4e34a03d71bfd,0,0.2252560704946518,0,27
4fba6d90e4c0141270b19446fbc97796,0,0.12807609140872955,0,27
4fcf87976ca07858d6ee9af47b2a719c,0,0.4703817665576935,0,27
4fd4306bfaeb5322082642bee9ef3ff8,0,0.35416701436042786,0,27
4fef4a4c55426766f8eaff240f1050dd,0,0.4004276990890503,0,27
4fef5faf22105d6c29f218236dd44d66,0,0.3192683458328247,0,27
5037a5f519c01608134b5e73e2d9e8ed,0,0.21127916872501373,0,27
503929d8c09942a6e67c9045debaf523,1,0.6835620403289795,1,27
50772fd4aff6e953333b6812356040f7,0,0.22318048775196075,0,27
5085aa895168d112f671ae18b22dc0df,1,0.8500574827194214,1,27
509b0a6e32afb4094897a916b3c72486,0,0.2916035056114197,0,27
509d5c6ba1cef46882db2c2e86bdfb2a,1,0.15108676254749298,0,27
50ab3d3a339eaeeb929368cb63599ea7,0,0.29435351490974426,0,27
50ab53e4414b6551c81b447fee0e43c5,0,0.3099786937236786,0,27
5118cbe9894006f58312565294e85556,1,0.6194106340408325,1,27
511d77216f874b95d6070d31abb5ac6d,1,0.5951313972473145,1,27
5125bef2ea04ca1c3c197576ffccebe5,0,0.4196661412715912,0,27
512ab0e4091190c453987236dd18c14e,0,0.4058755338191986,0,27
512bac5557727b83dd78d39052adf936,0,0.3958057463169098,0,27
5149be077d0b6e167ccc0f9c3e3de686,0,0.3731030523777008,0,27
5157d5c9b1f0004b29310652ea54e825,0,0.5827301740646362,1,27
5164cecc1932454bd2f467ebb4ea0650,1,0.8038268685340881,1,27
5166706a90bb749862f3e3a5b7dd52fb,0,0.05830524489283562,0,27
5175798e4a23ac250b47c0c4fd83a725,0,0.21185356378555298,0,27
51b7daabe78f2a56ec22993e3a77dd3b,0,0.13822418451309204,0,27
51ba8d89de58ac80db86507e11dcfd03,1,0.6951246857643127,1,28
51c54b6e7df33f0ae4456131227d2a9a,0,0.1688777208328247,0,28
51dcd45e616257b874c6017e46737417,1,0.9378905892372131,1,28
51f634dd2e12def131b68288f1e7eca1,0,0.1466081142425537,0,28
521737fe7ce420e5fe1864c36f1f1865,1,0.563589334487915,1,28
523a0dcc2fdba0812176614c5302258c,0,0.08173438906669617,0,28
524c4a83f27a9e1f28921213261850a7,0,0.25539764761924744,0,28
5254623fe2189d170d018917e5833c79,0,0.6967751383781433,1,28
52547b2bd82aff7a631e41b23990a9ab,0,0.5789578557014465,1,28
5263004c6cdd4b53933a5669c3a4975f,0,0.46447110176086426,0,28
527cb2595339f9379a4af358760e9a50,1,0.6652689576148987,1,28
5280b2f1ea5c084e2bd8f2fe9447ab84,1,0.5729414820671082,1,28
528800fde9832ed21a8c8c6f45cddf14,0,0.11325354874134064,0,28
529e1b84a553a1eace23e78a49d041aa,0,0.07656204700469971,0,28
52c4db1817a8262a7c2afa9c49a4210c,0,0.44830945134162903,0,28
52c52586097de7c4e1aa3761d28bb5e3,0,0.3104327917098999,0,28
52e03964d4f942fc325a3154e88c4289,0,0.3667850196361542,0,28
52e9686ffccd0f4d3a6c58de8a12259b,1,0.41951245069503784,0,28
52fc86cf7b4c993c983ed3412e781ebf,0,0.09285103529691696,0,28
53272263f44e3360b23a54230f7becf7,0,0.21231499314308167,0,28
533bf2420ef58839a93d4fcbec6e27ec,0,0.19392795860767365,0,28
533e87c55ad38b554f3ff19bf751eb14,0,0.28849753737449646,0,28
5341b6bd8338f8a8374c18b19f737e9a,0,0.3961392045021057,0,28
53675dd5b4676fb96d77abf225209f41,0,0.6058467626571655,1,28
536b5b1ff8d718e73afa20299daa9578,0,0.1842048466205597,0,28
53881e3f1cab94cd71cf490b9ac5dbe9,1,0.3335427939891815,0,28
53ae3d1a464529cb387ce44aa655846f,1,0.7502021193504333,1,28
53ee044ed59a68c2d089f8a8f0bd620e,0,0.1190531924366951,0,28
53f6b9d988c8195673ea55343c046187,0,0.23273921012878418,0,28
5424def929d8cb11e03df4a5c02df124,0,0.23913437128067017,0,28
543063d457e1f7416a0b80b451064f43,0,0.2418598234653473,0,28
543f81bf4d0f157b27ce10063bed1c66,0,0.15912611782550812,0,28
5468cd29e7d6db0d551f2497bed48387,1,0.6774771809577942,1,29
547c3618a312f5c3cb3095d457483a57,0,0.16744409501552582,0,29
548cf3241eba5f1482caac5fbc0b9fee,1,0.5207865834236145,1,29
54a6bb5b22305b51f9a17728202d1180,0,0.035105835646390915,0,29
54cf3b86aba7151a1bbca30db954307e,0,0.508628249168396,1,29
54fb9abeb8e92ec3f690a7455d892c3a,1,0.4718981087207794,0,29
552e53af89d7ae4c482cb935ac1542b7,1,0.5198552012443542,1,29
5559843d1f057bcaa0d9b5d56a9a3d46,1,0.4220971167087555,0,29
558622a97e3722ee974a2c8dddc4ca80,0,0.6772340536117554,1,29
558b20219d89e3918384de0ffffaec60,1,0.4675942063331604,0,29
55a3c0036c2d994975cfd350a79cf69e,1,0.5902027487754822,1,29
55af1c9a0c2d59b4b6a07797df35b0d5,0,0.2510339021682739,0,29
560ff4beac01961b07e664cda2419933,0,0.03016749769449234,0,29
56237d3770e31568eb965067d2d948af,1,0.22019162774085999,0,29
5638340de6412cce7a4b7a81b7b1d92a,0,0.16387709975242615,0,29
564141a415cfa32841bb2de146faa5eb,0,0.22198247909545898,0,29
5644031df0b3584a477f0454acb7b291,1,0.931739091873169,1,29
566a004f7fbde95775f15ece4975d65a,0,0.21127313375473022,0,29
56beeb20098b516474d17a9c36b23c7c,1,0.7819234728813171,1,29
56cb181941ae9b45448469cc0e420ba7,0,0.22449038922786713,0,29
56df1818b6567b2e812e615365b22e60,0,0.21717920899391174,0,29
56e3aa531cd2b4c2a597657ce69bea4f,1,0.8405664563179016,1,29
56f24c084776e6bef2576015b4caf11d,0,0.2110714614391327,0,29
570cc0e3366db46a98ef038a6b5f0489,0,0.1647767275571823,0,29
57169906bb821d83315d3291af052418,1,0.3149815499782562,0,29
5790429cd6ee14e2fbce734dba47dc21,0,0.4081580638885498,0,29
5797ed009ccc4840c86e430aa66f3e8e,0,0.07612384110689163,0,29
57a1009ac321900b0c1743e721e3a1e5,0,0.18669211864471436,0,29
57a1a6b02398e336508aa57ecf962e74,1,0.5885340571403503,1,29
57a32a219495bdff5cd72597688a46d2,1,0.572163462638855,1,29
57b473e8eaf284e0d3321d9def714930,0,0.48557278513908386,0,29
57c89de7d680ee5e4a85d047c68b6050,0,0.444406121969223,0,29
57ced2cce18cbee790add6d5d3330aa1,0,0.1887580156326294,0,30
57d8fda3ee850a41defcfd7e17673395,0,0.31908392906188965,0,30
57efd697f8ed1fe9bd4c44a139b7aa66,0,0.39063599705696106,0,30
57f397ca3063fa50ecf48b1929e9afba,1,0.5774291157722473,1,30
57fdcbf8bf0215b154b097ee3cbe7c10,0,0.24776291847229004,0,30
580909ae5a366bc3fd7524d97cf1e771,0,0.28515738248825073,0,30
5817c3257a58b34a43122134fc3115f9,0,0.23293815553188324,0,30
5820b002c7643e23208a87a986818348,0,0.2870880663394928,0,30
5852bd535b5b625b64bc5b8c2f59f0b3,0,0.2242787927389145,0,30
585e0273f62af98bf949addee0a2efea,0,0.13028882443904877,0,30
58675a9b3a6015291c518c1327d81ab5,0,0.5791015028953552,1,30
588634981efe8a011372632c6d76eea0,1,0.24229145050048828,0,30
5889a7857b883db3bee6ad8ed4a6f955,0,0.208708718419075,0,30
588b9e528e57a25e8985888133d3af61,1,0.6007773876190186,1,30
58a34363814d97cd8dd5c26f5673d6cb,0,0.3423883020877838,0,30
58baa9b0269a2987f5475a554033c4b1,0,0.20018839836120605,0,30
58d2bf66beb82854825bef7db742819f,0,0.06452756375074387,0,30
58d5bdf590c4892a7a1dff01b6be48ba,0,0.25033777952194214,0,30
58d76e6dae9bbb3a24fe79f771b735a6,1,0.15958501398563385,0,30
5927e15c854e4b6ba3fda0539251b91a,1,0.44306695461273193,0,30
594fb89413087c080ddd2c97a3f6acf0,1,0.34552350640296936,0,30
59779a96f5abd70d14a67ebdd4502d60,1,0.8971879482269287,1,30
5994672502a02f2e1d49b164e16ab4af,0,0.20761838555335999,0,30
5995bef3891e94a9666695e1302247cc,0,0.8275701999664307,1,30
59c201e80a79922c74bf490f5f571369,0,0.031466346234083176,0,30
59c9c25f625f58bb64d3c79ddf8f2780,0,0.5618367791175842,1,30
59da30abf63819b706a361028157735e,0,0.25757262110710144,0,30
59da7ba739c19ecee53fbcb6f6d1f707,0,0.5368955731391907,1,30
5a09dc583a83bf49eb3a245a4dcbea1d,0,0.21325848996639252,0,30
5a29c1b605b7a41733a9bbecdd70de2b,1,0.43776193261146545,0,30
5a2e907a3101a321fb0906de1a110006,0,0.2951321005821228,0,30
5a4adb39fcdcf0851d445970acfa17e7,1,0.12553441524505615,0,30
5a5364fb4f700d6a3daad03dc7a3eefc,0,0.6059709787368774,1,31
5a5981d693eb84fee6381d8e41a3e27d,1,0.8603672385215759,1,31
5a719936747485b2902623a89643a508,1,0.745144784450531,1,31
5a823d8330fbfc71c32173de09b74b01,1,0.4348558783531189,0,31
5a85e877ecee5e7fd6cf3b9a4bc802d2,0,0.5754303932189941,1,31
5aa416acbc31207ebc35faed872c8e3d,0,0.18416054546833038,0,31
5ab94e57ccb8175f3b1969059c55ea9d,0,0.48144328594207764,0,31
5acff5ccf1bcb3137e2c12dc99919396,0,0.44623321294784546,0,31
5ae703e09cb7b139ccb6824a79d26efa,1,0.6259816884994507,1,31
5af59b2dc1595664ab6aaf11ea7887af,0,0.11975092440843582,0,31
5b12004cef17343beaf944f5868016c3,0,0.1415805220603943,0,31
5b1e75dd15524be14eb8722cb4370490,0,0.23659728467464447,0,31
5b26309e228cdffb49fee96063e2c880,0,0.044865164905786514,0,31
5b26a75de620121bcdf0b76e15fbbd3f,1,0.6977928876876831,1,31
5b3620a56668010877cfafa9322e18b5,0,0.32125580310821533,0,31
5b50b56feb8f2129463d1c825ceb00f0,0,0.6856833100318909,1,31
5b60ed5c54d1c07ce7c02515c7499c1c,1,0.6096229553222656,1,31
5b6707d336c733e0a8d4233bb08483c7,0,0.09150613844394684,0,31
5b77e693767a6cf469f16bd9e498f780,0,0.2018543779850006,0,31
5b7e2ccb87c1e20394f7a84f3bb8c821,0,0.055541347712278366,0,31
5ba0a669fd3430e9386758e838210b98,0,0.6036818027496338,1,31
5ba94d99f827e546b59846aa66eea08c,0,0.5909835696220398,1,31
5bac00dc9f948cebf2b3abe05a1ed729,0,0.5902121663093567,1,31
5bb1e2eb9e2886652aa3a4c4ab01ae7a,0,0.19796445965766907,0,31
5bdeac502c30eb11341c174fd8276e4d,0,0.28430214524269104,0,31
5be05d9818c57db3635e33dca8315507,0,0.19680039584636688,0,31
5beee832c007826c93c25ba287ee4d48,1,0.5562167763710022,1,31
5bfab539ea74f0a5051707ca62f562b6,0,0.28397291898727417,0,31
5c0e796a597b61fba079b721221267a4,0,0.2510606348514557,0,31
5c0fa88ca172de9b668b330f0b4d7e60,0,0.13534337282180786,0,31
5c1dd749315a3713355b35ab28fdebb9,1,0.7702862024307251,1,31
5c22ee484c55a079ac153153368ecd60,1,0.6944018006324768,1,31
5c4202e130bd01f555e57d8503de6491,0,0.3776731789112091,0,32
5c55f871429730b84a8ee275839b8aae,0,0.42993658781051636,0,32
5c696936abfc9bbded3d8fd2fa853678,1,0.44414958357810974,0,32
5c6ffc9cdf3d6d485aaf30a52eb9b525,0,0.3836398720741272,0,32
5ca63942b0365ee7a3b26b6453f4076d,1,0.7992295026779175,1,32
5cd3d3d32b73aba570d20a9a54a6be24,0,0.22879411280155182,0,32
5cd7b69add950d3e0fd7d6a0b84d9ce3,0,0.4300171732902527,0,32
5cecfb5a445acc92080b9fbdf321a4eb,1,0.7509304285049438,1,32
5d29e7137d24e923a347d54eb81eefcd,0,0.09597908705472946,0,32
5d47fc0830ff38a5a584e9fc83928990,0,0.16989094018936157,0,32
5d4e0afb1579da54bc7a06f1fe159349,1,0.36565032601356506,0,32
5d63f31cc8e21664c69bd7613b1b76e4,1,0.8168384432792664,1,32
5d6805e3bd24dcb9489d6718b9e60875,0,0.061316948384046555,0,32
5d6a25163584e7b05a528d3f94fda500,0,0.5594095587730408,1,32
5d6e9e74f44b6f359525af6c176bf9fa,0,0.40205687284469604,0,32
5d74f8fd78068c30775dc2c98790e8b9,1,0.7730196118354797,1,32
5d8ade464909d72789ba814870c30e0d,0,0.19201795756816864,0,32
5d8d9b5c072bbc2a4a2a0b89cd35ee9f,0,0.37028875946998596,0,32
5da88679ea6837b341bb17cf40877cea,1,0.5234262943267822,1,32
5dc955f7d99449f88928d0fdd492533b,0,0.07931117713451385,0,32
5dcc32890d8892aa5583f07b8308f6d9,0,0.11844070255756378,0,32
5dcc4cf4ea03103c20218117eb9fb9b0,0,0.05488448590040207,0,32
5dda48765ebe01374eecab8e65821615,1,0.3978181779384613,0,32
5df8ceb0c06c1a5a7eae66e68cecc804,1,0.19757133722305298,0,32
5e0835a600b595340117661ddcf40874,0,0.09731952100992203,0,32
5e0c289e7bf4efc3780975780ca3dcf4,0,0.620403528213501,1,32
5e0e46b7af5381ca4af6a51e7992a69f,1,0.7690659165382385,1,32
5e5fc315d2f1aa94c2a06dd54aaba053,0,0.1801425665616989,0,32
5e65e6bc517da1f30cb5ce0ce367efd6,1,0.5349717140197754,1,32
5e6bdaa0089a60e2d44f8414c188abb3,0,0.13713710010051727,0,32
5e74d323e655e680438e743b868d47b8,1,0.669249415397644,1,32
5e9b9e927b853f5a95cd487b249e77b2,0,0.18384966254234314,0,32
5ead347d71cf5025f286cd0340e8de98,1,0.32818737626075745,0,33
5ed2380173b2e8517d11c525198474d0,0,0.21656368672847748,0,33
5eda4abc36bf4f4d7553ce62ad167fc3,0,0.0976143628358841,0,33
5ef0d0b605f39b09df42d293e87971e3,0,0.41953709721565247,0,33
5f187acbe31f6335db2d8ec41c2815b5,0,0.3198607861995697,0,33
5f258fac6e0345f01b8253712e83e454,0,0.5802826881408691,1,33
5f465c42b5dabad92561ebc83310755f,0,0.1838749647140503,0,33
5f493090bbd86d604d1032df61b2bc8b,0,0.2478862702846527,0,33
5f6e71dbd4bfb41dd6ba455f38b55b48,1,0.14901027083396912,0,33
5f6f2b299b3563b39f0a81dc4045f38a,0,0.10495095700025558,0,33
5f7ff740eb512cd79270692b145d9f43,0,0.16075141727924347,0,33
5fa0495898bec4aa9880079a3073ebe9,0,0.517981231212616,1,33
5fb0ad980bcb4764b72c8ec737669801,1,0.5082864761352539,1,33
5fbbcff7a47bce1f31ac6ca777e79a2d,0,0.07422804087400436,0,33
5fc06f3386f8762ac1d2563520056a95,1,0.5902271866798401,1,33
5fc94f48e87133c8b9aa2011b76a50a2,1,0.8550267815589905,1,33
5fe1faff313cb7b3019b7e1686f7ff57,0,0.19071094691753387,0,33
6022bb1b65e1ffd7d70a6c5b70bc3962,0,0.3916618525981903,0,33
6039745a7cf89b4f65da84eaa8c1a226,0,0.28427913784980774,0,33
6039aea81ebf9094b5b3a1be940e09eb,0,0.4653904438018799,0,33
603f46ee0064be1ad82c131af4f5c5df,0,0.11408903449773788,0,33
60485f64a1de6c652639c3ab84fcd12f,0,0.2913866639137268,0,33
605186158128f2160564d7b3c9898db3,0,0.7905357480049133,1,33
605dd6be5c1776fcc2435dacb7f9bad1,0,0.5826924443244934,1,33
6072691c16f225c5758fd5d4750b3044,1,0.8111830949783325,1,33
6073528e3a3ae67cf0f69e79c2d65c7a,0,0.3966868817806244,0,33
608614185411b42c65111af9fc737f35,0,0.17429926991462708,0,33
6087594b3cfce30c211a8e2edcc3421e,0,0.26408448815345764,0,33
60c667d029a8c9a394a64e83af944953,0,0.4509023129940033,0,33
6100bc75e0a668c382d92d5eb9038076,0,0.1428721845149994,0,33
61073332776c189abf3844bb71f990ab,0,0.24788691103458405,0,33
6109bd812d12e7f376d24f936ae44412,1,0.49006837606430054,0,33
61327c4b99bf9a8459c9bbbb8cdb1e98,0,0.6073665022850037,1,34
61353a4bf860223894df6ca7dcd857d1,0,0.17499972879886627,0,34
614aa276d0f32f1807409cc1ce713e0e,1,0.9114769101142883,1,34
615103c934a78744f2081127125616a3,0,0.057509563863277435,0,34
615be21de05d7049ddb1652520d7f528,0,0.3692505657672882,0,34
615f0f5be81be998158659b735a3e8c8,1,0.6127820611000061,1,34
617ea36830c24b725ac31c81cbe6bdbd,0,0.30372363328933716,0,34
61811eeeb8edb37cac44cdaa6cd30364,1,0.735243022441864,1,34
6182777129374eb463e2b20ed36b4011,1,0.3459460735321045,0,34
618777b8305b062583337d9a6b7a3d4e,1,0.16465482115745544,0,34
618881f58ff428d49dc4b830c762845f,0,0.1960911750793457,0,34
61b5b9b49242ae40885781dd2c1a2cb0,0,0.24182651937007904,0,34
61c0f32c4fad9cadae858544705625dd,0,0.2626218795776367,0,34
61eab9bde303d3cd00fb9a4137b7ea22,0,0.5520421862602234,1,34
62019939690f6d1adffa89335bc8822f,1,0.42862793803215027,0,34
622892fc0ef372c3c6c99d593c341f2f,1,0.4026123285293579,0,34
624ad6845050f024902fd3fce5402988,0,0.17857447266578674,0,34
626185fb9e429be96fdf29f0c1ec665a,0,0.15533345937728882,0,34
6262074ab507148344a09ead5941c3b8,0,0.26414620876312256,0,34
627085177f108602d3bdcf13a1748354,1,0.7358455061912537,1,34
6273626dc6aded042607dd342de195af,0,0.14273282885551453,0,34
62c427184e17db926037ce718ed2d202,1,0.29604074358940125,0,34
62e12180474ea235f3e915afb79b1aaa,1,0.37881478667259216,0,34
6325341c36f40a4641b62c3131d82b4e,0,0.2693747878074646,0,34
6325ed4ab3c3d0233263c751e7452907,1,0.40269002318382263,0,34
6330b65f66ce37f9a3a3916a9850c6b5,0,0.05637136101722717,0,34
63766e86c0ffb84139f35b8809380326,1,0.5316267013549805,1,34
63a81da4e2cbd78bdf8eddbdc368b3fb,0,0.3634144365787506,0,34
63d11e1a4e6167f0625d0276fa926a47,0,0.11145196855068207,0,34
63e68d84225031fbfd93bb129a808eb7,1,0.7835747599601746,1,34
642719d5349009d7f20e33a5c65752e1,1,0.7751139998435974,1,34
645e178a29fb3afd99c82be559afb26e,1,0.6084338426589966,1,34
645f1d663a0008a679a6187bef19e968,0,0.334037721157074,0,35
6490e2cf8ea994ef53c06c287d59085d,0,0.42915108799934387,0,35
64a157c58ebf8f3c33287c75c6ec4767,0,0.077904112637043,0,35
64fb0a3840ef0a2c922c91571f27688f,0,0.312160849571228,0,35
650b995364f405a9341f39f50126ffcf,0,0.2237706333398819,0,35
651f80308ec0b380af4f031bd547c229,1,0.33231034874916077,0,35
65279dbfdffd5d1250e8f7d0293d5727,0,0.042094968259334564,0,35
652ae3349c1019e5b64e7e967f29c5d9,0,0.30321839451789856,0,35
652bd062cf5ccabe5e120d5fecfd46b0,1,0.7087922692298889,1,35
6547bec43838410978ebabe333495e7a,0,0.6086764931678772,1,35
6581602a6339fe446da34c3bbc628dc8,0,0.2978546917438507,0,35
65865c33df06763900eca14fc91390bf,1,0.15039752423763275,0,35
658f4a76ab0e81e31d37f12c8c661b3c,1,0.6946954727172852,1,35
65d990620d6cdcf8e92ea7e2eb624fc0,0,0.251919150352478,0,35
65e600f7fd5b8cf1c3027e2165585ed8,0,0.16567876935005188,0,35
660579a438aedc7960b0bea9640c2df1,1,0.7532041072845459,1,35
660b7e51824df6c7e0cf8d669f7b6485,0,0.09189914166927338,0,35
660eef5eec9f1d7af587da0e67222e94,1,0.7320901155471802,1,35
66204c1c0e3628601c10aae51963b5ea,0,0.0692916288971901,0,35
6621cc841cea87c5e90550935fdfb730,0,0.6144946813583374,1,35
662b95447b40328a6844834af8835fd2,0,0.23910818994045258,0,35
6637c08da9b3bce162e3aa689da14574,1,0.7985995411872864,1,35
665c4a6d2693dc0286d65ab479c9b169,1,0.9282544851303101,1,35
667ee8460269a5864a0fc00b4a9bf62f,0,0.1198701336979866,0,35
66999352526e3fe5ea5e2fcb065eb2c5,0,0.3173046112060547,0,35
669a2a0c6d62262965801dee89376343,0,0.36030152440071106,0,35
66d46e46d052f43f708037a2fa8c3587,0,0.1428670734167099,0,35
66f3c32f043f484e86d2b3e48777b1a4,0,0.3609020411968231,0,35
66f8ea5f21b26731b6bd4a1574c25abb,0,0.27649596333503723,0,35
66fcdc246e2d6dbe7aae14db8b54d2ef,0,0.2477300465106964,0,35
670058d081c80065f0bc1087737093cb,0,0.16211366653442383,0,35
673fdef5f3c813232620a6d2af079cac,1,0.6908611059188843,1,35
67626c635c3b17db4acd9052a06f8be5,0,0.213473379611969,0,36
6786d1115f8dd6a72aaf6484ebfcc7aa,1,0.4415416717529297,0,36
67b03574d2c2a1cb24109269ceb021c3,0,0.5847691893577576,1,36
67b79ff73377ea7e3b3077e7fe493ca0,0,0.1730918288230896,0,36
67bbf19b5522fcff2ca65e09b1cd1df8,1,0.598097562789917,1,36
67d7e1cdaf6a8da4b2247f70d06718e3,1,0.8538619875907898,1,36
67f342c22873acfcf19d3b6501e53802,1,0.8386374115943909,1,36
6818934fdace67a5ebca75f90d598002,0,0.48546141386032104,0,36
68586360d876ffd615409150466439f2,1,0.18769149482250214,0,36
687a7fcfa8f707f5770e5191f0008037,0,0.6602100729942322,1,36
688ecdb1a4e994d42b5a50a8c4a9736f,1,0.2585683763027191,0,36
68c57d93f9fcc74a760de0a64c6bc883,1,0.13151156902313232,0,36
68de8599cb0dad09fd695e507f3ddfd0,0,0.176014244556427,0,36
68ea2c78d412b314ebe9b7261173f274,0,0.5854317545890808,1,36
690bb572300ef08bbbb7ebf4196099cf,0,0.25218167901039124,0,36
690f60dc7bb8faf32394031b8c300891,0,0.382832795381546,0,36
692132c8de743f5d8d37c499fda700e7,0,0.2397819608449936,0,36
693b9d7ca60ce47d15fb730a3a0ad999,0,0.09505356848239899,0,36
69454c090ae1d9ff81da56af7c2d27b8,0,0.07772357016801834,0,36
6959b17325347f030bc39218814e23b5,1,0.5299045443534851,1,36
69697ec2f4497b9c4da61a96b30ded28,0,0.45954322814941406,0,36
696b2f74de8b69decbb4f884b77c7429,0,0.7483075261116028,1,36
699a8677439fd564ed21abdbf7b44db0,0,0.17126551270484924,0,36
69aae4076223158f2e0cfe8f6f74ce68,0,0.18015757203102112,0,36
69c3b647eb846e099161d2a162ea5ce0,1,0.6790597438812256,1,36
69cab0314beaa8eefe2f3b4d316b2642,0,0.19626553356647491,0,36
69cdda9dc9e51f15384964918ef50806,0,0.5084894299507141,1,36
69d19f0d8ac223581188a5adf05cd313,0,0.15778613090515137,0,36
69e11ab385dac820accda778f80af430,0,0.13331909477710724,0,36
69f8a7c2bc453e0c3c71442dd0c46d91,0,0.5374454855918884,1,36
69fa47c3c46618fe8c58966a2cc66aef,0,0.42900678515434265,0,36
6a31846520f47386beb48675231cde3b,0,0.08837734162807465,0,36
6a5838d715564084f35e0719e58fe610,0,0.10213103145360947,0,37
6a7a509436c9822e6481247f7df41779,0,0.24859745800495148,0,37
6ae39ad5e196a92fbba5d134ef59463d,1,0.36675313115119934,0,37
6ae66f1bc9c08766adb65d366a60e2b0,0,0.22224892675876617,0,37
6ae67e95de277c280873ec6a0dd3dc01,0,0.061047013849020004,0,37
6af0347de5ced3d7daa3c5db56c4ebf4,0,0.34716561436653137,0,37
6b393b32817f727c23d31e2333876763,0,0.7576836943626404,1,37
6b3e4fda37acc0d488a930b100fa0317,0,0.2406555712223053,0,37
6b6a6751b4156410868de79d1a6ca72a,0,0.0983428880572319,0,37
6b872791e23742f6c33a08fc24f77365,0,0.2934297025203705,0,37
6b94fef0e417c083388ba961b1d2786a,1,0.19515135884284973,0,37
6be87996a6f4e9339892c7b8c3af42f3,0,0.09682732820510864,0,37
6bf51457a3a0798a7d00fdce6d50756f,0,0.42773714661598206,0,37
6c0557a8c8475e92ba4118e480157ff5,0,0.41602563858032227,0,37
6c093584e2497ef2129a3bdbaac44060,1,0.5959294438362122,1,37
6c096a44b9b644d74f7a2dc79401f475,0,0.30106818675994873,0,37
6c17cc0ca0591575ae3f0ae62fd9edef,1,0.957310140132904,1,37
6c1abadac7cba4b7ace5ef35d67b0082,0,0.36825230717658997,0,37
6c28ef5c6b6bc382a9c5b70fbe7f1864,0,0.21461692452430725,0,37
6c4f50895f5342d5377b80c6dca50ac4,0,0.1330469250679016,0,37
6c6c4e6cb64f4291077af260d3f696d1,0,0.4021075963973999,0,37
6c71ea8dbd37e59b995085cd189e1621,1,0.5503290295600891,1,37
6c9502d09e81b5505727e86481d2ed51,0,0.06959374994039536,0,37
6ca2a9acd3421424f26805ef49e9bdff,0,0.08706112205982208,0,37
6cbbbc0e77251e60d6f4af673cc19e2a,1,0.8657791018486023,1,37
6cbf4295b5b72bc01ef6fd171ef7733e,1,0.8689301013946533,1,37
6cce56dda2a5b90c9ac2987b1a8e3f45,0,0.3157678246498108,0,37
6cd9d28658e91fe717e33e2f8b10e81a,1,0.8104919791221619,1,37
6ce0806845f2f73ef1665353979d581f,0,0.4474823474884033,0,37
6ce444e8adaafc7d20422f662b9ef160,0,0.33844247460365295,0,37
6ced1a5ca6625e9c00070e14a98cf816,0,0.07556477189064026,0,37
6cf8916303a07f3909297be170f21f7a,0,0.2696950137615204,0,37
6d2219f1c8c4af1e05acfe2c6e02f1d5,0,0.07823580503463745,0,38
6d3d6b53f358a983b486e9e03144eb62,0,0.2548634111881256,0,38
6d5cbffaa090403113687a73278ba98e,0,0.2378794103860855,0,38
6d63702f8b638639e72c9b72e504d45d,0,0.1702621877193451,0,38
6d7b08da7043a6e7c2d18424e329ced4,1,0.24173760414123535,0,38
6da36354fc904b63bc03eb3884e0c35c,1,0.7202823758125305,1,38
6db59ec25f0f8ab882e5ce79b1688aed,1,0.5112674236297607,1,38
6dd5ddb94bf5028c69056c4d9af92cd9,0,0.33571940660476685,0,38
6ddb758545f7aa226b736fa869cfb946,0,0.09963606297969818,0,38
6ddfbc87602afc5ef112b401637ef3ae,0,0.06322689354419708,0,38
6de2e33c4814358a4af07f0d2b03e2de,1,0.6475179195404053,1,38
6e07fab2014be723250f7897ab6e3df2,0,0.5433318018913269,1,38
6e1cefab110115d73b04accbe36df6f0,0,0.20563946664333344,0,38
6e27c7b2eed8f7a3d6342e242a89c631,0,0.4959489107131958,0,38
6e5612b9b3f15553bd159ead3b22e09d,1,0.8076642751693726,1,38
6e735c0945a973a1cc5f091eea115292,1,0.6520934104919434,1,38
6e7d48015a85db1c2bc29bf3479e598f,1,0.8495568633079529,1,38
6e7d4b9cf93fee47afe3c299da9cd589,0,0.39423641562461853,0,38
6e911d2832e14bb624a486bea52220d6,1,0.4441368579864502,0,38
6e930ab867c57f51c91565b9d251ecc0,0,0.48115962743759155,0,38
6ebfa96ac20b0558ad4d0ff155df4035,0,0.383156955242157,0,38
6ee33e87bb9db350f4492c105b484d7b,0,0.3133891522884369,0,38
6ee6a322ef5a5c52b1e160c2ef5e83fd,0,0.3376583456993103,0,38
6efc2a619fbf842eeadbb1abc9b523f5,0,0.5603137016296387,1,38
6f04094bb30e028d5ae7dba96788e9dd,0,0.17840814590454102,0,38
6f1fcc25543d35bc02e348deabf59581,1,0.8330579400062561,1,38
6f2237ac129bdb372382853afb3fee6f,0,0.17021305859088898,0,38
6f275a49e59b6d07416bfd3b8b73f7a8,0,0.1321231871843338,0,38
6f375ce065ee91c25505dc4677b1e495,0,0.12496397644281387,0,38
6f681094d26fc24ffac5f0dcbb12c5e4,1,0.7256481051445007,1,38
6f69a6354bed9fabd85e9d5766075075,0,0.1415315866470337,0,38
6f80079783fd3bf3df3fed4d0733d511,0,0.21609024703502655,0,38
6f8320a9c444090bd55010537a9e7dcb,1,0.7782752513885498,1,39
6f85d2a7982a02cea67abf229e402404,0,0.6964069604873657,1,39
6f8b23eee8e3c3e4e47173d141f9b791,1,0.3277271091938019,0,39
6f915569b8a5b8143cfe9e17f421355c,0,0.35902106761932373,0,39
6fa8814e8159cc0e7ac6d0477c0e6164,0,0.22877204418182373,0,39
6facd092dfec22384fd9446fd84c1ce3,0,0.28863853216171265,0,39
6fb36dc586cdfd180b79f23f4cd447f0,1,0.318121075630188,0,39
6fdc6a34720c31d685942b7bb44f9612,0,0.09351643174886703,0,39
6fe306d319701f17fdf9d477bc2d1251,0,0.658630907535553,1,39
6fe65e41cb661237e9030f191e3a2a9b,0,0.44784969091415405,0,39
6fe8ac8da89618e402e51dd7e1e103fe,0,0.13297319412231445,0,39
6febf1e7c57204153c4751a1bf6e39cc,0,0.19216686487197876,0,39
700ae38015597465d1f8e99b3885afb7,1,0.8895775675773621,1,39
703257c7585df8905ab7962f4a598bb2,0,0.10585514456033707,0,39
703cd1b366d83f31d96b478a41dc1b2c,0,0.33825403451919556,0,39
703f3e88b76dc44678a08cc71e2e23be,0,0.3172241747379303,0,39
704b25bea8a6e8f0ed239f15b14fb68b,1,0.5408228635787964,1,39
7060531528cdf18aab89ddc252354c1d,0,0.21312251687049866,0,39
706814b8f626ce46d5614029ec51dc44,1,0.48359137773513794,0,39
7069dd8c7c8c846ce7e73e4b10a432fc,0,0.08528018742799759,0,39
7073d58de75ee80e16ec3a4458349f90,1,0.8196315765380859,1,39
7087e60b5382e43856c13a72ca679c6e,1,0.7752969264984131,1,39
70ac27185833639e72610a5f6b937ee0,1,0.14897482097148895,0,39
70b513210efb66bdbb469eeb3b3266d5,0,0.07948774099349976,0,39
70e3e8abfeb3eaae756976b397217311,1,0.41963350772857666,0,39
710139037804abe11795c4544fba66e5,0,0.11091809719800949,0,39
710700d3055a746543394296d1fb736e,0,0.4684641659259796,0,39
7109c2bb3c552f274418c7d7d769445d,0,0.5832781791687012,1,39
711dc542c6c7e2b21889838cd050a810,0,0.3458516299724579,0,39
714003ac5b8363ff20f6b187ce55ae9e,1,0.7319836616516113,1,39
7142d5dae053a2b32c4225f7cf671d8c,0,0.5104043483734131,1,39
714d10886bc8bf6a1f1adc0f61127071,1,0.8569146394729614,1,39
7158cb1a21c2af6490567b0fe1dfaae0,1,0.46753981709480286,0,40
715f936a0ab2aca1f671041c7704e15f,0,0.19442147016525269,0,40
7199ee845675a788a07d629d325a431a,1,0.7517979145050049,1,40
71ae8a44d7e82a2d5672d04d3d7b48f8,0,0.07979132235050201,0,40
71b4eda82984d225fdddc3a4d1d32ad5,0,0.151519775390625,0,40
71c27a4f0124bfee54339b40ee4164cc,0,0.38027051091194153,0,40
71c75db6da20e3320fb90ca9b018ab31,0,0.06885968148708344,0,40
71e9666b94e09e7485ab6350036faea6,0,0.24668365716934204,0,40
72039a144501dd60065d7f5e9e0c8385,0,0.19260917603969574,0,40
721f5da499fd2c079738720daaa2706f,0,0.38292235136032104,0,40
7222b97b9a833ddac0e188319a3c4af3,0,0.27727431058883667,0,40
724c7003e9c18c07c5f925edd825ef02,1,0.2788861393928528,0,40
7257660acd36f94fab12cc9626d58da9,0,0.32691505551338196,0,40
72842226962cd50c932146b07bec593e,0,0.42207154631614685,0,40
7285810152dc8bc8a7e300f7e431b553,0,0.041255999356508255,0,40
728b3cf755f42fd628ff5fee7bf338d5,0,0.1992967277765274,0,40
729beaed8db4766d1aa3bb237a047e7a,0,0.41756555438041687,0,40
72a272f0770ae72999e9afa93a5bf024,1,0.7585347294807434,1,40
72b5767e2d03a32d3a3514f851f0c872,0,0.4065239131450653,0,40
72bf61e8260519dbf3d388f964dacd44,1,0.8211494088172913,1,40
72cfa22b529d2ae71985b2636cb9baf8,1,0.44699421525001526,0,40
72d2a167034f2cb425bcf7897137c464,1,0.6176925301551819,1,40
72d693c05239faab88247fd1d98f2cbe,0,0.100589819252491,0,40
72e0c97617b24b368795a2711b66def3,1,0.5881983637809753,1,40
72fce426937854b7068b528e2a3c96d7,1,0.8182026743888855,1,40
730f25f4ac6b4fd10d9cf582494c911e,1,0.864594042301178,1,40
7324a6d2f3cdb80878587b427f6df871,1,0.5915263891220093,1,40
7333af45f987aed199da0aed5dd59fd6,0,0.5620294809341431,1,40
734c7dc48a16c5a16188bd0ec7d05fe9,0,0.6987751126289368,1,40
735ea124180d108f676db6adb5b1ba98,1,0.8132286667823792,1,40
73899609bfb60b2fd74a699b2e5add8c,0,0.13243216276168823,0,40
739077a7a2add5c87ca97bda44c8bb95,0,0.08982483297586441,0,40
739933ba1ccf7631b311a2030dc76f8e,1,0.4592961072921753,0,41
73a47bff27e977dc25c0b2cd4a470eea,0,0.2837972044944763,0,41
73b9dabe01f791147d0da48d4c6b6bb8,0,0.08814545720815659,0,41
73dba107969801cde6ff7bfe518274b2,0,0.28177958726882935,0,41
73eeafd1126ebf01dab13840d0b9a97b,1,0.6113806366920471,1,41
743ba45b288dad1b64c80f525226df65,0,0.0524316169321537,0,41
7441457f4e2b2eba4682470448f256c1,0,0.2564619481563568,0,41
74529936ae10f51ecfb193b3f504fb50,0,0.3533295691013336,0,41
7468f45287e2ad4f1375f721fbe92202,1,0.2951068580150604,0,41
74897408dcbd69ef7c76cbbbbeb722d6,1,0.5744708180427551,1,41
74925ac400da8ead8dfa6a30de1e8f4d,0,0.20669132471084595,0,41
74a3a1f2bbeacbfe81b567713d01cc85,0,0.10704856365919113,0,41
74a889a192f72244c10e6d0c691b68e1,0,0.17205317318439484,0,41
74b23792db329cff5843e36efb8aa65a,0,0.1153772622346878,0,41
74e44965f52b614f4f200468b9594382,0,0.28696054220199585,0,41
751a2e7d04ad1296c7d0a9f9eabde0d8,0,0.3420674502849579,0,41
751fc253d84473e85a47a2826df12ce6,0,0.26886218786239624,0,41
75235499405464bc6746650e1bcfaacf,0,0.20170974731445312,0,41
754b90e60a89d03d18dbf9b30cce6eec,1,0.2581867575645447,0,41
754d373b98400f931d1070778c25e2d2,1,0.7315423488616943,1,41
7550347fa2bb96c2354a3716dfa3a69c,0,0.30861008167266846,0,41
7565b2f86dadd6aca63ab9d6a285d53d,0,0.09289902448654175,0,41
759d70b78eb5f4f47bd4eaf9f4dbb425,1,0.4373149573802948,0,41
75a7dfbae7c14ee40ab1048210734dd3,0,0.18877843022346497,0,41
75c2894e7a12b8f12d35b1c02ab383f6,0,0.15818990767002106,0,41
75dd4fb1cb781471b7f34b678b8dc547,0,0.21459579467773438,0,41
75ec71c3e8edd4291eb1bec543ca5855,1,0.6307117938995361,1,41
75ef4701bba51b04b002e82495d7fc6b,0,0.4494527280330658,0,41
76482dd89d7d8ea3650e9a0b8e01aba6,1,0.8600123524665833,1,41
766238ff8d88651dfb314bc9c70986f9,0,0.3326564133167267,0,41
768a10036282f67b6fbd8c51d4994897,1,0.8317763209342957,1,41
76a5bc377407669248eaf357b5a6aee3,1,0.7984651923179626,1,41
76b629665472409971a994e1700d2407,1,0.2909485101699829,0,42
76bb0ae099afc9ab5e218f55755a02ad,0,0.20254816114902496,0,42
76cee2dfef93ddd6caaa04a93ce1ea01,0,0.08313877135515213,0,42
76e1b5ea5308e49ae6b2081d559e938c,1,0.22817349433898926,0,42
76e2a34a8c79a83155d9e8aa66e72fed,0,0.29859989881515503,0,42
7707509ad13c3c9d41d2417ef8fecaa6,0,0.3240411579608917,0,42
773144bbf1ced7a17fb84cdcbf7e6504,0,0.5344096422195435,1,42
7742abe5bd817ba643d38fb517e35b24,1,0.7623909711837769,1,42
77479e09e740cfce8962e9e55963330e,0,0.19251278042793274,0,42
774a27811e9fea0a7551f17f0b00130c,1,0.12957321107387543,0,42
775aa6a334426b6dc282c61c48478a87,0,0.1606212705373764,0,42
775bc8eece1917406112f0f626e190d3,0,0.2686465084552765,0,42
777e5578741dea8a02a689fe907a4215,1,0.8027103543281555,1,42
778153803200347fa9e3573824d89e8f,0,0.18922275304794312,0,42
7788cdc2fe03ff147991981c80af67f6,0,0.47261786460876465,0,42
77b118b0bf092dec6b64f61d5a8c2b86,0,0.22249524295330048,0,42
77b20dccfcee611b676bbfa760f883d3,1,0.9269421696662903,1,42
77c48e5d1314b7a38a9af6b91b6636ee,0,0.1303180605173111,0,42
77c5a562bf2f2681dfdc1c17503061fe,0,0.09291073679924011,0,42
77c9f35a891f03a54eec650170e0a649,0,0.14662489295005798,0,42
77cfb1fd56137f340eccb2154c5b219c,0,0.18674559891223907,0,42
77de418d76da77b7e429227b83cd259f,0,0.24979929625988007,0,42
77fb399d095bb11d1344a1a114f59376,1,0.46521469950675964,0,42
77fb6e22acdafb6900fd7624feefd953,0,0.36539557576179504,0,42
7803162d59bc010353f64ffbaabc452f,0,0.5346633195877075,1,42
780f385ed80d16130dad48d823b1ee0f,0,0.11832477152347565,0,42
781b722e178a483b4781fbd148706b7d,1,0.5920882225036621,1,42
7824623176a69a914e31ec8769246ca0,0,0.1885346621274948,0,42
7849964d63a43175008dd8a127175e19,1,0.7390523552894592,1,42
785140281117595d1818b8133d43d3bc,0,0.30568692088127136,0,42
78528b631de407173ba09edd7b465e68,0,0.22675497829914093,0,42
7858eba2f50d6d515f3ccbbbe9020fa4,1,0.8022629022598267,1,42
7862687072c60da78260b61a00ddd256,0,0.3389282822608948,0,43
786fa2f1244ca842e96cc6afb0f28870,1,0.8743444085121155,1,43
787506d2456ea43f00689850f3a4e797,0,0.35294049978256226,0,43
7882ac9a9fa79ddd245f540d6f6e4af5,1,0.314474880695343,0,43
788c42c6b87bb62f1d5def6b0e7ca9da,0,0.2509686052799225,0,43
78920201559a84ae65d928a6167b73e8,1,0.9057618379592896,1,43
789cba61f30c4c087a6cd97def275aca,1,0.6948721408843994,1,43
78a65ae9e49e19db9eb86324f483fd67,0,0.36154672503471375,0,43
78b44b96b121d6075d7ae27135278e03,0,0.0862518772482872,0,43
78dd6b0489bee998af8fb581871942f4,1,0.6954846382141113,1,43
7902baf009b3169371fe1c3de95c3b99,0,0.2512424886226654,0,43
79054bd52e5f6ebcda94fdc54e2fada5,0,0.10165230929851532,0,43
7919e0bc92270c1acbd8b124aa5377ef,1,0.4895360767841339,0,43
79272925caa941829eb32e77a0262c3c,0,0.11879872530698776,0,43
7928b9dff786e3dc4951c30dd911ba2d,1,0.7491341829299927,1,43
793aa89237cb495f1b83dcc5a1434934,0,0.488772451877594,0,43
793e92503fb0cf3462a21406e3cb19a2,0,0.37073737382888794,0,43
79558608235e4a27758e516419f54bc2,0,0.44788575172424316,0,43
7989ee219436f5636916b09612055915,0,0.04994773119688034,0,43
79b547f424c97c52e714d6e808035787,0,0.32191985845565796,0,43
79b6946338c30268ead5a6253484f852,0,0.2864692509174347,0,43
79c75c4aed44b844eca14be58a9deb9f,1,0.7119399905204773,1,43
79d2a2619a836e33f35407b0bba32eca,0,0.40509477257728577,0,43
79dc479648b23db3616339b4a79011b8,0,0.09351903945207596,0,43
79dfadb515464474f984451c2dc2fc34,0,0.10456127673387527,0,43
79f184fea084f17c4e91a6cd2f0f91f7,0,0.34130582213401794,0,43
7a14d694617e5bc2aa937e16bbfd213c,0,0.08316610753536224,0,43
7a1b5a16dc4c8de5f96c282480bb02cd,1,0.49116334319114685,0,43
7a4af4d5b559ac1a4f9dd849c0aec107,0,0.5309183597564697,1,43
7a4e9f9b2fd1e2423d98dbaa316d199f,0,0.3941291868686676,0,43
7a5e63853f72b1cf6180e4d33aecbf93,0,0.21077844500541687,0,43
7a74f4e463b72f018838f26cf7aabdf2,1,0.1428721845149994,0,43
7a8b67a254b16ef9e2b863ba65f7e011,1,0.735215425491333,1,44
7a9a75ad8f406d7561aa2f0ef7000933,0,0.21978390216827393,0,44
7aa301c90a61603f9b5e2e05a88b4204,1,0.7111130356788635,1,44
7ac10f1986662a02a6448205578299c9,0,0.05377257615327835,0,44
7acd6422a97d08046db58687e5c4b2d1,1,0.7949793934822083,1,44
7af230c8f8329e6f69996ab7ebfc97aa,1,0.5897688269615173,1,44
7b29ce6b9a2822aadc7ef891bd2ee88b,0,0.19658946990966797,0,44
7b377cc85094e39b186b83c181b17642,1,0.531570553779602,1,44
7b45d75262ca16f5bb6b4d05bc9ff151,0,0.5007644891738892,1,44
7b45ef51255aae696c5e6ee47ab2c631,1,0.6909167170524597,1,44
7b579c49ced6cef817e42812d6b78f1b,0,0.08783240616321564,0,44
7b60d69158c11381cad26574b327c723,0,0.18215641379356384,0,44
7b821bff27b2f1508035d5d50a16cbcf,1,0.772590160369873,1,44
7b90ce31f08d1207a851a97626ccbea0,0,0.1305415779352188,0,44
7b9e39af7921e086e5904755d5535b31,0,0.30486562848091125,0,44
7bab78cfe1dc3376741a24ac708d75be,1,0.7895747423171997,1,44
7bbef01d8c97746a9cf656bc9748bee2,0,0.15940511226654053,0,44
7bc161c0c2403c7724f4fcbe41b0d322,1,0.8682070374488831,1,44
7bca1be5f1f3c14c49be003896da9b27,1,0.265992134809494,0,44
7bd7de8ab22bc204acdede9af49eb354,0,0.18292027711868286,0,44
7befd6661fd921f67f8d9cb84f98868f,0,0.1125691756606102,0,44
7bf0f93d42efd25936029bd1082d88a2,1,0.7335798144340515,1,44
7bf93eba889e845d016704b49103f283,1,0.9156778454780579,1,44
7c010308edc7a272bb8c67dc6024d989,0,0.1134372353553772,0,44
7c0e3ff480b02e9e709884f7f0e17864,0,0.3701213598251343,0,44
7c56886a38be164d138314b50e7a20a3,0,0.5095516443252563,1,44
7cb9202d9a00b7bbab241e5870d56de2,0,0.2580648958683014,0,44
7cb9c95b8dea0469ced903df944b2b58,0,0.09582836925983429,0,44
7ce84780a2d602c08c800ff2e769514c,0,0.7090078592300415,1,44
7d1370ec3e5406ad436adf55a3bcf6f4,0,0.33548110723495483,0,44
7d67ef151eaba48db4c8a4ea60d0c670,0,0.14750657975673676,0,44
7d6d84f1373f54e8b4a7c72e4b0be842,0,0.24654521048069,0,44
7d9e13dac6ed48dbd0577c3c65b214eb,0,0.2519415020942688,0,45
7daad4dedca1737fe750c7ce8df6fa88,0,0.49333736300468445,0,45
7db8d2571612fa51c3fea231524803cc,0,0.17628507316112518,0,45
7dcb78885da74ebf4adb54042bd23d5b,0,0.2350863218307495,0,45
7dd7cdbd80b2580c8c031d6d863a4b2c,1,0.3291293680667877,0,45
7ddcf554c85d4a2bfc3803d448247e8f,0,0.14004050195217133,0,45
7e090684cddb682dd8d56ad47b20a89d,1,0.6740701794624329,1,45
7e198e152ead58293763b80301b53ea7,0,0.2908915877342224,0,45
7e3f715d72ac1d6f114d973493d7b26c,0,0.09488111734390259,0,45
7e406876f2125c3be2c61f32965384c4,0,0.29800447821617126,0,45
7e5b17cc5c955fc4f8e9a626ab69295e,1,0.4698058068752289,0,45
7e5d928dcce24b3553e87d501a263b33,1,0.8257737755775452,1,45
7e6998dc71a747ce227b50463c4e79b4,1,0.8010155558586121,1,45
7e8d4dedd33473b5b4b247b9301d0bd7,0,0.18764524161815643,0,45
7ea00a8beb600a6de0cf70cc166b0b5c,1,0.819474995136261,1,45
7eab979ca2f6044cb662b86b414dac67,0,0.6867605447769165,1,45
7f15c433dbc249a491b86b27e5a6c180,1,0.29541394114494324,0,45
7f1a8fc7aa0e045c3da67f710bbb0006,0,0.030708611011505127,0,45
7f48ff3a2eeb49be6ab8de17ffbd97b6,0,0.05321353301405907,0,45
7f5503caa936a623b4388fbd88e890c5,0,0.5139256715774536,1,45
7f6b660751fb873941366907f14d16d3,1,0.4455536901950836,0,45
7f710543e44f0c12db0ecda25a727602,0,0.2842974066734314,0,45
7f941b941253b7e3e6d14b5b472cd109,0,0.27820515632629395,0,45
7ffbfdf7d18e416baa1e663bc0bb022c,0,0.4517657160758972,0,45
800ba8f1fac83f75a00762f415780e9f,0,0.27148833870887756,0,45
800f63115427cc92aeed7046fd6028a2,1,0.23196493089199066,0,45
801877d4b0ea3c93d4a926091916eebe,0,0.19013124704360962,0,45
802ee38a7da17f26985c121f68bb9d26,0,0.6042882800102234,1,45
8058546ca8e9113170abd89d0009b58e,1,0.5930832624435425,1,45
805adafed138091a3781447c33e1a600,0,0.2441691756248474,0,45
806771c21d67c39c6b251a8ef624b04b,0,0.2798778712749481,0,45
8071111321da026443f7b87a0b41b089,0,0.7387040257453918,1,45
80820dadb9d227da10376b7de5dc8e4d,0,0.44639328122138977,0,46
808b71dc92d1c05ff78bbe98894c7b1a,1,0.3640088737010956,0,46
80a409944c5ca4ecd39a7af44592d392,0,0.24635037779808044,0,46
80ad748edd617396cc973d20b4e481fb,0,0.04751402512192726,0,46
80bc7a1af89f2b8b60ed33c83ae8ed5d,0,0.19279414415359497,0,46
80c68d62bf257cb6e0ab4f99b907d846,0,0.20311684906482697,0,46
80dc592ace52d1e591f23042125f3aba,0,0.34537819027900696,0,46
80e46bd152ba3cc5a6e63683a0923ac1,1,0.8373755216598511,1,46
80f3da71b6af9134388dee22f0d386d9,0,0.28374403715133667,0,46
81197e05ed18bedd54749a955c2f88d4,1,0.2782692015171051,0,46
81228a9f8fca8710e0f6f9aedf9bd667,0,0.13975241780281067,0,46
818a1e7fcce109b3640d73dcf9ae74da,0,0.1311744600534439,0,46
81a4366baeebb4b90a33aa5b9cb99220,1,0.47585952281951904,0,46
81a5542dd5a975bc98bf9ea8fe6239b1,0,0.27766069769859314,0,46
81fd659ccf1dc3e815032762154a41fc,0,0.5718045830726624,1,46
8230f568c1e47476de038b0faa3867f2,1,0.28550419211387634,0,46
8234fae0532b776d3ec872a46d34a68c,1,0.5241313576698303,1,46
823c23eae7b2fdf7f2694b8417f961b5,1,0.412713885307312,0,46
82913cf4e449decbc5195cffc2422b4d,1,0.8403856158256531,1,46
82a05fbda7ecdf80c82d6392b4fcb309,1,0.7428788542747498,1,46
82cb7ac2b8ad46f2be437a640d6744f5,1,0.4280381202697754,0,46
82e41a990090318996b32addee7ed8af,0,0.571749210357666,1,46
82f038aeccacf2b62fe9cd3fdc1776e8,1,0.7251627445220947,1,46
831d7c9c5ba5b96a73c71e5e2adb9c0f,1,0.4374488890171051,0,46
833920cee0073b2295b713e8e99a1183,0,0.137252539396286,0,46
833acf5a6565b4457b597d8c79debc51,0,0.12260233610868454,0,46
833c4ee4ef52adb663076af69efe3c22,0,0.11217828840017319,0,46
83918012739ab2906d692171f66a4dcc,1,0.721249520778656,1,46
83a4f5f3b182b887bceba354c8721161,0,0.1561317890882492,0,46
83a70a189e968329c4d30f1866c689a3,0,0.5740914940834045,1,46
83c6b5dc4e05ffc8df10c81110c43e24,1,0.17670245468616486,0,46
83caa8a85e03606cf57e49147d7ac569,1,0.4531073272228241,0,46
83de33a22bd34496e5a48e703757f955,0,0.2650258541107178,0,47
8408eea460f0a9a2f9aec40da98917cb,0,0.1804988980293274,0,47
841f26fd47640f87331ff714df4d2791,0,0.2841825783252716,0,47
84249d25eb5f4964a316e60d53f71544,0,0.46467167139053345,0,47
843abeeb7966e7a52cf66352bbdb9edf,0,0.2621452510356903,0,47
8441d98d5b146a30546686ea74f22cb8,0,0.07538200914859772,0,47
844c43d38ba987837ba7d59a2b0c2436,1,0.8281340003013611,1,47
844c74ccfd247080704e9118a2ef5ee6,0,0.25902995467185974,0,47
844e0124406c3b8ede871974d4df8fc9,0,0.1033296212553978,0,47
84564d34f32254f20e49bcb6ab603421,0,0.23851598799228668,0,47
847743152f064b66922857b03babd9b4,0,0.14867624640464783,0,47
84ab46d62cc73aa48c4c219074638067,1,0.6877800226211548,1,47
84c632197eb00d0bf42931649cf26a84,0,0.09420361369848251,0,47
84d97a74cb6d007c8b4370c07920137c,0,0.31959155201911926,0,47
851111c0d1373209b9cff31baf15dbe2,1,0.9131494164466858,1,47
852323f1b1d59921ce43fbb0ce7778ef,1,0.8936877250671387,1,47
8523b847bfffd922ccc8748667cb4a6b,1,0.10229423642158508,0,47
8545aad85354b8db7d5ce731a985a5dd,0,0.21101568639278412,0,47
85718436181b19f2d96683adba71e0fb,1,0.40655630826950073,0,47
859b2897036f5ebf281996b5c3ed5571,0,0.11492080241441727,0,47
85bda836908ce9aa420b408de60d12b9,0,0.43056267499923706,0,47
85c79168f44971d4ed1a4ceb92f52782,0,0.19765318930149078,0,47
85cfce301b95db7beeaeeee8d9b44b31,0,0.46231022477149963,0,47
85e3f349aa7ffca50350583c0e872b3e,0,0.29848966002464294,0,47
85ffcfa2cb02025abd57e2ed21ec4aa2,1,0.5351781845092773,1,47
860d962f6bcb589691efe5911ef2c415,0,0.32794445753097534,0,47
8622b8fb70af2568eb36fe1e9bf944df,0,0.11270902305841446,0,47
865f04d531a2cea8ae54bea8419a143b,0,0.3729604482650757,0,47
8665a7a54f95442fbf721f9865fd2215,0,0.20886337757110596,0,47
8673c57e2f920c8bb15d3c8a062ee2a2,0,0.18657299876213074,0,47
867fdc610019d6500f0d02205491d6b3,0,0.10917346924543381,0,47
86a162a046aa05913ec0ea15a37bf6ec,0,0.5754982829093933,1,47
86b6e82323a0bc62ea29acad47cb8b4b,1,0.43436652421951294,0,48
86c250394507375a62f41b8178cee56b,0,0.6373556852340698,1,48
86d44d9e44347855ffc41410e213f3fc,0,0.2507045567035675,0,48
86f163288f42611c975cbc28990cadd3,0,0.6710919737815857,1,48
86f879c042c8a2860eb6f3177d374998,0,0.2803744971752167,0,48
86f8a2d7a8ea7bc8f1d9410b1434ffca,1,0.3878669738769531,0,48
86fa4d1e5cc255212325d29ff77600fe,1,0.3454974591732025,0,48
8704b3b6daca3fa2a42630a22b6ded1a,0,0.2728399336338043,0,48
870de757427d966a02d162ae502f6563,1,0.7852999567985535,1,48
8718fb6c453339e5db252d14328d8ae9,0,0.15770655870437622,0,48
871a0f6c5f88473af86d1ceab436a040,0,0.6309930086135864,1,48
871e8ae9dc52f1fd45a7cd3068c71d2e,1,0.5241000056266785,1,48
8738f1843ea1425fdb36e2b0fac23626,1,0.5643084645271301,1,48
874ac8cb7b030ee4356d0b1bf54f3bd6,1,0.27927926182746887,0,48
87763a0a0edd30e68ff86a100878c3be,0,0.1645144522190094,0,48
878e449975ff3b3fe915c976e7b8349e,1,0.5856342911720276,1,48
879749b06c2dd7de7a76887d7f3dc506,1,0.8116552233695984,1,48
879e183709977d43bd02d4e51ef325b4,0,0.1866692751646042,0,48
879ec35e876a8aa2ca445cc465da8322,0,0.20266994833946228,0,48
87a17e0680f0324fb5e39c610ec1eabc,0,0.49469193816185,0,48
87aa2198c942403312bb79486a068fec,1,0.5251204967498779,1,48
87d52b0c51edffcdd87793fe348aed71,0,0.19902077317237854,0,48
88026d37fe4202ab073fa838da4fa438,0,0.21947728097438812,0,48
880331cec567a33bdfa422b8cae7f77c,0,0.40231552720069885,0,48
880b327f38330a6d6f8ecd18678ab1eb,0,0.2077079862356186,0,48
88225a0655ff2e979a4901a74d206118,0,0.10547874122858047,0,48
8833925206c256a23d191bf9e976a37c,0,0.03907664492726326,0,48
884f2b574d9600dd52f4a04c9aa3a230,1,0.41604897379875183,0,48
88555f70eddbd1b7f5153f78c180a3f3,1,0.8828439116477966,1,48
885cb27d4cf51dc3aa6fa71b3aff08d8,1,0.8668749928474426,1,48
8861966283668b026211d4789e556e32,0,0.46150264143943787,0,48
887371388c9802ebf6e18d617d1c9ead,0,0.08504025638103485,0,48
889347926c284c6c61234b357153d327,1,0.658105194568634,1,49
889c383884d98ca6c0f3ef7e5c988f47,0,0.21272514760494232,0,49
88b95ee8ca5cf416d2d4eefe6fdda544,0,0.3495238125324249,0,49
88c170fc29bb285ec48a809de2d206cd,1,0.21690131723880768,0,49
88cd5c503ff4f6309fd2b7b38ac71788,0,0.35512807965278625,0,49
88d2ce200de6d068f75bd22fe9c9ff99,0,0.48206135630607605,0,49
88e1a8afc53c842ef8b8f8d6a3aed32b,1,0.8190433979034424,1,49
89026693453e72d07cdccd6a98999fd5,0,0.28571057319641113,0,49
8915d3a6c700fd26eddb5c5d7f67571c,0,0.17837339639663696,0,49
89712ddf9e0bcf39f38d7fb0c174b316,1,0.18175595998764038,0,49
897bb7685ab7e0b33ffd63d8a8c602af,1,0.8031949400901794,1,49
897c9283fc1e7c7c9c27db654aec8d73,0,0.2481003701686859,0,49
898f3a2c28f2267652a51a0163da0a19,0,0.23284628987312317,0,49
899071c789c858f5f18e7bb8cc01e9d8,0,0.0645347610116005,0,49
8997b6c26e44ce628e1eb711d11823fc,1,0.237891286611557,0,49
89d69479402c09787ae6663d2536a200,0,0.035686541348695755,0,49
89ed046a7e6ea0bf90a90d41c93838fa,0,0.3170764744281769,0,49
89f04f147e058dd9899c3868fc135e4f,0,0.2738134562969208,0,49
89f132e2e7c2ba998aca172c2ac942b6,0,0.34922823309898376,0,49
89f9bf838081221588361f1da1e9a81a,0,0.22095489501953125,0,49
89fe3306458a22b4872928854c8d7a93,0,0.5099544525146484,1,49
8a03b8aacb12ad5740f7d6d236631937,1,0.2121773213148117,0,49
8a0914af872a03770cd65e63ac220504,0,0.4268943965435028,0,49
8a135433be4f3db4c84dd0c17fd49bd5,1,0.8514790534973145,1,49
8a1b171f8f5fff7acafec5dcb11b67da,0,0.24115672707557678,0,49
8a21e0bb68cd729b2108a80faf955b7d,0,0.37053772807121277,0,49
8a28453b44f960e96195ef63a19eef4d,1,0.737762987613678,1,49
8a4ebdea1fd73168d73755a4335b6ac6,0,0.17715053260326385,0,49
8a56a454dfea716a4d249144054974c1,1,0.7018246054649353,1,49
8ae22bee34bbc561f7ce751a893a2715,1,0.43227702379226685,0,49
8b0d1968a2f5c7d6f4fd31b9b6fa37d0,1,0.3299502432346344,0,49
8b1be486cd3aa270873ee8bce40084a0,1,0.44334298372268677,0,49
8b20c3eebf97ebe4a939ec16f1be2ccf,0,0.44455307722091675,0,50
8b367525fe691a088991bf7ceb7b0ba9,0,0.4931182563304901,0,50
8b44752d98acbc233b093260c0f2061d,0,0.08804153650999069,0,50
8b783188befa28d99bbf268a7f30bf0c,0,0.35187405347824097,0,50
8b80c6d513fcc465dee24402e8431bd3,0,0.13598008453845978,0,50
8b83b4587641993e3b01daa61e207ba9,0,0.19830475747585297,0,50
8b92de834e67f5a072af66d59aacc825,1,0.7930439710617065,1,50
8b9c9d55bd03bf92f252c764bdc05bcf,0,0.14086845517158508,0,50
8b9ea72de468504f3dbc3fc711f905a3,0,0.15093889832496643,0,50
8bb8636f45e172949bb99b3d5dd715fd,0,0.2676338851451874,0,50
8bdba2010a4775f16a711feab58b8c1c,0,0.1878547966480255,0,50
8bf191972855f263e27d2239d753e622,1,0.6255404353141785,1,50
8bfad13f75648d94cdc8fc5f988f701f,1,0.5733360648155212,1,50
8c199df8b4209bac0e289a8fc63f46fc,1,0.8465038537979126,1,50
8c1da0c0eb67a8b7bb7cfac84ecb1cc9,0,0.3408680260181427,0,50
8c40cb4ad9be5f24327c1b188f14b81b,0,0.36776402592658997,0,50
8c5f21ee2a5e13f48eddb5877084a11f,0,0.4832884669303894,0,50
8c6139a7a9ea206b16b3a0d330ad6c02,0,0.1231086254119873,0,50
8c6c6d7609f644dea5044ac56725cf3a,0,0.1160167008638382,0,50
8c7341b62afed8980c0cfa1659909be3,1,0.6748365759849548,1,50
8ca35bde756454ae2789f75ad12dfa1a,0,0.3262516260147095,0,50
8cdb33b248a22754d1c2d8b409695a23,0,0.30751702189445496,0,50
8d14c321b87595be89926a9b5219150b,0,0.5051823258399963,1,50
8d1cee8994769d8a74512426fb45cd98,0,0.10593727231025696,0,50
8d320a31edbc7f28ea0e329c5a91c55c,1,0.34485819935798645,0,50
8d53f1f5d327b1e1642bdb63d697c4fe,1,0.8812157511711121,1,50
8d598771f57b55e64a2ecd048ac42194,0,0.09030238538980484,0,50
8d612aaeaf1b5a01971cbdba49b37fdb,1,0.8253499865531921,1,50
8d677aa2749132774b4bb1400351e097,0,0.23506169021129608,0,50
8d87354fed4d79fe6e33267600d66adf,0,0.34151968359947205,0,50
8d8830c35ca3c9b01c3dd33eb4fabc00,1,0.890349805355072,1,50
8d92d5da9bcba061cf36ee0a6c4d5d45,0,0.044437605887651443,0,50
8db4cbed642a41074ac5acdb0be452e4,0,0.3141493499279022,0,51
8db986c7dad6ac1f5b3bcbf23b358d63,0,0.33835554122924805,0,51
8de301615cf3fca4c747a87d9b9505c1,1,0.41366156935691833,0,51
8dec5497ecc246766acfba5a4be4e619,0,0.12144147604703903,0,51
8e3d51015dcc574507110141019bc77a,1,0.6788018941879272,1,51
8e45289dba71354bafe44794b7d60d2c,0,0.09671379625797272,0,51
8e6dca156b7d89a13ab8849b30bf511f,0,0.3094213008880615,0,51
8e9dbebe9681191780dd66779a27a663,0,0.6563507914543152,1,51
8ea15d8dffaccc803d343596092354b5,1,0.8198692798614502,1,51
8eac0d67c1763bf49cff773d0acce819,0,0.16105681657791138,0,51
8ecee848dad45a30b6a0f80f6524a3cd,1,0.3322598338127136,0,51
8edb79319d71c1813e91d049d466e237,1,0.7414155006408691,1,51
8ee3612f9072477512f638498c50d788,0,0.3114981949329376,0,51
8eea7c2445255538d0785405b6832ff9,1,0.8269070386886597,1,51
8f0e9a83c1e26189ede1bd22fd751ead,0,0.11003456264734268,0,51
8f21e046be34b9fd8fe5a3f6bff1b139,0,0.4356340765953064,0,51
8f4074350997e3cac1a8714363ce4069,0,0.09537593275308609,0,51
8f83a4da5d18bff5a21d5caaef7d38ae,1,0.2817176878452301,0,51
8f87062bcd359f1d6ba0c6ab4e1ce2aa,0,0.2943923771381378,0,51
8f90c2f3fa222eac7b59911267d00322,0,0.14184461534023285,0,51
8fa99ab9d23eba8869ed9acd6429a0d5,0,0.2305377572774887,0,51
8fc6580091f8d24be3dbd700d4630833,0,0.20604342222213745,0,51
8fc78cbddaaed14a33267a0b3e4094e3,0,0.4113216996192932,0,51
900b1f760a359497ccf2a17d08413357,0,0.14070960879325867,0,51
9021a7769e065e341d0893fac8250f2f,1,0.46313679218292236,0,51
902475b417c3d15c12706001292aa02e,0,0.3249885141849518,0,51
90298b04a0c568ee2144c3431711b30e,1,0.7471899390220642,1,51
9045dfc3d4a724a051e85b331af35116,1,0.7861167192459106,1,51
9046a6b2fb904a20e144f9c26ac86ea7,0,0.6215113401412964,1,51
904c597a439d56ab663e0b5cc5422924,0,0.05472380667924881,0,51
9055b296acf42185d29edd60dfdc6c50,1,0.647849977016449,1,51
9060abafbf20514eb23dacaec98e5001,0,0.31497499346733093,0,51
90a2ee123827454effd1632e5a0d2214,0,0.3490874171257019,0,52
90fcb945ce4bd77f9d7eb0cf3b7c0c75,0,0.6783506274223328,1,52
90ff0f6edbdb16fdeeaf3a8471f576ff,0,0.30906128883361816,0,52
9105b96b6fdcb0dc599dc279b23c524e,1,0.5975345373153687,1,52
91123b24b8a4c289820bbb2dc6dabdfe,1,0.2557413876056671,0,52
9112756a7e8b3ae899c07ee78f42ba65,1,0.5862007737159729,1,52
91283908618845879937985817083c93,0,0.4175114333629608,0,52
912a20a92e3eec09b59aad46c4451241,0,0.1995568424463272,0,52
915e148ea37918f74554937db82e0bef,1,0.9181813597679138,1,52
91666dfbe7cae907ee17c02084290e4b,1,0.7419713139533997,1,52
9166a14e1c348730c4f6a58b91cab35b,0,0.3101079761981964,0,52
919ae0be4914f8ab1309afd084b552f9,0,0.1643950194120407,0,52
91a0ba6661f1216e3e0efa1da5085927,0,0.6180680990219116,1,52
91a8f0bfbcfa86f399c6a1175ce78b48,0,0.3701346218585968,0,52
91c465dad262c2d07cc9d98ebd3126cf,0,0.6036909818649292,1,52
91fe3b729dcb9a1fe5ddc310893fd339,1,0.4917886257171631,0,52
920798732c5a28ac4c00a8cf4a49e3ac,0,0.19978098571300507,0,52
920adb61fe4f2cad8c72b874d2f06653,0,0.16989225149154663,0,52
920b51a079a6918a500745fd5dcc1c03,0,0.0888371393084526,0,52
921ae3e2888fcc1250129a6e8e585350,0,0.23279955983161926,0,52
921d2a094965fd081bc7d0d9ac6354b2,0,0.3007254898548126,0,52
9221b0d7c0029ef3ac6e12f5aa330fa6,0,0.3601548969745636,0,52
923555428f4043c4b5eac18d242021a7,0,0.27447906136512756,0,52
923e8cd400a4e914b50f3ee0ee7297e3,0,0.08570738881826401,0,52
925d945d9d6cf5d0f8bb294e8c68fdbc,0,0.14663612842559814,0,52
9261a4818a8933262ea1b9b9bebd2b4d,0,0.29187050461769104,0,52
9262bfe5dc41410f1725ebdd26a22334,1,0.3937958776950836,0,52
926787394c8df63b1da0a1cadf1063ee,0,0.2474934458732605,0,52
926f386ea35e891d7bfbcf9cab111866,0,0.19830279052257538,0,52
9276f93cb5f5b511b7ad3caf71c45f10,0,0.04230603203177452,0,52
92a7c4fdc48bc4b5567b292cb57a201d,0,0.6753734946250916,1,52
92b86dc30366b13fa742c386fb146594,0,0.10020840913057327,0,52
92e71098a8b0f7e30097a649588a26de,1,0.7468119859695435,1,53
92e85f2d1d6ad5ebe0385ebb1a7868c2,1,0.561555802822113,1,53
92fa602b722ed0b664edb0b7ef6efc6e,0,0.06928239017724991,0,53
9312eef59a2ec95acb7e39d0508d89cc,1,0.40842610597610474,0,53
931dc77300612101a84eff6070ca270a,1,0.4107884466648102,0,53
93239daad566dbc55904c90e6f74a8f4,0,0.2048664391040802,0,53
933a7e742b3bda1d1e345dd123b5f46a,1,0.7673918604850769,1,53
934e2731a86f3a6d750f7f7d9eaea85c,1,0.8700182437896729,1,53
937a353dd57519c0757ce2da3ae2bdc2,1,0.4306555688381195,0,53
93c4edb47311463feddf87a0ea36f128,0,0.1270056813955307,0,53
93cdc1245a32efee2b5ec92abe175e8b,0,0.3123777210712433,0,53
940635db4ae037a40c8a95a81de062d6,1,0.35576102137565613,0,53
9408e65cccb846a922ba24c1482d1f4e,0,0.08818183839321136,0,53
941dc59889449949de70d0b3a545939c,1,0.3130800724029541,0,53
945654132299ed39a4001917a63442b5,0,0.1496092975139618,0,53
94568a546be103177cb582d3e91cd2d8,0,0.14346133172512054,0,53
945e911b21f8a7a61e1828b1b96e9b57,0,0.24898135662078857,0,53
9466f15cf32369021196e4a474d6864e,0,0.234283447265625,0,53
94699ec9440ff2d98c16238825994312,0,0.3325769007205963,0,53
94991be117227a4da154ae9d49583695,1,0.4620308578014374,0,53
94b4487a6f96741da2745343df491908,0,0.19301368296146393,0,53
950259de679bcbb923e69129ef6640d5,0,0.5737353563308716,1,53
950f7420fe9cb8a960a5c3ca47c35748,0,0.4053688943386078,0,53
95108d231a9fd10ed3d5594c3e7f41e1,1,0.15915413200855255,0,53
95202c6e6cf656274adf379f419ab244,0,0.15021732449531555,0,53
953e9c48167874db643fd1dc010605c1,0,0.22141563892364502,0,53
9575166c507d7862f5924bc606eb6c1d,0,0.1220242977142334,0,53
958a4c63f5e4151e78a7a3684eb4616f,1,0.8300252556800842,1,53
95c1cb84d859b7ef18e61b5e2d052bb5,0,0.6141597032546997,1,53
95c7dd4307b9ab126fe347ba6e57dd7e,0,0.32924884557724,0,53
95eb9d1e5697e1c665253e05dcf5a464,0,0.12332482635974884,0,53
96171d4df35e0bb38fd6df7e7b6f35e9,1,0.7195406556129456,1,53
96601ac112a5e37c51dabe61bf063a8e,0,0.27968961000442505,0,54
967a55293ed97ec1447c0da5162a430e,0,0.4504069983959198,0,54
967cc2106c325f85a5447798328f5d33,0,0.6165714263916016,1,54
968735441bd2c77d7cfcf4d504b1fd5b,0,0.2705947756767273,0,54
968a90b80ec6b68aae9703ff30509acc,0,0.06121322885155678,0,54
969570a649d3d7f430dd2e4ec11b7bc4,0,0.32422488927841187,0,54
96b106d836d2b4f16362d3a1d1f767a5,1,0.6816627979278564,1,54
96ccdf8a8c6680b235e532b179a89285,0,0.15360552072525024,0,54
96d1504f104b0b4ad88de4a50d413197,0,0.18265686929225922,0,54
96d4d2d2fff41438e38075881b7b0d58,0,0.2755664587020874,0,54
973b316bee7e6ccda97c07d096008fea,0,0.26835501194000244,0,54
97c27cc1254725212a62ca9af162d54d,0,0.41155868768692017,0,54
